=== \ ===
[chain]
max_problems=1000
timestamp=2026-03-27_2020
eval_wandb_project=nanochat-eval
eval_wandb_run_prefix=d24_r32_lora_maxoom_2026-03-27_2007_s2048_gc_confirm_s500
skip_pass1=0
skip_pass8=0
skip_mmlu=0
skip_spelling=0
logs:
  pass1: /home/sun0115/nanochat-learn/notes/d24_r32_lora_maxoom_2026-03-27_2007_
s2048_gc_best_s500_gsm8k_pass1_1000_2026-03-27_2020.log
  pass8: /home/sun0115/nanochat-learn/notes/d24_r32_lora_maxoom_2026-03-27_2007_
s2048_gc_best_s500_gsm8k_pass8_1000_2026-03-27_2020.log
  mmlu: /home/sun0115/nanochat-learn/notes/d24_r32_lora_maxoom_2026-03-27_2007_s
2048_gc_best_s500_mmlu_1000_2026-03-27_2020.log
  spellingbee: /home/sun0115/nanochat-learn/notes/d24_r32_lora_maxoom_2026-03-27
_2007_s2048_gc_best_s500_spellingbee_1000_2026-03-27_2020.log

2026-03-27 20:20:16,025 - nanochat.common - INFO - Distributed world size: 1
wandb: [wandb.login()] Loaded credentials for https://api.wandb.ai from /home/su
n0115/.netrc.
wandb: Currently logged in as: sunshines (sunshines-gmail-com) to https://api.wa
ndb.ai. Use `wandb login --relogin` to force relogin
wandb: setting up run qaqmxmqa
wandb: Tracking run with wandb version 0.24.2
wandb: Run data is saved locally in /home/sun0115/nanochat-learn/nanochat/wandb/
run-20260327_202016-qaqmxmqa
wandb: Run `wandb offline` to turn off syncing.
wandb: Syncing run d24_r32_lora_maxoom_2026-03-27_2007_s2048_gc_confirm_s500_gsm
8k_pass8
wandb: ⭐️ View project at https://wandb.ai/sunshines-gmail-com/nanochat-eval
wandb: 🚀 View run at https://wandb.ai/sunshines-gmail-com/nanochat-eval/runs/qa
qmxmqa
2026-03-27 20:20:17,533 - nanochat.checkpoint_manager - INFO - Loading model fro
m /home/sun0115/.cache/nanochat/chatsft_checkpoints/d24_r32_lora_maxoom_2026-03-
27_2007_s2048_gc/best with step 500
2026-03-27 20:20:18,499 - nanochat.checkpoint_manager - INFO - Building model wi
th config: {'sequence_len': 2048, 'vocab_size': 32768, 'n_layer': 24, 'n_head':
9, 'n_kv_head': 9, 'n_embd': 1152, 'window_pattern': 'L'}
Rank 0 | 0/167 (0.00%)

[autopilot]





















[gpu]
NVIDIA GeForce RTX 4070, 38 %, 8099 MiB, 12282 MiB

=== 2026-03-27 21:02:56 ===
[chain]
max_problems=1000
timestamp=2026-03-27_2020
eval_wandb_project=nanochat-eval
eval_wandb_run_prefix=d24_r32_lora_maxoom_2026-03-27_2007_s2048_gc_confirm_s500
skip_pass1=0
skip_pass8=0
skip_mmlu=0
skip_spelling=0
logs:
  pass1: /home/sun0115/nanochat-learn/notes/d24_r32_lora_maxoom_2026-03-27_2007_
s2048_gc_best_s500_gsm8k_pass1_1000_2026-03-27_2020.log
  pass8: /home/sun0115/nanochat-learn/notes/d24_r32_lora_maxoom_2026-03-27_2007_
s2048_gc_best_s500_gsm8k_pass8_1000_2026-03-27_2020.log
  mmlu: /home/sun0115/nanochat-learn/notes/d24_r32_lora_maxoom_2026-03-27_2007_s
2048_gc_best_s500_mmlu_1000_2026-03-27_2020.log
  spellingbee: /home/sun0115/nanochat-learn/notes/d24_r32_lora_maxoom_2026-03-27
_2007_s2048_gc_best_s500_spellingbee_1000_2026-03-27_2020.log

2026-03-27 20:20:16,025 - nanochat.common - INFO - Distributed world size: 1
wandb: [wandb.login()] Loaded credentials for https://api.wandb.ai from /home/su
n0115/.netrc.
wandb: Currently logged in as: sunshines (sunshines-gmail-com) to https://api.wa
ndb.ai. Use `wandb login --relogin` to force relogin
wandb: setting up run qaqmxmqa
wandb: Tracking run with wandb version 0.24.2
wandb: Run data is saved locally in /home/sun0115/nanochat-learn/nanochat/wandb/
run-20260327_202016-qaqmxmqa
wandb: Run `wandb offline` to turn off syncing.
wandb: Syncing run d24_r32_lora_maxoom_2026-03-27_2007_s2048_gc_confirm_s500_gsm
8k_pass8
wandb: ⭐️ View project at https://wandb.ai/sunshines-gmail-com/nanochat-eval
wandb: 🚀 View run at https://wandb.ai/sunshines-gmail-com/nanochat-eval/runs/qa
qmxmqa
2026-03-27 20:20:17,533 - nanochat.checkpoint_manager - INFO - Loading model fro
m /home/sun0115/.cache/nanochat/chatsft_checkpoints/d24_r32_lora_maxoom_2026-03-
27_2007_s2048_gc/best with step 500
2026-03-27 20:20:18,499 - nanochat.checkpoint_manager - INFO - Building model wi
th config: {'sequence_len': 2048, 'vocab_size': 32768, 'n_layer': 24, 'n_head':
9, 'n_kv_head': 9, 'n_embd': 1152, 'window_pattern': 'L'}
Rank 0 | 0/169 (0.00%)

[autopilot]





















[gpu]
NVIDIA GeForce RTX 4070, 39 %, 8099 MiB, 12282 MiB

=== 2026-03-27 21:08:04 ===
[chain]
max_problems=1000
timestamp=2026-03-27_2020
eval_wandb_project=nanochat-eval
eval_wandb_run_prefix=d24_r32_lora_maxoom_2026-03-27_2007_s2048_gc_confirm_s500
skip_pass1=0
skip_pass8=0
skip_mmlu=0
skip_spelling=0
logs:
  pass1: /home/sun0115/nanochat-learn/notes/d24_r32_lora_maxoom_2026-03-27_2007_
s2048_gc_best_s500_gsm8k_pass1_1000_2026-03-27_2020.log
  pass8: /home/sun0115/nanochat-learn/notes/d24_r32_lora_maxoom_2026-03-27_2007_
s2048_gc_best_s500_gsm8k_pass8_1000_2026-03-27_2020.log
  mmlu: /home/sun0115/nanochat-learn/notes/d24_r32_lora_maxoom_2026-03-27_2007_s
2048_gc_best_s500_mmlu_1000_2026-03-27_2020.log
  spellingbee: /home/sun0115/nanochat-learn/notes/d24_r32_lora_maxoom_2026-03-27
_2007_s2048_gc_best_s500_spellingbee_1000_2026-03-27_2020.log

2026-03-27 20:20:16,025 - nanochat.common - INFO - Distributed world size: 1
wandb: [wandb.login()] Loaded credentials for https://api.wandb.ai from /home/su
n0115/.netrc.
wandb: Currently logged in as: sunshines (sunshines-gmail-com) to https://api.wa
ndb.ai. Use `wandb login --relogin` to force relogin
wandb: setting up run qaqmxmqa
wandb: Tracking run with wandb version 0.24.2
wandb: Run data is saved locally in /home/sun0115/nanochat-learn/nanochat/wandb/
run-20260327_202016-qaqmxmqa
wandb: Run `wandb offline` to turn off syncing.
wandb: Syncing run d24_r32_lora_maxoom_2026-03-27_2007_s2048_gc_confirm_s500_gsm
8k_pass8
wandb: ⭐️ View project at https://wandb.ai/sunshines-gmail-com/nanochat-eval
wandb: 🚀 View run at https://wandb.ai/sunshines-gmail-com/nanochat-eval/runs/qa
qmxmqa
2026-03-27 20:20:17,533 - nanochat.checkpoint_manager - INFO - Loading model fro
m /home/sun0115/.cache/nanochat/chatsft_checkpoints/d24_r32_lora_maxoom_2026-03-
27_2007_s2048_gc/best with step 500
2026-03-27 20:20:18,499 - nanochat.checkpoint_manager - INFO - Building model wi
th config: {'sequence_len': 2048, 'vocab_size': 32768, 'n_layer': 24, 'n_head':
9, 'n_kv_head': 9, 'n_embd': 1152, 'window_pattern': 'L'}
Rank 0 | 0/189 (0.00%)

[autopilot]





















[gpu]
NVIDIA GeForce RTX 4070, 47 %, 8099 MiB, 12282 MiB

=== 2026-03-27 21:13:13 ===
[chain]
max_problems=1000
timestamp=2026-03-27_2020
eval_wandb_project=nanochat-eval
eval_wandb_run_prefix=d24_r32_lora_maxoom_2026-03-27_2007_s2048_gc_confirm_s500
skip_pass1=0
skip_pass8=0
skip_mmlu=0
skip_spelling=0
logs:
  pass1: /home/sun0115/nanochat-learn/notes/d24_r32_lora_maxoom_2026-03-27_2007_
s2048_gc_best_s500_gsm8k_pass1_1000_2026-03-27_2020.log
  pass8: /home/sun0115/nanochat-learn/notes/d24_r32_lora_maxoom_2026-03-27_2007_
s2048_gc_best_s500_gsm8k_pass8_1000_2026-03-27_2020.log
  mmlu: /home/sun0115/nanochat-learn/notes/d24_r32_lora_maxoom_2026-03-27_2007_s
2048_gc_best_s500_mmlu_1000_2026-03-27_2020.log
  spellingbee: /home/sun0115/nanochat-learn/notes/d24_r32_lora_maxoom_2026-03-27
_2007_s2048_gc_best_s500_spellingbee_1000_2026-03-27_2020.log

2026-03-27 20:20:16,025 - nanochat.common - INFO - Distributed world size: 1
wandb: [wandb.login()] Loaded credentials for https://api.wandb.ai from /home/su
n0115/.netrc.
wandb: Currently logged in as: sunshines (sunshines-gmail-com) to https://api.wa
ndb.ai. Use `wandb login --relogin` to force relogin
wandb: setting up run qaqmxmqa
wandb: Tracking run with wandb version 0.24.2
wandb: Run data is saved locally in /home/sun0115/nanochat-learn/nanochat/wandb/
run-20260327_202016-qaqmxmqa
wandb: Run `wandb offline` to turn off syncing.
wandb: Syncing run d24_r32_lora_maxoom_2026-03-27_2007_s2048_gc_confirm_s500_gsm
8k_pass8
wandb: ⭐️ View project at https://wandb.ai/sunshines-gmail-com/nanochat-eval
wandb: 🚀 View run at https://wandb.ai/sunshines-gmail-com/nanochat-eval/runs/qa
qmxmqa
2026-03-27 20:20:17,533 - nanochat.checkpoint_manager - INFO - Loading model fro
m /home/sun0115/.cache/nanochat/chatsft_checkpoints/d24_r32_lora_maxoom_2026-03-
27_2007_s2048_gc/best with step 500
2026-03-27 20:20:18,499 - nanochat.checkpoint_manager - INFO - Building model wi
th config: {'sequence_len': 2048, 'vocab_size': 32768, 'n_layer': 24, 'n_head':
9, 'n_kv_head': 9, 'n_embd': 1152, 'window_pattern': 'L'}
Rank 0 | 0/210 (0.00%)

[autopilot]





















[gpu]
NVIDIA GeForce RTX 4070, 50 %, 8099 MiB, 12282 MiB

=== 2026-03-27 21:18:20 ===
[chain]
max_problems=1000
timestamp=2026-03-27_2020
eval_wandb_project=nanochat-eval
eval_wandb_run_prefix=d24_r32_lora_maxoom_2026-03-27_2007_s2048_gc_confirm_s500
skip_pass1=0
skip_pass8=0
skip_mmlu=0
skip_spelling=0
logs:
  pass1: /home/sun0115/nanochat-learn/notes/d24_r32_lora_maxoom_2026-03-27_2007_
s2048_gc_best_s500_gsm8k_pass1_1000_2026-03-27_2020.log
  pass8: /home/sun0115/nanochat-learn/notes/d24_r32_lora_maxoom_2026-03-27_2007_
s2048_gc_best_s500_gsm8k_pass8_1000_2026-03-27_2020.log
  mmlu: /home/sun0115/nanochat-learn/notes/d24_r32_lora_maxoom_2026-03-27_2007_s
2048_gc_best_s500_mmlu_1000_2026-03-27_2020.log
  spellingbee: /home/sun0115/nanochat-learn/notes/d24_r32_lora_maxoom_2026-03-27
_2007_s2048_gc_best_s500_spellingbee_1000_2026-03-27_2020.log

2026-03-27 20:20:16,025 - nanochat.common - INFO - Distributed world size: 1
wandb: [wandb.login()] Loaded credentials for https://api.wandb.ai from /home/su
n0115/.netrc.
wandb: Currently logged in as: sunshines (sunshines-gmail-com) to https://api.wa
ndb.ai. Use `wandb login --relogin` to force relogin
wandb: setting up run qaqmxmqa
wandb: Tracking run with wandb version 0.24.2
wandb: Run data is saved locally in /home/sun0115/nanochat-learn/nanochat/wandb/
run-20260327_202016-qaqmxmqa
wandb: Run `wandb offline` to turn off syncing.
wandb: Syncing run d24_r32_lora_maxoom_2026-03-27_2007_s2048_gc_confirm_s500_gsm
8k_pass8
wandb: ⭐️ View project at https://wandb.ai/sunshines-gmail-com/nanochat-eval
wandb: 🚀 View run at https://wandb.ai/sunshines-gmail-com/nanochat-eval/runs/qa
qmxmqa
2026-03-27 20:20:17,533 - nanochat.checkpoint_manager - INFO - Loading model fro
m /home/sun0115/.cache/nanochat/chatsft_checkpoints/d24_r32_lora_maxoom_2026-03-
27_2007_s2048_gc/best with step 500
2026-03-27 20:20:18,499 - nanochat.checkpoint_manager - INFO - Building model wi
th config: {'sequence_len': 2048, 'vocab_size': 32768, 'n_layer': 24, 'n_head':
9, 'n_kv_head': 9, 'n_embd': 1152, 'window_pattern': 'L'}
Rank 0 | 0/231 (0.00%)

[autopilot]





















[gpu]
NVIDIA GeForce RTX 4070, 41 %, 8099 MiB, 12282 MiB

=== 2026-03-27 21:23:28 ===
[chain]
max_problems=1000
timestamp=2026-03-27_2020
eval_wandb_project=nanochat-eval
eval_wandb_run_prefix=d24_r32_lora_maxoom_2026-03-27_2007_s2048_gc_confirm_s500
skip_pass1=0
skip_pass8=0
skip_mmlu=0
skip_spelling=0
logs:
  pass1: /home/sun0115/nanochat-learn/notes/d24_r32_lora_maxoom_2026-03-27_2007_
s2048_gc_best_s500_gsm8k_pass1_1000_2026-03-27_2020.log
  pass8: /home/sun0115/nanochat-learn/notes/d24_r32_lora_maxoom_2026-03-27_2007_
s2048_gc_best_s500_gsm8k_pass8_1000_2026-03-27_2020.log
  mmlu: /home/sun0115/nanochat-learn/notes/d24_r32_lora_maxoom_2026-03-27_2007_s
2048_gc_best_s500_mmlu_1000_2026-03-27_2020.log
  spellingbee: /home/sun0115/nanochat-learn/notes/d24_r32_lora_maxoom_2026-03-27
_2007_s2048_gc_best_s500_spellingbee_1000_2026-03-27_2020.log

2026-03-27 20:20:16,025 - nanochat.common - INFO - Distributed world size: 1
wandb: [wandb.login()] Loaded credentials for https://api.wandb.ai from /home/su
n0115/.netrc.
wandb: Currently logged in as: sunshines (sunshines-gmail-com) to https://api.wa
ndb.ai. Use `wandb login --relogin` to force relogin
wandb: setting up run qaqmxmqa
wandb: Tracking run with wandb version 0.24.2
wandb: Run data is saved locally in /home/sun0115/nanochat-learn/nanochat/wandb/
run-20260327_202016-qaqmxmqa
wandb: Run `wandb offline` to turn off syncing.
wandb: Syncing run d24_r32_lora_maxoom_2026-03-27_2007_s2048_gc_confirm_s500_gsm
8k_pass8
wandb: ⭐️ View project at https://wandb.ai/sunshines-gmail-com/nanochat-eval
wandb: 🚀 View run at https://wandb.ai/sunshines-gmail-com/nanochat-eval/runs/qa
qmxmqa
2026-03-27 20:20:17,533 - nanochat.checkpoint_manager - INFO - Loading model fro
m /home/sun0115/.cache/nanochat/chatsft_checkpoints/d24_r32_lora_maxoom_2026-03-
27_2007_s2048_gc/best with step 500
2026-03-27 20:20:18,499 - nanochat.checkpoint_manager - INFO - Building model wi
th config: {'sequence_len': 2048, 'vocab_size': 32768, 'n_layer': 24, 'n_head':
9, 'n_kv_head': 9, 'n_embd': 1152, 'window_pattern': 'L'}
Rank 0 | 0/251 (0.00%)

[autopilot]





















[gpu]
NVIDIA GeForce RTX 4070, 37 %, 8099 MiB, 12282 MiB

=== 2026-03-27 21:28:37 ===
[chain]
max_problems=1000
timestamp=2026-03-27_2020
eval_wandb_project=nanochat-eval
eval_wandb_run_prefix=d24_r32_lora_maxoom_2026-03-27_2007_s2048_gc_confirm_s500
skip_pass1=0
skip_pass8=0
skip_mmlu=0
skip_spelling=0
logs:
  pass1: /home/sun0115/nanochat-learn/notes/d24_r32_lora_maxoom_2026-03-27_2007_
s2048_gc_best_s500_gsm8k_pass1_1000_2026-03-27_2020.log
  pass8: /home/sun0115/nanochat-learn/notes/d24_r32_lora_maxoom_2026-03-27_2007_
s2048_gc_best_s500_gsm8k_pass8_1000_2026-03-27_2020.log
  mmlu: /home/sun0115/nanochat-learn/notes/d24_r32_lora_maxoom_2026-03-27_2007_s
2048_gc_best_s500_mmlu_1000_2026-03-27_2020.log
  spellingbee: /home/sun0115/nanochat-learn/notes/d24_r32_lora_maxoom_2026-03-27
_2007_s2048_gc_best_s500_spellingbee_1000_2026-03-27_2020.log

2026-03-27 20:20:16,025 - nanochat.common - INFO - Distributed world size: 1
wandb: [wandb.login()] Loaded credentials for https://api.wandb.ai from /home/su
n0115/.netrc.
wandb: Currently logged in as: sunshines (sunshines-gmail-com) to https://api.wa
ndb.ai. Use `wandb login --relogin` to force relogin
wandb: setting up run qaqmxmqa
wandb: Tracking run with wandb version 0.24.2
wandb: Run data is saved locally in /home/sun0115/nanochat-learn/nanochat/wandb/
run-20260327_202016-qaqmxmqa
wandb: Run `wandb offline` to turn off syncing.
wandb: Syncing run d24_r32_lora_maxoom_2026-03-27_2007_s2048_gc_confirm_s500_gsm
8k_pass8
wandb: ⭐️ View project at https://wandb.ai/sunshines-gmail-com/nanochat-eval
wandb: 🚀 View run at https://wandb.ai/sunshines-gmail-com/nanochat-eval/runs/qa
qmxmqa
2026-03-27 20:20:17,533 - nanochat.checkpoint_manager - INFO - Loading model fro
m /home/sun0115/.cache/nanochat/chatsft_checkpoints/d24_r32_lora_maxoom_2026-03-
27_2007_s2048_gc/best with step 500
2026-03-27 20:20:18,499 - nanochat.checkpoint_manager - INFO - Building model wi
th config: {'sequence_len': 2048, 'vocab_size': 32768, 'n_layer': 24, 'n_head':
9, 'n_kv_head': 9, 'n_embd': 1152, 'window_pattern': 'L'}
Rank 0 | 0/271 (0.00%)

[autopilot]





















[gpu]
NVIDIA GeForce RTX 4070, 41 %, 8099 MiB, 12282 MiB

=== 2026-03-27 21:33:46 ===
[chain]
max_problems=1000
timestamp=2026-03-27_2020
eval_wandb_project=nanochat-eval
eval_wandb_run_prefix=d24_r32_lora_maxoom_2026-03-27_2007_s2048_gc_confirm_s500
skip_pass1=0
skip_pass8=0
skip_mmlu=0
skip_spelling=0
logs:
  pass1: /home/sun0115/nanochat-learn/notes/d24_r32_lora_maxoom_2026-03-27_2007_
s2048_gc_best_s500_gsm8k_pass1_1000_2026-03-27_2020.log
  pass8: /home/sun0115/nanochat-learn/notes/d24_r32_lora_maxoom_2026-03-27_2007_
s2048_gc_best_s500_gsm8k_pass8_1000_2026-03-27_2020.log
  mmlu: /home/sun0115/nanochat-learn/notes/d24_r32_lora_maxoom_2026-03-27_2007_s
2048_gc_best_s500_mmlu_1000_2026-03-27_2020.log
  spellingbee: /home/sun0115/nanochat-learn/notes/d24_r32_lora_maxoom_2026-03-27
_2007_s2048_gc_best_s500_spellingbee_1000_2026-03-27_2020.log

2026-03-27 20:20:16,025 - nanochat.common - INFO - Distributed world size: 1
wandb: [wandb.login()] Loaded credentials for https://api.wandb.ai from /home/su
n0115/.netrc.
wandb: Currently logged in as: sunshines (sunshines-gmail-com) to https://api.wa
ndb.ai. Use `wandb login --relogin` to force relogin
wandb: setting up run qaqmxmqa
wandb: Tracking run with wandb version 0.24.2
wandb: Run data is saved locally in /home/sun0115/nanochat-learn/nanochat/wandb/
run-20260327_202016-qaqmxmqa
wandb: Run `wandb offline` to turn off syncing.
wandb: Syncing run d24_r32_lora_maxoom_2026-03-27_2007_s2048_gc_confirm_s500_gsm
8k_pass8
wandb: ⭐️ View project at https://wandb.ai/sunshines-gmail-com/nanochat-eval
wandb: 🚀 View run at https://wandb.ai/sunshines-gmail-com/nanochat-eval/runs/qa
qmxmqa
2026-03-27 20:20:17,533 - nanochat.checkpoint_manager - INFO - Loading model fro
m /home/sun0115/.cache/nanochat/chatsft_checkpoints/d24_r32_lora_maxoom_2026-03-
27_2007_s2048_gc/best with step 500
2026-03-27 20:20:18,499 - nanochat.checkpoint_manager - INFO - Building model wi
th config: {'sequence_len': 2048, 'vocab_size': 32768, 'n_layer': 24, 'n_head':
9, 'n_kv_head': 9, 'n_embd': 1152, 'window_pattern': 'L'}
Rank 0 | 0/290 (0.00%)

[autopilot]





















[gpu]
NVIDIA GeForce RTX 4070, 51 %, 8099 MiB, 12282 MiB

=== 2026-03-27 21:38:54 ===
[chain]
max_problems=1000
timestamp=2026-03-27_2020
eval_wandb_project=nanochat-eval
eval_wandb_run_prefix=d24_r32_lora_maxoom_2026-03-27_2007_s2048_gc_confirm_s500
skip_pass1=0
skip_pass8=0
skip_mmlu=0
skip_spelling=0
logs:
  pass1: /home/sun0115/nanochat-learn/notes/d24_r32_lora_maxoom_2026-03-27_2007_
s2048_gc_best_s500_gsm8k_pass1_1000_2026-03-27_2020.log
  pass8: /home/sun0115/nanochat-learn/notes/d24_r32_lora_maxoom_2026-03-27_2007_
s2048_gc_best_s500_gsm8k_pass8_1000_2026-03-27_2020.log
  mmlu: /home/sun0115/nanochat-learn/notes/d24_r32_lora_maxoom_2026-03-27_2007_s
2048_gc_best_s500_mmlu_1000_2026-03-27_2020.log
  spellingbee: /home/sun0115/nanochat-learn/notes/d24_r32_lora_maxoom_2026-03-27
_2007_s2048_gc_best_s500_spellingbee_1000_2026-03-27_2020.log

2026-03-27 20:20:16,025 - nanochat.common - INFO - Distributed world size: 1
wandb: [wandb.login()] Loaded credentials for https://api.wandb.ai from /home/su
n0115/.netrc.
wandb: Currently logged in as: sunshines (sunshines-gmail-com) to https://api.wa
ndb.ai. Use `wandb login --relogin` to force relogin
wandb: setting up run qaqmxmqa
wandb: Tracking run with wandb version 0.24.2
wandb: Run data is saved locally in /home/sun0115/nanochat-learn/nanochat/wandb/
run-20260327_202016-qaqmxmqa
wandb: Run `wandb offline` to turn off syncing.
wandb: Syncing run d24_r32_lora_maxoom_2026-03-27_2007_s2048_gc_confirm_s500_gsm
8k_pass8
wandb: ⭐️ View project at https://wandb.ai/sunshines-gmail-com/nanochat-eval
wandb: 🚀 View run at https://wandb.ai/sunshines-gmail-com/nanochat-eval/runs/qa
qmxmqa
2026-03-27 20:20:17,533 - nanochat.checkpoint_manager - INFO - Loading model fro
m /home/sun0115/.cache/nanochat/chatsft_checkpoints/d24_r32_lora_maxoom_2026-03-
27_2007_s2048_gc/best with step 500
2026-03-27 20:20:18,499 - nanochat.checkpoint_manager - INFO - Building model wi
th config: {'sequence_len': 2048, 'vocab_size': 32768, 'n_layer': 24, 'n_head':
9, 'n_kv_head': 9, 'n_embd': 1152, 'window_pattern': 'L'}
Rank 0 | 0/310 (0.00%)

[autopilot]





















[gpu]
NVIDIA GeForce RTX 4070, 50 %, 8099 MiB, 12282 MiB

=== 2026-03-27 21:44:03 ===
[chain]
max_problems=1000
timestamp=2026-03-27_2020
eval_wandb_project=nanochat-eval
eval_wandb_run_prefix=d24_r32_lora_maxoom_2026-03-27_2007_s2048_gc_confirm_s500
skip_pass1=0
skip_pass8=0
skip_mmlu=0
skip_spelling=0
logs:
  pass1: /home/sun0115/nanochat-learn/notes/d24_r32_lora_maxoom_2026-03-27_2007_
s2048_gc_best_s500_gsm8k_pass1_1000_2026-03-27_2020.log
  pass8: /home/sun0115/nanochat-learn/notes/d24_r32_lora_maxoom_2026-03-27_2007_
s2048_gc_best_s500_gsm8k_pass8_1000_2026-03-27_2020.log
  mmlu: /home/sun0115/nanochat-learn/notes/d24_r32_lora_maxoom_2026-03-27_2007_s
2048_gc_best_s500_mmlu_1000_2026-03-27_2020.log
  spellingbee: /home/sun0115/nanochat-learn/notes/d24_r32_lora_maxoom_2026-03-27
_2007_s2048_gc_best_s500_spellingbee_1000_2026-03-27_2020.log

2026-03-27 20:20:16,025 - nanochat.common - INFO - Distributed world size: 1
wandb: [wandb.login()] Loaded credentials for https://api.wandb.ai from /home/su
n0115/.netrc.
wandb: Currently logged in as: sunshines (sunshines-gmail-com) to https://api.wa
ndb.ai. Use `wandb login --relogin` to force relogin
wandb: setting up run qaqmxmqa
wandb: Tracking run with wandb version 0.24.2
wandb: Run data is saved locally in /home/sun0115/nanochat-learn/nanochat/wandb/
run-20260327_202016-qaqmxmqa
wandb: Run `wandb offline` to turn off syncing.
wandb: Syncing run d24_r32_lora_maxoom_2026-03-27_2007_s2048_gc_confirm_s500_gsm
8k_pass8
wandb: ⭐️ View project at https://wandb.ai/sunshines-gmail-com/nanochat-eval
wandb: 🚀 View run at https://wandb.ai/sunshines-gmail-com/nanochat-eval/runs/qa
qmxmqa
2026-03-27 20:20:17,533 - nanochat.checkpoint_manager - INFO - Loading model fro
m /home/sun0115/.cache/nanochat/chatsft_checkpoints/d24_r32_lora_maxoom_2026-03-
27_2007_s2048_gc/best with step 500
2026-03-27 20:20:18,499 - nanochat.checkpoint_manager - INFO - Building model wi
th config: {'sequence_len': 2048, 'vocab_size': 32768, 'n_layer': 24, 'n_head':
9, 'n_kv_head': 9, 'n_embd': 1152, 'window_pattern': 'L'}
Rank 0 | 0/331 (0.00%)

[autopilot]





















[gpu]
NVIDIA GeForce RTX 4070, 38 %, 8099 MiB, 12282 MiB

=== 2026-03-27 21:49:12 ===
[chain]
max_problems=1000
timestamp=2026-03-27_2020
eval_wandb_project=nanochat-eval
eval_wandb_run_prefix=d24_r32_lora_maxoom_2026-03-27_2007_s2048_gc_confirm_s500
skip_pass1=0
skip_pass8=0
skip_mmlu=0
skip_spelling=0
logs:
  pass1: /home/sun0115/nanochat-learn/notes/d24_r32_lora_maxoom_2026-03-27_2007_
s2048_gc_best_s500_gsm8k_pass1_1000_2026-03-27_2020.log
  pass8: /home/sun0115/nanochat-learn/notes/d24_r32_lora_maxoom_2026-03-27_2007_
s2048_gc_best_s500_gsm8k_pass8_1000_2026-03-27_2020.log
  mmlu: /home/sun0115/nanochat-learn/notes/d24_r32_lora_maxoom_2026-03-27_2007_s
2048_gc_best_s500_mmlu_1000_2026-03-27_2020.log
  spellingbee: /home/sun0115/nanochat-learn/notes/d24_r32_lora_maxoom_2026-03-27
_2007_s2048_gc_best_s500_spellingbee_1000_2026-03-27_2020.log

2026-03-27 20:20:16,025 - nanochat.common - INFO - Distributed world size: 1
wandb: [wandb.login()] Loaded credentials for https://api.wandb.ai from /home/su
n0115/.netrc.
wandb: Currently logged in as: sunshines (sunshines-gmail-com) to https://api.wa
ndb.ai. Use `wandb login --relogin` to force relogin
wandb: setting up run qaqmxmqa
wandb: Tracking run with wandb version 0.24.2
wandb: Run data is saved locally in /home/sun0115/nanochat-learn/nanochat/wandb/
run-20260327_202016-qaqmxmqa
wandb: Run `wandb offline` to turn off syncing.
wandb: Syncing run d24_r32_lora_maxoom_2026-03-27_2007_s2048_gc_confirm_s500_gsm
8k_pass8
wandb: ⭐️ View project at https://wandb.ai/sunshines-gmail-com/nanochat-eval
wandb: 🚀 View run at https://wandb.ai/sunshines-gmail-com/nanochat-eval/runs/qa
qmxmqa
2026-03-27 20:20:17,533 - nanochat.checkpoint_manager - INFO - Loading model fro
m /home/sun0115/.cache/nanochat/chatsft_checkpoints/d24_r32_lora_maxoom_2026-03-
27_2007_s2048_gc/best with step 500
2026-03-27 20:20:18,499 - nanochat.checkpoint_manager - INFO - Building model wi
th config: {'sequence_len': 2048, 'vocab_size': 32768, 'n_layer': 24, 'n_head':
9, 'n_kv_head': 9, 'n_embd': 1152, 'window_pattern': 'L'}
Rank 0 | 0/351 (0.00%)

[autopilot]





















[gpu]
NVIDIA GeForce RTX 4070, 39 %, 8099 MiB, 12282 MiB

=== 2026-03-27 21:54:21 ===
[chain]
max_problems=1000
timestamp=2026-03-27_2020
eval_wandb_project=nanochat-eval
eval_wandb_run_prefix=d24_r32_lora_maxoom_2026-03-27_2007_s2048_gc_confirm_s500
skip_pass1=0
skip_pass8=0
skip_mmlu=0
skip_spelling=0
logs:
  pass1: /home/sun0115/nanochat-learn/notes/d24_r32_lora_maxoom_2026-03-27_2007_
s2048_gc_best_s500_gsm8k_pass1_1000_2026-03-27_2020.log
  pass8: /home/sun0115/nanochat-learn/notes/d24_r32_lora_maxoom_2026-03-27_2007_
s2048_gc_best_s500_gsm8k_pass8_1000_2026-03-27_2020.log
  mmlu: /home/sun0115/nanochat-learn/notes/d24_r32_lora_maxoom_2026-03-27_2007_s
2048_gc_best_s500_mmlu_1000_2026-03-27_2020.log
  spellingbee: /home/sun0115/nanochat-learn/notes/d24_r32_lora_maxoom_2026-03-27
_2007_s2048_gc_best_s500_spellingbee_1000_2026-03-27_2020.log

2026-03-27 20:20:16,025 - nanochat.common - INFO - Distributed world size: 1
wandb: [wandb.login()] Loaded credentials for https://api.wandb.ai from /home/su
n0115/.netrc.
wandb: Currently logged in as: sunshines (sunshines-gmail-com) to https://api.wa
ndb.ai. Use `wandb login --relogin` to force relogin
wandb: setting up run qaqmxmqa
wandb: Tracking run with wandb version 0.24.2
wandb: Run data is saved locally in /home/sun0115/nanochat-learn/nanochat/wandb/
run-20260327_202016-qaqmxmqa
wandb: Run `wandb offline` to turn off syncing.
wandb: Syncing run d24_r32_lora_maxoom_2026-03-27_2007_s2048_gc_confirm_s500_gsm
8k_pass8
wandb: ⭐️ View project at https://wandb.ai/sunshines-gmail-com/nanochat-eval
wandb: 🚀 View run at https://wandb.ai/sunshines-gmail-com/nanochat-eval/runs/qa
qmxmqa
2026-03-27 20:20:17,533 - nanochat.checkpoint_manager - INFO - Loading model fro
m /home/sun0115/.cache/nanochat/chatsft_checkpoints/d24_r32_lora_maxoom_2026-03-
27_2007_s2048_gc/best with step 500
2026-03-27 20:20:18,499 - nanochat.checkpoint_manager - INFO - Building model wi
th config: {'sequence_len': 2048, 'vocab_size': 32768, 'n_layer': 24, 'n_head':
9, 'n_kv_head': 9, 'n_embd': 1152, 'window_pattern': 'L'}
Rank 0 | 0/372 (0.00%)

[autopilot]





















[gpu]
NVIDIA GeForce RTX 4070, 41 %, 8099 MiB, 12282 MiB

=== 2026-03-27 21:59:29 ===
[chain]
max_problems=1000
timestamp=2026-03-27_2020
eval_wandb_project=nanochat-eval
eval_wandb_run_prefix=d24_r32_lora_maxoom_2026-03-27_2007_s2048_gc_confirm_s500
skip_pass1=0
skip_pass8=0
skip_mmlu=0
skip_spelling=0
logs:
  pass1: /home/sun0115/nanochat-learn/notes/d24_r32_lora_maxoom_2026-03-27_2007_
s2048_gc_best_s500_gsm8k_pass1_1000_2026-03-27_2020.log
  pass8: /home/sun0115/nanochat-learn/notes/d24_r32_lora_maxoom_2026-03-27_2007_
s2048_gc_best_s500_gsm8k_pass8_1000_2026-03-27_2020.log
  mmlu: /home/sun0115/nanochat-learn/notes/d24_r32_lora_maxoom_2026-03-27_2007_s
2048_gc_best_s500_mmlu_1000_2026-03-27_2020.log
  spellingbee: /home/sun0115/nanochat-learn/notes/d24_r32_lora_maxoom_2026-03-27
_2007_s2048_gc_best_s500_spellingbee_1000_2026-03-27_2020.log

2026-03-27 20:20:16,025 - nanochat.common - INFO - Distributed world size: 1
wandb: [wandb.login()] Loaded credentials for https://api.wandb.ai from /home/su
n0115/.netrc.
wandb: Currently logged in as: sunshines (sunshines-gmail-com) to https://api.wa
ndb.ai. Use `wandb login --relogin` to force relogin
wandb: setting up run qaqmxmqa
wandb: Tracking run with wandb version 0.24.2
wandb: Run data is saved locally in /home/sun0115/nanochat-learn/nanochat/wandb/
run-20260327_202016-qaqmxmqa
wandb: Run `wandb offline` to turn off syncing.
wandb: Syncing run d24_r32_lora_maxoom_2026-03-27_2007_s2048_gc_confirm_s500_gsm
8k_pass8
wandb: ⭐️ View project at https://wandb.ai/sunshines-gmail-com/nanochat-eval
wandb: 🚀 View run at https://wandb.ai/sunshines-gmail-com/nanochat-eval/runs/qa
qmxmqa
2026-03-27 20:20:17,533 - nanochat.checkpoint_manager - INFO - Loading model fro
m /home/sun0115/.cache/nanochat/chatsft_checkpoints/d24_r32_lora_maxoom_2026-03-
27_2007_s2048_gc/best with step 500
2026-03-27 20:20:18,499 - nanochat.checkpoint_manager - INFO - Building model wi
th config: {'sequence_len': 2048, 'vocab_size': 32768, 'n_layer': 24, 'n_head':
9, 'n_kv_head': 9, 'n_embd': 1152, 'window_pattern': 'L'}
Rank 0 | 0/391 (0.00%)

[autopilot]





















[gpu]
NVIDIA GeForce RTX 4070, 45 %, 8099 MiB, 12282 MiB

=== 2026-03-27 22:04:39 ===
[chain]
max_problems=1000
timestamp=2026-03-27_2020
eval_wandb_project=nanochat-eval
eval_wandb_run_prefix=d24_r32_lora_maxoom_2026-03-27_2007_s2048_gc_confirm_s500
skip_pass1=0
skip_pass8=0
skip_mmlu=0
skip_spelling=0
logs:
  pass1: /home/sun0115/nanochat-learn/notes/d24_r32_lora_maxoom_2026-03-27_2007_
s2048_gc_best_s500_gsm8k_pass1_1000_2026-03-27_2020.log
  pass8: /home/sun0115/nanochat-learn/notes/d24_r32_lora_maxoom_2026-03-27_2007_
s2048_gc_best_s500_gsm8k_pass8_1000_2026-03-27_2020.log
  mmlu: /home/sun0115/nanochat-learn/notes/d24_r32_lora_maxoom_2026-03-27_2007_s
2048_gc_best_s500_mmlu_1000_2026-03-27_2020.log
  spellingbee: /home/sun0115/nanochat-learn/notes/d24_r32_lora_maxoom_2026-03-27
_2007_s2048_gc_best_s500_spellingbee_1000_2026-03-27_2020.log

2026-03-27 20:20:16,025 - nanochat.common - INFO - Distributed world size: 1
wandb: [wandb.login()] Loaded credentials for https://api.wandb.ai from /home/su
n0115/.netrc.
wandb: Currently logged in as: sunshines (sunshines-gmail-com) to https://api.wa
ndb.ai. Use `wandb login --relogin` to force relogin
wandb: setting up run qaqmxmqa
wandb: Tracking run with wandb version 0.24.2
wandb: Run data is saved locally in /home/sun0115/nanochat-learn/nanochat/wandb/
run-20260327_202016-qaqmxmqa
wandb: Run `wandb offline` to turn off syncing.
wandb: Syncing run d24_r32_lora_maxoom_2026-03-27_2007_s2048_gc_confirm_s500_gsm
8k_pass8
wandb: ⭐️ View project at https://wandb.ai/sunshines-gmail-com/nanochat-eval
wandb: 🚀 View run at https://wandb.ai/sunshines-gmail-com/nanochat-eval/runs/qa
qmxmqa
2026-03-27 20:20:17,533 - nanochat.checkpoint_manager - INFO - Loading model fro
m /home/sun0115/.cache/nanochat/chatsft_checkpoints/d24_r32_lora_maxoom_2026-03-
27_2007_s2048_gc/best with step 500
2026-03-27 20:20:18,499 - nanochat.checkpoint_manager - INFO - Building model wi
th config: {'sequence_len': 2048, 'vocab_size': 32768, 'n_layer': 24, 'n_head':
9, 'n_kv_head': 9, 'n_embd': 1152, 'window_pattern': 'L'}
Rank 0 | 0/411 (0.00%)

[autopilot]





















[gpu]
NVIDIA GeForce RTX 4070, 45 %, 8099 MiB, 12282 MiB

=== 2026-03-27 22:09:48 ===
[chain]
max_problems=1000
timestamp=2026-03-27_2020
eval_wandb_project=nanochat-eval
eval_wandb_run_prefix=d24_r32_lora_maxoom_2026-03-27_2007_s2048_gc_confirm_s500
skip_pass1=0
skip_pass8=0
skip_mmlu=0
skip_spelling=0
logs:
  pass1: /home/sun0115/nanochat-learn/notes/d24_r32_lora_maxoom_2026-03-27_2007_
s2048_gc_best_s500_gsm8k_pass1_1000_2026-03-27_2020.log
  pass8: /home/sun0115/nanochat-learn/notes/d24_r32_lora_maxoom_2026-03-27_2007_
s2048_gc_best_s500_gsm8k_pass8_1000_2026-03-27_2020.log
  mmlu: /home/sun0115/nanochat-learn/notes/d24_r32_lora_maxoom_2026-03-27_2007_s
2048_gc_best_s500_mmlu_1000_2026-03-27_2020.log
  spellingbee: /home/sun0115/nanochat-learn/notes/d24_r32_lora_maxoom_2026-03-27
_2007_s2048_gc_best_s500_spellingbee_1000_2026-03-27_2020.log

2026-03-27 20:20:16,025 - nanochat.common - INFO - Distributed world size: 1
wandb: [wandb.login()] Loaded credentials for https://api.wandb.ai from /home/su
n0115/.netrc.
wandb: Currently logged in as: sunshines (sunshines-gmail-com) to https://api.wa
ndb.ai. Use `wandb login --relogin` to force relogin
wandb: setting up run qaqmxmqa
wandb: Tracking run with wandb version 0.24.2
wandb: Run data is saved locally in /home/sun0115/nanochat-learn/nanochat/wandb/
run-20260327_202016-qaqmxmqa
wandb: Run `wandb offline` to turn off syncing.
wandb: Syncing run d24_r32_lora_maxoom_2026-03-27_2007_s2048_gc_confirm_s500_gsm
8k_pass8
wandb: ⭐️ View project at https://wandb.ai/sunshines-gmail-com/nanochat-eval
wandb: 🚀 View run at https://wandb.ai/sunshines-gmail-com/nanochat-eval/runs/qa
qmxmqa
2026-03-27 20:20:17,533 - nanochat.checkpoint_manager - INFO - Loading model fro
m /home/sun0115/.cache/nanochat/chatsft_checkpoints/d24_r32_lora_maxoom_2026-03-
27_2007_s2048_gc/best with step 500
2026-03-27 20:20:18,499 - nanochat.checkpoint_manager - INFO - Building model wi
th config: {'sequence_len': 2048, 'vocab_size': 32768, 'n_layer': 24, 'n_head':
9, 'n_kv_head': 9, 'n_embd': 1152, 'window_pattern': 'L'}
Rank 0 | 0/430 (0.00%)

[autopilot]





















[gpu]
NVIDIA GeForce RTX 4070, 49 %, 8099 MiB, 12282 MiB

=== 2026-03-27 22:14:56 ===
[chain]
max_problems=1000
timestamp=2026-03-27_2020
eval_wandb_project=nanochat-eval
eval_wandb_run_prefix=d24_r32_lora_maxoom_2026-03-27_2007_s2048_gc_confirm_s500
skip_pass1=0
skip_pass8=0
skip_mmlu=0
skip_spelling=0
logs:
  pass1: /home/sun0115/nanochat-learn/notes/d24_r32_lora_maxoom_2026-03-27_2007_
s2048_gc_best_s500_gsm8k_pass1_1000_2026-03-27_2020.log
  pass8: /home/sun0115/nanochat-learn/notes/d24_r32_lora_maxoom_2026-03-27_2007_
s2048_gc_best_s500_gsm8k_pass8_1000_2026-03-27_2020.log
  mmlu: /home/sun0115/nanochat-learn/notes/d24_r32_lora_maxoom_2026-03-27_2007_s
2048_gc_best_s500_mmlu_1000_2026-03-27_2020.log
  spellingbee: /home/sun0115/nanochat-learn/notes/d24_r32_lora_maxoom_2026-03-27
_2007_s2048_gc_best_s500_spellingbee_1000_2026-03-27_2020.log

2026-03-27 20:20:16,025 - nanochat.common - INFO - Distributed world size: 1
wandb: [wandb.login()] Loaded credentials for https://api.wandb.ai from /home/su
n0115/.netrc.
wandb: Currently logged in as: sunshines (sunshines-gmail-com) to https://api.wa
ndb.ai. Use `wandb login --relogin` to force relogin
wandb: setting up run qaqmxmqa
wandb: Tracking run with wandb version 0.24.2
wandb: Run data is saved locally in /home/sun0115/nanochat-learn/nanochat/wandb/
run-20260327_202016-qaqmxmqa
wandb: Run `wandb offline` to turn off syncing.
wandb: Syncing run d24_r32_lora_maxoom_2026-03-27_2007_s2048_gc_confirm_s500_gsm
8k_pass8
wandb: ⭐️ View project at https://wandb.ai/sunshines-gmail-com/nanochat-eval
wandb: 🚀 View run at https://wandb.ai/sunshines-gmail-com/nanochat-eval/runs/qa
qmxmqa
2026-03-27 20:20:17,533 - nanochat.checkpoint_manager - INFO - Loading model fro
m /home/sun0115/.cache/nanochat/chatsft_checkpoints/d24_r32_lora_maxoom_2026-03-
27_2007_s2048_gc/best with step 500
2026-03-27 20:20:18,499 - nanochat.checkpoint_manager - INFO - Building model wi
th config: {'sequence_len': 2048, 'vocab_size': 32768, 'n_layer': 24, 'n_head':
9, 'n_kv_head': 9, 'n_embd': 1152, 'window_pattern': 'L'}
Rank 0 | 0/450 (0.00%)

[autopilot]





















[gpu]
NVIDIA GeForce RTX 4070, 42 %, 8099 MiB, 12282 MiB

=== 2026-03-27 22:20:05 ===
[chain]
max_problems=1000
timestamp=2026-03-27_2020
eval_wandb_project=nanochat-eval
eval_wandb_run_prefix=d24_r32_lora_maxoom_2026-03-27_2007_s2048_gc_confirm_s500
skip_pass1=0
skip_pass8=0
skip_mmlu=0
skip_spelling=0
logs:
  pass1: /home/sun0115/nanochat-learn/notes/d24_r32_lora_maxoom_2026-03-27_2007_
s2048_gc_best_s500_gsm8k_pass1_1000_2026-03-27_2020.log
  pass8: /home/sun0115/nanochat-learn/notes/d24_r32_lora_maxoom_2026-03-27_2007_
s2048_gc_best_s500_gsm8k_pass8_1000_2026-03-27_2020.log
  mmlu: /home/sun0115/nanochat-learn/notes/d24_r32_lora_maxoom_2026-03-27_2007_s
2048_gc_best_s500_mmlu_1000_2026-03-27_2020.log
  spellingbee: /home/sun0115/nanochat-learn/notes/d24_r32_lora_maxoom_2026-03-27
_2007_s2048_gc_best_s500_spellingbee_1000_2026-03-27_2020.log

2026-03-27 20:20:16,025 - nanochat.common - INFO - Distributed world size: 1
wandb: [wandb.login()] Loaded credentials for https://api.wandb.ai from /home/su
n0115/.netrc.
wandb: Currently logged in as: sunshines (sunshines-gmail-com) to https://api.wa
ndb.ai. Use `wandb login --relogin` to force relogin
wandb: setting up run qaqmxmqa
wandb: Tracking run with wandb version 0.24.2
wandb: Run data is saved locally in /home/sun0115/nanochat-learn/nanochat/wandb/
run-20260327_202016-qaqmxmqa
wandb: Run `wandb offline` to turn off syncing.
wandb: Syncing run d24_r32_lora_maxoom_2026-03-27_2007_s2048_gc_confirm_s500_gsm
8k_pass8
wandb: ⭐️ View project at https://wandb.ai/sunshines-gmail-com/nanochat-eval
wandb: 🚀 View run at https://wandb.ai/sunshines-gmail-com/nanochat-eval/runs/qa
qmxmqa
2026-03-27 20:20:17,533 - nanochat.checkpoint_manager - INFO - Loading model fro
m /home/sun0115/.cache/nanochat/chatsft_checkpoints/d24_r32_lora_maxoom_2026-03-
27_2007_s2048_gc/best with step 500
2026-03-27 20:20:18,499 - nanochat.checkpoint_manager - INFO - Building model wi
th config: {'sequence_len': 2048, 'vocab_size': 32768, 'n_layer': 24, 'n_head':
9, 'n_kv_head': 9, 'n_embd': 1152, 'window_pattern': 'L'}
Rank 0 | 0/471 (0.00%)

[autopilot]





















[gpu]
NVIDIA GeForce RTX 4070, 51 %, 8099 MiB, 12282 MiB

=== 2026-03-27 22:25:14 ===
[chain]
max_problems=1000
timestamp=2026-03-27_2020
eval_wandb_project=nanochat-eval
eval_wandb_run_prefix=d24_r32_lora_maxoom_2026-03-27_2007_s2048_gc_confirm_s500
skip_pass1=0
skip_pass8=0
skip_mmlu=0
skip_spelling=0
logs:
  pass1: /home/sun0115/nanochat-learn/notes/d24_r32_lora_maxoom_2026-03-27_2007_
s2048_gc_best_s500_gsm8k_pass1_1000_2026-03-27_2020.log
  pass8: /home/sun0115/nanochat-learn/notes/d24_r32_lora_maxoom_2026-03-27_2007_
s2048_gc_best_s500_gsm8k_pass8_1000_2026-03-27_2020.log
  mmlu: /home/sun0115/nanochat-learn/notes/d24_r32_lora_maxoom_2026-03-27_2007_s
2048_gc_best_s500_mmlu_1000_2026-03-27_2020.log
  spellingbee: /home/sun0115/nanochat-learn/notes/d24_r32_lora_maxoom_2026-03-27
_2007_s2048_gc_best_s500_spellingbee_1000_2026-03-27_2020.log

2026-03-27 20:20:16,025 - nanochat.common - INFO - Distributed world size: 1
wandb: [wandb.login()] Loaded credentials for https://api.wandb.ai from /home/su
n0115/.netrc.
wandb: Currently logged in as: sunshines (sunshines-gmail-com) to https://api.wa
ndb.ai. Use `wandb login --relogin` to force relogin
wandb: setting up run qaqmxmqa
wandb: Tracking run with wandb version 0.24.2
wandb: Run data is saved locally in /home/sun0115/nanochat-learn/nanochat/wandb/
run-20260327_202016-qaqmxmqa
wandb: Run `wandb offline` to turn off syncing.
wandb: Syncing run d24_r32_lora_maxoom_2026-03-27_2007_s2048_gc_confirm_s500_gsm
8k_pass8
wandb: ⭐️ View project at https://wandb.ai/sunshines-gmail-com/nanochat-eval
wandb: 🚀 View run at https://wandb.ai/sunshines-gmail-com/nanochat-eval/runs/qa
qmxmqa
2026-03-27 20:20:17,533 - nanochat.checkpoint_manager - INFO - Loading model fro
m /home/sun0115/.cache/nanochat/chatsft_checkpoints/d24_r32_lora_maxoom_2026-03-
27_2007_s2048_gc/best with step 500
2026-03-27 20:20:18,499 - nanochat.checkpoint_manager - INFO - Building model wi
th config: {'sequence_len': 2048, 'vocab_size': 32768, 'n_layer': 24, 'n_head':
9, 'n_kv_head': 9, 'n_embd': 1152, 'window_pattern': 'L'}
Rank 0 | 0/492 (0.00%)

[autopilot]





















[gpu]
NVIDIA GeForce RTX 4070, 41 %, 8099 MiB, 12282 MiB

=== 2026-03-27 22:30:22 ===
[chain]
max_problems=1000
timestamp=2026-03-27_2020
eval_wandb_project=nanochat-eval
eval_wandb_run_prefix=d24_r32_lora_maxoom_2026-03-27_2007_s2048_gc_confirm_s500
skip_pass1=0
skip_pass8=0
skip_mmlu=0
skip_spelling=0
logs:
  pass1: /home/sun0115/nanochat-learn/notes/d24_r32_lora_maxoom_2026-03-27_2007_
s2048_gc_best_s500_gsm8k_pass1_1000_2026-03-27_2020.log
  pass8: /home/sun0115/nanochat-learn/notes/d24_r32_lora_maxoom_2026-03-27_2007_
s2048_gc_best_s500_gsm8k_pass8_1000_2026-03-27_2020.log
  mmlu: /home/sun0115/nanochat-learn/notes/d24_r32_lora_maxoom_2026-03-27_2007_s
2048_gc_best_s500_mmlu_1000_2026-03-27_2020.log
  spellingbee: /home/sun0115/nanochat-learn/notes/d24_r32_lora_maxoom_2026-03-27
_2007_s2048_gc_best_s500_spellingbee_1000_2026-03-27_2020.log

2026-03-27 20:20:16,025 - nanochat.common - INFO - Distributed world size: 1
wandb: [wandb.login()] Loaded credentials for https://api.wandb.ai from /home/su
n0115/.netrc.
wandb: Currently logged in as: sunshines (sunshines-gmail-com) to https://api.wa
ndb.ai. Use `wandb login --relogin` to force relogin
wandb: setting up run qaqmxmqa
wandb: Tracking run with wandb version 0.24.2
wandb: Run data is saved locally in /home/sun0115/nanochat-learn/nanochat/wandb/
run-20260327_202016-qaqmxmqa
wandb: Run `wandb offline` to turn off syncing.
wandb: Syncing run d24_r32_lora_maxoom_2026-03-27_2007_s2048_gc_confirm_s500_gsm
8k_pass8
wandb: ⭐️ View project at https://wandb.ai/sunshines-gmail-com/nanochat-eval
wandb: 🚀 View run at https://wandb.ai/sunshines-gmail-com/nanochat-eval/runs/qa
qmxmqa
2026-03-27 20:20:17,533 - nanochat.checkpoint_manager - INFO - Loading model fro
m /home/sun0115/.cache/nanochat/chatsft_checkpoints/d24_r32_lora_maxoom_2026-03-
27_2007_s2048_gc/best with step 500
2026-03-27 20:20:18,499 - nanochat.checkpoint_manager - INFO - Building model wi
th config: {'sequence_len': 2048, 'vocab_size': 32768, 'n_layer': 24, 'n_head':
9, 'n_kv_head': 9, 'n_embd': 1152, 'window_pattern': 'L'}
Rank 0 | 0/512 (0.00%)

[autopilot]





















[gpu]
NVIDIA GeForce RTX 4070, 32 %, 8099 MiB, 12282 MiB

=== 2026-03-27 22:35:31 ===
[chain]
max_problems=1000
timestamp=2026-03-27_2020
eval_wandb_project=nanochat-eval
eval_wandb_run_prefix=d24_r32_lora_maxoom_2026-03-27_2007_s2048_gc_confirm_s500
skip_pass1=0
skip_pass8=0
skip_mmlu=0
skip_spelling=0
logs:
  pass1: /home/sun0115/nanochat-learn/notes/d24_r32_lora_maxoom_2026-03-27_2007_
s2048_gc_best_s500_gsm8k_pass1_1000_2026-03-27_2020.log
  pass8: /home/sun0115/nanochat-learn/notes/d24_r32_lora_maxoom_2026-03-27_2007_
s2048_gc_best_s500_gsm8k_pass8_1000_2026-03-27_2020.log
  mmlu: /home/sun0115/nanochat-learn/notes/d24_r32_lora_maxoom_2026-03-27_2007_s
2048_gc_best_s500_mmlu_1000_2026-03-27_2020.log
  spellingbee: /home/sun0115/nanochat-learn/notes/d24_r32_lora_maxoom_2026-03-27
_2007_s2048_gc_best_s500_spellingbee_1000_2026-03-27_2020.log

2026-03-27 20:20:16,025 - nanochat.common - INFO - Distributed world size: 1
wandb: [wandb.login()] Loaded credentials for https://api.wandb.ai from /home/su
n0115/.netrc.
wandb: Currently logged in as: sunshines (sunshines-gmail-com) to https://api.wa
ndb.ai. Use `wandb login --relogin` to force relogin
wandb: setting up run qaqmxmqa
wandb: Tracking run with wandb version 0.24.2
wandb: Run data is saved locally in /home/sun0115/nanochat-learn/nanochat/wandb/
run-20260327_202016-qaqmxmqa
wandb: Run `wandb offline` to turn off syncing.
wandb: Syncing run d24_r32_lora_maxoom_2026-03-27_2007_s2048_gc_confirm_s500_gsm
8k_pass8
wandb: ⭐️ View project at https://wandb.ai/sunshines-gmail-com/nanochat-eval
wandb: 🚀 View run at https://wandb.ai/sunshines-gmail-com/nanochat-eval/runs/qa
qmxmqa
2026-03-27 20:20:17,533 - nanochat.checkpoint_manager - INFO - Loading model fro
m /home/sun0115/.cache/nanochat/chatsft_checkpoints/d24_r32_lora_maxoom_2026-03-
27_2007_s2048_gc/best with step 500
2026-03-27 20:20:18,499 - nanochat.checkpoint_manager - INFO - Building model wi
th config: {'sequence_len': 2048, 'vocab_size': 32768, 'n_layer': 24, 'n_head':
9, 'n_kv_head': 9, 'n_embd': 1152, 'window_pattern': 'L'}
Rank 0 | 0/532 (0.00%)

[autopilot]





















[gpu]
NVIDIA GeForce RTX 4070, 42 %, 8099 MiB, 12282 MiB

=== 2026-03-27 22:40:38 ===
[chain]
max_problems=1000
timestamp=2026-03-27_2020
eval_wandb_project=nanochat-eval
eval_wandb_run_prefix=d24_r32_lora_maxoom_2026-03-27_2007_s2048_gc_confirm_s500
skip_pass1=0
skip_pass8=0
skip_mmlu=0
skip_spelling=0
logs:
  pass1: /home/sun0115/nanochat-learn/notes/d24_r32_lora_maxoom_2026-03-27_2007_
s2048_gc_best_s500_gsm8k_pass1_1000_2026-03-27_2020.log
  pass8: /home/sun0115/nanochat-learn/notes/d24_r32_lora_maxoom_2026-03-27_2007_
s2048_gc_best_s500_gsm8k_pass8_1000_2026-03-27_2020.log
  mmlu: /home/sun0115/nanochat-learn/notes/d24_r32_lora_maxoom_2026-03-27_2007_s
2048_gc_best_s500_mmlu_1000_2026-03-27_2020.log
  spellingbee: /home/sun0115/nanochat-learn/notes/d24_r32_lora_maxoom_2026-03-27
_2007_s2048_gc_best_s500_spellingbee_1000_2026-03-27_2020.log

2026-03-27 20:20:16,025 - nanochat.common - INFO - Distributed world size: 1
wandb: [wandb.login()] Loaded credentials for https://api.wandb.ai from /home/su
n0115/.netrc.
wandb: Currently logged in as: sunshines (sunshines-gmail-com) to https://api.wa
ndb.ai. Use `wandb login --relogin` to force relogin
wandb: setting up run qaqmxmqa
wandb: Tracking run with wandb version 0.24.2
wandb: Run data is saved locally in /home/sun0115/nanochat-learn/nanochat/wandb/
run-20260327_202016-qaqmxmqa
wandb: Run `wandb offline` to turn off syncing.
wandb: Syncing run d24_r32_lora_maxoom_2026-03-27_2007_s2048_gc_confirm_s500_gsm
8k_pass8
wandb: ⭐️ View project at https://wandb.ai/sunshines-gmail-com/nanochat-eval
wandb: 🚀 View run at https://wandb.ai/sunshines-gmail-com/nanochat-eval/runs/qa
qmxmqa
2026-03-27 20:20:17,533 - nanochat.checkpoint_manager - INFO - Loading model fro
m /home/sun0115/.cache/nanochat/chatsft_checkpoints/d24_r32_lora_maxoom_2026-03-
27_2007_s2048_gc/best with step 500
2026-03-27 20:20:18,499 - nanochat.checkpoint_manager - INFO - Building model wi
th config: {'sequence_len': 2048, 'vocab_size': 32768, 'n_layer': 24, 'n_head':
9, 'n_kv_head': 9, 'n_embd': 1152, 'window_pattern': 'L'}
Rank 0 | 0/551 (0.00%)

[autopilot]





















[gpu]
NVIDIA GeForce RTX 4070, 51 %, 8159 MiB, 12282 MiB

=== 2026-03-27 22:45:44 ===
[chain]
max_problems=1000
timestamp=2026-03-27_2020
eval_wandb_project=nanochat-eval
eval_wandb_run_prefix=d24_r32_lora_maxoom_2026-03-27_2007_s2048_gc_confirm_s500
skip_pass1=0
skip_pass8=0
skip_mmlu=0
skip_spelling=0
logs:
  pass1: /home/sun0115/nanochat-learn/notes/d24_r32_lora_maxoom_2026-03-27_2007_
s2048_gc_best_s500_gsm8k_pass1_1000_2026-03-27_2020.log
  pass8: /home/sun0115/nanochat-learn/notes/d24_r32_lora_maxoom_2026-03-27_2007_
s2048_gc_best_s500_gsm8k_pass8_1000_2026-03-27_2020.log
  mmlu: /home/sun0115/nanochat-learn/notes/d24_r32_lora_maxoom_2026-03-27_2007_s
2048_gc_best_s500_mmlu_1000_2026-03-27_2020.log
  spellingbee: /home/sun0115/nanochat-learn/notes/d24_r32_lora_maxoom_2026-03-27
_2007_s2048_gc_best_s500_spellingbee_1000_2026-03-27_2020.log

2026-03-27 20:20:16,025 - nanochat.common - INFO - Distributed world size: 1
wandb: [wandb.login()] Loaded credentials for https://api.wandb.ai from /home/su
n0115/.netrc.
wandb: Currently logged in as: sunshines (sunshines-gmail-com) to https://api.wa
ndb.ai. Use `wandb login --relogin` to force relogin
wandb: setting up run qaqmxmqa
wandb: Tracking run with wandb version 0.24.2
wandb: Run data is saved locally in /home/sun0115/nanochat-learn/nanochat/wandb/
run-20260327_202016-qaqmxmqa
wandb: Run `wandb offline` to turn off syncing.
wandb: Syncing run d24_r32_lora_maxoom_2026-03-27_2007_s2048_gc_confirm_s500_gsm
8k_pass8
wandb: ⭐️ View project at https://wandb.ai/sunshines-gmail-com/nanochat-eval
wandb: 🚀 View run at https://wandb.ai/sunshines-gmail-com/nanochat-eval/runs/qa
qmxmqa
2026-03-27 20:20:17,533 - nanochat.checkpoint_manager - INFO - Loading model fro
m /home/sun0115/.cache/nanochat/chatsft_checkpoints/d24_r32_lora_maxoom_2026-03-
27_2007_s2048_gc/best with step 500
2026-03-27 20:20:18,499 - nanochat.checkpoint_manager - INFO - Building model wi
th config: {'sequence_len': 2048, 'vocab_size': 32768, 'n_layer': 24, 'n_head':
9, 'n_kv_head': 9, 'n_embd': 1152, 'window_pattern': 'L'}
Rank 0 | 0/572 (0.00%)

[autopilot]





















[gpu]
NVIDIA GeForce RTX 4070, 51 %, 8159 MiB, 12282 MiB

=== 2026-03-27 22:50:51 ===
[chain]
max_problems=1000
timestamp=2026-03-27_2020
eval_wandb_project=nanochat-eval
eval_wandb_run_prefix=d24_r32_lora_maxoom_2026-03-27_2007_s2048_gc_confirm_s500
skip_pass1=0
skip_pass8=0
skip_mmlu=0
skip_spelling=0
logs:
  pass1: /home/sun0115/nanochat-learn/notes/d24_r32_lora_maxoom_2026-03-27_2007_
s2048_gc_best_s500_gsm8k_pass1_1000_2026-03-27_2020.log
  pass8: /home/sun0115/nanochat-learn/notes/d24_r32_lora_maxoom_2026-03-27_2007_
s2048_gc_best_s500_gsm8k_pass8_1000_2026-03-27_2020.log
  mmlu: /home/sun0115/nanochat-learn/notes/d24_r32_lora_maxoom_2026-03-27_2007_s
2048_gc_best_s500_mmlu_1000_2026-03-27_2020.log
  spellingbee: /home/sun0115/nanochat-learn/notes/d24_r32_lora_maxoom_2026-03-27
_2007_s2048_gc_best_s500_spellingbee_1000_2026-03-27_2020.log

2026-03-27 20:20:16,025 - nanochat.common - INFO - Distributed world size: 1
wandb: [wandb.login()] Loaded credentials for https://api.wandb.ai from /home/su
n0115/.netrc.
wandb: Currently logged in as: sunshines (sunshines-gmail-com) to https://api.wa
ndb.ai. Use `wandb login --relogin` to force relogin
wandb: setting up run qaqmxmqa
wandb: Tracking run with wandb version 0.24.2
wandb: Run data is saved locally in /home/sun0115/nanochat-learn/nanochat/wandb/
run-20260327_202016-qaqmxmqa
wandb: Run `wandb offline` to turn off syncing.
wandb: Syncing run d24_r32_lora_maxoom_2026-03-27_2007_s2048_gc_confirm_s500_gsm
8k_pass8
wandb: ⭐️ View project at https://wandb.ai/sunshines-gmail-com/nanochat-eval
wandb: 🚀 View run at https://wandb.ai/sunshines-gmail-com/nanochat-eval/runs/qa
qmxmqa
2026-03-27 20:20:17,533 - nanochat.checkpoint_manager - INFO - Loading model fro
m /home/sun0115/.cache/nanochat/chatsft_checkpoints/d24_r32_lora_maxoom_2026-03-
27_2007_s2048_gc/best with step 500
2026-03-27 20:20:18,499 - nanochat.checkpoint_manager - INFO - Building model wi
th config: {'sequence_len': 2048, 'vocab_size': 32768, 'n_layer': 24, 'n_head':
9, 'n_kv_head': 9, 'n_embd': 1152, 'window_pattern': 'L'}
Rank 0 | 0/591 (0.00%)

[autopilot]





















[gpu]
NVIDIA GeForce RTX 4070, 36 %, 8159 MiB, 12282 MiB

=== 2026-03-27 22:55:57 ===
[chain]
max_problems=1000
timestamp=2026-03-27_2020
eval_wandb_project=nanochat-eval
eval_wandb_run_prefix=d24_r32_lora_maxoom_2026-03-27_2007_s2048_gc_confirm_s500
skip_pass1=0
skip_pass8=0
skip_mmlu=0
skip_spelling=0
logs:
  pass1: /home/sun0115/nanochat-learn/notes/d24_r32_lora_maxoom_2026-03-27_2007_
s2048_gc_best_s500_gsm8k_pass1_1000_2026-03-27_2020.log
  pass8: /home/sun0115/nanochat-learn/notes/d24_r32_lora_maxoom_2026-03-27_2007_
s2048_gc_best_s500_gsm8k_pass8_1000_2026-03-27_2020.log
  mmlu: /home/sun0115/nanochat-learn/notes/d24_r32_lora_maxoom_2026-03-27_2007_s
2048_gc_best_s500_mmlu_1000_2026-03-27_2020.log
  spellingbee: /home/sun0115/nanochat-learn/notes/d24_r32_lora_maxoom_2026-03-27
_2007_s2048_gc_best_s500_spellingbee_1000_2026-03-27_2020.log

2026-03-27 20:20:16,025 - nanochat.common - INFO - Distributed world size: 1
wandb: [wandb.login()] Loaded credentials for https://api.wandb.ai from /home/su
n0115/.netrc.
wandb: Currently logged in as: sunshines (sunshines-gmail-com) to https://api.wa
ndb.ai. Use `wandb login --relogin` to force relogin
wandb: setting up run qaqmxmqa
wandb: Tracking run with wandb version 0.24.2
wandb: Run data is saved locally in /home/sun0115/nanochat-learn/nanochat/wandb/
run-20260327_202016-qaqmxmqa
wandb: Run `wandb offline` to turn off syncing.
wandb: Syncing run d24_r32_lora_maxoom_2026-03-27_2007_s2048_gc_confirm_s500_gsm
8k_pass8
wandb: ⭐️ View project at https://wandb.ai/sunshines-gmail-com/nanochat-eval
wandb: 🚀 View run at https://wandb.ai/sunshines-gmail-com/nanochat-eval/runs/qa
qmxmqa
2026-03-27 20:20:17,533 - nanochat.checkpoint_manager - INFO - Loading model fro
m /home/sun0115/.cache/nanochat/chatsft_checkpoints/d24_r32_lora_maxoom_2026-03-
27_2007_s2048_gc/best with step 500
2026-03-27 20:20:18,499 - nanochat.checkpoint_manager - INFO - Building model wi
th config: {'sequence_len': 2048, 'vocab_size': 32768, 'n_layer': 24, 'n_head':
9, 'n_kv_head': 9, 'n_embd': 1152, 'window_pattern': 'L'}
Rank 0 | 0/612 (0.00%)

[autopilot]





















[gpu]
NVIDIA GeForce RTX 4070, 37 %, 8159 MiB, 12282 MiB

=== 2026-03-27 23:01:03 ===
[chain]
max_problems=1000
timestamp=2026-03-27_2020
eval_wandb_project=nanochat-eval
eval_wandb_run_prefix=d24_r32_lora_maxoom_2026-03-27_2007_s2048_gc_confirm_s500
skip_pass1=0
skip_pass8=0
skip_mmlu=0
skip_spelling=0
logs:
  pass1: /home/sun0115/nanochat-learn/notes/d24_r32_lora_maxoom_2026-03-27_2007_
s2048_gc_best_s500_gsm8k_pass1_1000_2026-03-27_2020.log
  pass8: /home/sun0115/nanochat-learn/notes/d24_r32_lora_maxoom_2026-03-27_2007_
s2048_gc_best_s500_gsm8k_pass8_1000_2026-03-27_2020.log
  mmlu: /home/sun0115/nanochat-learn/notes/d24_r32_lora_maxoom_2026-03-27_2007_s
2048_gc_best_s500_mmlu_1000_2026-03-27_2020.log
  spellingbee: /home/sun0115/nanochat-learn/notes/d24_r32_lora_maxoom_2026-03-27
_2007_s2048_gc_best_s500_spellingbee_1000_2026-03-27_2020.log

2026-03-27 20:20:16,025 - nanochat.common - INFO - Distributed world size: 1
wandb: [wandb.login()] Loaded credentials for https://api.wandb.ai from /home/su
n0115/.netrc.
wandb: Currently logged in as: sunshines (sunshines-gmail-com) to https://api.wa
ndb.ai. Use `wandb login --relogin` to force relogin
wandb: setting up run qaqmxmqa
wandb: Tracking run with wandb version 0.24.2
wandb: Run data is saved locally in /home/sun0115/nanochat-learn/nanochat/wandb/
run-20260327_202016-qaqmxmqa
wandb: Run `wandb offline` to turn off syncing.
wandb: Syncing run d24_r32_lora_maxoom_2026-03-27_2007_s2048_gc_confirm_s500_gsm
8k_pass8
wandb: ⭐️ View project at https://wandb.ai/sunshines-gmail-com/nanochat-eval
wandb: 🚀 View run at https://wandb.ai/sunshines-gmail-com/nanochat-eval/runs/qa
qmxmqa
2026-03-27 20:20:17,533 - nanochat.checkpoint_manager - INFO - Loading model fro
m /home/sun0115/.cache/nanochat/chatsft_checkpoints/d24_r32_lora_maxoom_2026-03-
27_2007_s2048_gc/best with step 500
2026-03-27 20:20:18,499 - nanochat.checkpoint_manager - INFO - Building model wi
th config: {'sequence_len': 2048, 'vocab_size': 32768, 'n_layer': 24, 'n_head':
9, 'n_kv_head': 9, 'n_embd': 1152, 'window_pattern': 'L'}
Rank 0 | 0/632 (0.00%)

[autopilot]





















[gpu]
NVIDIA GeForce RTX 4070, 42 %, 8159 MiB, 12282 MiB

=== 2026-03-27 23:06:10 ===
[chain]
max_problems=1000
timestamp=2026-03-27_2020
eval_wandb_project=nanochat-eval
eval_wandb_run_prefix=d24_r32_lora_maxoom_2026-03-27_2007_s2048_gc_confirm_s500
skip_pass1=0
skip_pass8=0
skip_mmlu=0
skip_spelling=0
logs:
  pass1: /home/sun0115/nanochat-learn/notes/d24_r32_lora_maxoom_2026-03-27_2007_
s2048_gc_best_s500_gsm8k_pass1_1000_2026-03-27_2020.log
  pass8: /home/sun0115/nanochat-learn/notes/d24_r32_lora_maxoom_2026-03-27_2007_
s2048_gc_best_s500_gsm8k_pass8_1000_2026-03-27_2020.log
  mmlu: /home/sun0115/nanochat-learn/notes/d24_r32_lora_maxoom_2026-03-27_2007_s
2048_gc_best_s500_mmlu_1000_2026-03-27_2020.log
  spellingbee: /home/sun0115/nanochat-learn/notes/d24_r32_lora_maxoom_2026-03-27
_2007_s2048_gc_best_s500_spellingbee_1000_2026-03-27_2020.log

2026-03-27 20:20:16,025 - nanochat.common - INFO - Distributed world size: 1
wandb: [wandb.login()] Loaded credentials for https://api.wandb.ai from /home/su
n0115/.netrc.
wandb: Currently logged in as: sunshines (sunshines-gmail-com) to https://api.wa
ndb.ai. Use `wandb login --relogin` to force relogin
wandb: setting up run qaqmxmqa
wandb: Tracking run with wandb version 0.24.2
wandb: Run data is saved locally in /home/sun0115/nanochat-learn/nanochat/wandb/
run-20260327_202016-qaqmxmqa
wandb: Run `wandb offline` to turn off syncing.
wandb: Syncing run d24_r32_lora_maxoom_2026-03-27_2007_s2048_gc_confirm_s500_gsm
8k_pass8
wandb: ⭐️ View project at https://wandb.ai/sunshines-gmail-com/nanochat-eval
wandb: 🚀 View run at https://wandb.ai/sunshines-gmail-com/nanochat-eval/runs/qa
qmxmqa
2026-03-27 20:20:17,533 - nanochat.checkpoint_manager - INFO - Loading model fro
m /home/sun0115/.cache/nanochat/chatsft_checkpoints/d24_r32_lora_maxoom_2026-03-
27_2007_s2048_gc/best with step 500
2026-03-27 20:20:18,499 - nanochat.checkpoint_manager - INFO - Building model wi
th config: {'sequence_len': 2048, 'vocab_size': 32768, 'n_layer': 24, 'n_head':
9, 'n_kv_head': 9, 'n_embd': 1152, 'window_pattern': 'L'}
Rank 0 | 0/653 (0.00%)

[autopilot]





















[gpu]
NVIDIA GeForce RTX 4070, 43 %, 8159 MiB, 12282 MiB

=== 2026-03-27 23:11:17 ===
[chain]
max_problems=1000
timestamp=2026-03-27_2020
eval_wandb_project=nanochat-eval
eval_wandb_run_prefix=d24_r32_lora_maxoom_2026-03-27_2007_s2048_gc_confirm_s500
skip_pass1=0
skip_pass8=0
skip_mmlu=0
skip_spelling=0
logs:
  pass1: /home/sun0115/nanochat-learn/notes/d24_r32_lora_maxoom_2026-03-27_2007_
s2048_gc_best_s500_gsm8k_pass1_1000_2026-03-27_2020.log
  pass8: /home/sun0115/nanochat-learn/notes/d24_r32_lora_maxoom_2026-03-27_2007_
s2048_gc_best_s500_gsm8k_pass8_1000_2026-03-27_2020.log
  mmlu: /home/sun0115/nanochat-learn/notes/d24_r32_lora_maxoom_2026-03-27_2007_s
2048_gc_best_s500_mmlu_1000_2026-03-27_2020.log
  spellingbee: /home/sun0115/nanochat-learn/notes/d24_r32_lora_maxoom_2026-03-27
_2007_s2048_gc_best_s500_spellingbee_1000_2026-03-27_2020.log

2026-03-27 20:20:16,025 - nanochat.common - INFO - Distributed world size: 1
wandb: [wandb.login()] Loaded credentials for https://api.wandb.ai from /home/su
n0115/.netrc.
wandb: Currently logged in as: sunshines (sunshines-gmail-com) to https://api.wa
ndb.ai. Use `wandb login --relogin` to force relogin
wandb: setting up run qaqmxmqa
wandb: Tracking run with wandb version 0.24.2
wandb: Run data is saved locally in /home/sun0115/nanochat-learn/nanochat/wandb/
run-20260327_202016-qaqmxmqa
wandb: Run `wandb offline` to turn off syncing.
wandb: Syncing run d24_r32_lora_maxoom_2026-03-27_2007_s2048_gc_confirm_s500_gsm
8k_pass8
wandb: ⭐️ View project at https://wandb.ai/sunshines-gmail-com/nanochat-eval
wandb: 🚀 View run at https://wandb.ai/sunshines-gmail-com/nanochat-eval/runs/qa
qmxmqa
2026-03-27 20:20:17,533 - nanochat.checkpoint_manager - INFO - Loading model fro
m /home/sun0115/.cache/nanochat/chatsft_checkpoints/d24_r32_lora_maxoom_2026-03-
27_2007_s2048_gc/best with step 500
2026-03-27 20:20:18,499 - nanochat.checkpoint_manager - INFO - Building model wi
th config: {'sequence_len': 2048, 'vocab_size': 32768, 'n_layer': 24, 'n_head':
9, 'n_kv_head': 9, 'n_embd': 1152, 'window_pattern': 'L'}
Rank 0 | 0/673 (0.00%)

[autopilot]





















[gpu]
NVIDIA GeForce RTX 4070, 36 %, 8159 MiB, 12282 MiB

=== 2026-03-27 23:16:25 ===
[chain]
max_problems=1000
timestamp=2026-03-27_2020
eval_wandb_project=nanochat-eval
eval_wandb_run_prefix=d24_r32_lora_maxoom_2026-03-27_2007_s2048_gc_confirm_s500
skip_pass1=0
skip_pass8=0
skip_mmlu=0
skip_spelling=0
logs:
  pass1: /home/sun0115/nanochat-learn/notes/d24_r32_lora_maxoom_2026-03-27_2007_
s2048_gc_best_s500_gsm8k_pass1_1000_2026-03-27_2020.log
  pass8: /home/sun0115/nanochat-learn/notes/d24_r32_lora_maxoom_2026-03-27_2007_
s2048_gc_best_s500_gsm8k_pass8_1000_2026-03-27_2020.log
  mmlu: /home/sun0115/nanochat-learn/notes/d24_r32_lora_maxoom_2026-03-27_2007_s
2048_gc_best_s500_mmlu_1000_2026-03-27_2020.log
  spellingbee: /home/sun0115/nanochat-learn/notes/d24_r32_lora_maxoom_2026-03-27
_2007_s2048_gc_best_s500_spellingbee_1000_2026-03-27_2020.log

2026-03-27 20:20:16,025 - nanochat.common - INFO - Distributed world size: 1
wandb: [wandb.login()] Loaded credentials for https://api.wandb.ai from /home/su
n0115/.netrc.
wandb: Currently logged in as: sunshines (sunshines-gmail-com) to https://api.wa
ndb.ai. Use `wandb login --relogin` to force relogin
wandb: setting up run qaqmxmqa
wandb: Tracking run with wandb version 0.24.2
wandb: Run data is saved locally in /home/sun0115/nanochat-learn/nanochat/wandb/
run-20260327_202016-qaqmxmqa
wandb: Run `wandb offline` to turn off syncing.
wandb: Syncing run d24_r32_lora_maxoom_2026-03-27_2007_s2048_gc_confirm_s500_gsm
8k_pass8
wandb: ⭐️ View project at https://wandb.ai/sunshines-gmail-com/nanochat-eval
wandb: 🚀 View run at https://wandb.ai/sunshines-gmail-com/nanochat-eval/runs/qa
qmxmqa
2026-03-27 20:20:17,533 - nanochat.checkpoint_manager - INFO - Loading model fro
m /home/sun0115/.cache/nanochat/chatsft_checkpoints/d24_r32_lora_maxoom_2026-03-
27_2007_s2048_gc/best with step 500
2026-03-27 20:20:18,499 - nanochat.checkpoint_manager - INFO - Building model wi
th config: {'sequence_len': 2048, 'vocab_size': 32768, 'n_layer': 24, 'n_head':
9, 'n_kv_head': 9, 'n_embd': 1152, 'window_pattern': 'L'}
Rank 0 | 0/692 (0.00%)

[autopilot]





















[gpu]
NVIDIA GeForce RTX 4070, 52 %, 8159 MiB, 12282 MiB

=== 2026-03-27 23:21:30 ===
[chain]
max_problems=1000
timestamp=2026-03-27_2020
eval_wandb_project=nanochat-eval
eval_wandb_run_prefix=d24_r32_lora_maxoom_2026-03-27_2007_s2048_gc_confirm_s500
skip_pass1=0
skip_pass8=0
skip_mmlu=0
skip_spelling=0
logs:
  pass1: /home/sun0115/nanochat-learn/notes/d24_r32_lora_maxoom_2026-03-27_2007_
s2048_gc_best_s500_gsm8k_pass1_1000_2026-03-27_2020.log
  pass8: /home/sun0115/nanochat-learn/notes/d24_r32_lora_maxoom_2026-03-27_2007_
s2048_gc_best_s500_gsm8k_pass8_1000_2026-03-27_2020.log
  mmlu: /home/sun0115/nanochat-learn/notes/d24_r32_lora_maxoom_2026-03-27_2007_s
2048_gc_best_s500_mmlu_1000_2026-03-27_2020.log
  spellingbee: /home/sun0115/nanochat-learn/notes/d24_r32_lora_maxoom_2026-03-27
_2007_s2048_gc_best_s500_spellingbee_1000_2026-03-27_2020.log

2026-03-27 20:20:16,025 - nanochat.common - INFO - Distributed world size: 1
wandb: [wandb.login()] Loaded credentials for https://api.wandb.ai from /home/su
n0115/.netrc.
wandb: Currently logged in as: sunshines (sunshines-gmail-com) to https://api.wa
ndb.ai. Use `wandb login --relogin` to force relogin
wandb: setting up run qaqmxmqa
wandb: Tracking run with wandb version 0.24.2
wandb: Run data is saved locally in /home/sun0115/nanochat-learn/nanochat/wandb/
run-20260327_202016-qaqmxmqa
wandb: Run `wandb offline` to turn off syncing.
wandb: Syncing run d24_r32_lora_maxoom_2026-03-27_2007_s2048_gc_confirm_s500_gsm
8k_pass8
wandb: ⭐️ View project at https://wandb.ai/sunshines-gmail-com/nanochat-eval
wandb: 🚀 View run at https://wandb.ai/sunshines-gmail-com/nanochat-eval/runs/qa
qmxmqa
2026-03-27 20:20:17,533 - nanochat.checkpoint_manager - INFO - Loading model fro
m /home/sun0115/.cache/nanochat/chatsft_checkpoints/d24_r32_lora_maxoom_2026-03-
27_2007_s2048_gc/best with step 500
2026-03-27 20:20:18,499 - nanochat.checkpoint_manager - INFO - Building model wi
th config: {'sequence_len': 2048, 'vocab_size': 32768, 'n_layer': 24, 'n_head':
9, 'n_kv_head': 9, 'n_embd': 1152, 'window_pattern': 'L'}
Rank 0 | 0/711 (0.00%)

[autopilot]





















[gpu]
NVIDIA GeForce RTX 4070, 54 %, 8159 MiB, 12282 MiB

=== 2026-03-27 23:26:38 ===
[chain]
max_problems=1000
timestamp=2026-03-27_2020
eval_wandb_project=nanochat-eval
eval_wandb_run_prefix=d24_r32_lora_maxoom_2026-03-27_2007_s2048_gc_confirm_s500
skip_pass1=0
skip_pass8=0
skip_mmlu=0
skip_spelling=0
logs:
  pass1: /home/sun0115/nanochat-learn/notes/d24_r32_lora_maxoom_2026-03-27_2007_
s2048_gc_best_s500_gsm8k_pass1_1000_2026-03-27_2020.log
  pass8: /home/sun0115/nanochat-learn/notes/d24_r32_lora_maxoom_2026-03-27_2007_
s2048_gc_best_s500_gsm8k_pass8_1000_2026-03-27_2020.log
  mmlu: /home/sun0115/nanochat-learn/notes/d24_r32_lora_maxoom_2026-03-27_2007_s
2048_gc_best_s500_mmlu_1000_2026-03-27_2020.log
  spellingbee: /home/sun0115/nanochat-learn/notes/d24_r32_lora_maxoom_2026-03-27
_2007_s2048_gc_best_s500_spellingbee_1000_2026-03-27_2020.log

2026-03-27 20:20:16,025 - nanochat.common - INFO - Distributed world size: 1
wandb: [wandb.login()] Loaded credentials for https://api.wandb.ai from /home/su
n0115/.netrc.
wandb: Currently logged in as: sunshines (sunshines-gmail-com) to https://api.wa
ndb.ai. Use `wandb login --relogin` to force relogin
wandb: setting up run qaqmxmqa
wandb: Tracking run with wandb version 0.24.2
wandb: Run data is saved locally in /home/sun0115/nanochat-learn/nanochat/wandb/
run-20260327_202016-qaqmxmqa
wandb: Run `wandb offline` to turn off syncing.
wandb: Syncing run d24_r32_lora_maxoom_2026-03-27_2007_s2048_gc_confirm_s500_gsm
8k_pass8
wandb: ⭐️ View project at https://wandb.ai/sunshines-gmail-com/nanochat-eval
wandb: 🚀 View run at https://wandb.ai/sunshines-gmail-com/nanochat-eval/runs/qa
qmxmqa
2026-03-27 20:20:17,533 - nanochat.checkpoint_manager - INFO - Loading model fro
m /home/sun0115/.cache/nanochat/chatsft_checkpoints/d24_r32_lora_maxoom_2026-03-
27_2007_s2048_gc/best with step 500
2026-03-27 20:20:18,499 - nanochat.checkpoint_manager - INFO - Building model wi
th config: {'sequence_len': 2048, 'vocab_size': 32768, 'n_layer': 24, 'n_head':
9, 'n_kv_head': 9, 'n_embd': 1152, 'window_pattern': 'L'}
Rank 0 | 0/731 (0.00%)

[autopilot]





















[gpu]
NVIDIA GeForce RTX 4070, 43 %, 8159 MiB, 12282 MiB

=== 2026-03-27 23:31:47 ===
[chain]
max_problems=1000
timestamp=2026-03-27_2020
eval_wandb_project=nanochat-eval
eval_wandb_run_prefix=d24_r32_lora_maxoom_2026-03-27_2007_s2048_gc_confirm_s500
skip_pass1=0
skip_pass8=0
skip_mmlu=0
skip_spelling=0
logs:
  pass1: /home/sun0115/nanochat-learn/notes/d24_r32_lora_maxoom_2026-03-27_2007_
s2048_gc_best_s500_gsm8k_pass1_1000_2026-03-27_2020.log
  pass8: /home/sun0115/nanochat-learn/notes/d24_r32_lora_maxoom_2026-03-27_2007_
s2048_gc_best_s500_gsm8k_pass8_1000_2026-03-27_2020.log
  mmlu: /home/sun0115/nanochat-learn/notes/d24_r32_lora_maxoom_2026-03-27_2007_s
2048_gc_best_s500_mmlu_1000_2026-03-27_2020.log
  spellingbee: /home/sun0115/nanochat-learn/notes/d24_r32_lora_maxoom_2026-03-27
_2007_s2048_gc_best_s500_spellingbee_1000_2026-03-27_2020.log

2026-03-27 20:20:16,025 - nanochat.common - INFO - Distributed world size: 1
wandb: [wandb.login()] Loaded credentials for https://api.wandb.ai from /home/su
n0115/.netrc.
wandb: Currently logged in as: sunshines (sunshines-gmail-com) to https://api.wa
ndb.ai. Use `wandb login --relogin` to force relogin
wandb: setting up run qaqmxmqa
wandb: Tracking run with wandb version 0.24.2
wandb: Run data is saved locally in /home/sun0115/nanochat-learn/nanochat/wandb/
run-20260327_202016-qaqmxmqa
wandb: Run `wandb offline` to turn off syncing.
wandb: Syncing run d24_r32_lora_maxoom_2026-03-27_2007_s2048_gc_confirm_s500_gsm
8k_pass8
wandb: ⭐️ View project at https://wandb.ai/sunshines-gmail-com/nanochat-eval
wandb: 🚀 View run at https://wandb.ai/sunshines-gmail-com/nanochat-eval/runs/qa
qmxmqa
2026-03-27 20:20:17,533 - nanochat.checkpoint_manager - INFO - Loading model fro
m /home/sun0115/.cache/nanochat/chatsft_checkpoints/d24_r32_lora_maxoom_2026-03-
27_2007_s2048_gc/best with step 500
2026-03-27 20:20:18,499 - nanochat.checkpoint_manager - INFO - Building model wi
th config: {'sequence_len': 2048, 'vocab_size': 32768, 'n_layer': 24, 'n_head':
9, 'n_kv_head': 9, 'n_embd': 1152, 'window_pattern': 'L'}
Rank 0 | 0/750 (0.00%)

[autopilot]





















[gpu]
NVIDIA GeForce RTX 4070, 29 %, 8159 MiB, 12282 MiB

=== 2026-03-27 23:36:56 ===
[chain]
max_problems=1000
timestamp=2026-03-27_2020
eval_wandb_project=nanochat-eval
eval_wandb_run_prefix=d24_r32_lora_maxoom_2026-03-27_2007_s2048_gc_confirm_s500
skip_pass1=0
skip_pass8=0
skip_mmlu=0
skip_spelling=0
logs:
  pass1: /home/sun0115/nanochat-learn/notes/d24_r32_lora_maxoom_2026-03-27_2007_
s2048_gc_best_s500_gsm8k_pass1_1000_2026-03-27_2020.log
  pass8: /home/sun0115/nanochat-learn/notes/d24_r32_lora_maxoom_2026-03-27_2007_
s2048_gc_best_s500_gsm8k_pass8_1000_2026-03-27_2020.log
  mmlu: /home/sun0115/nanochat-learn/notes/d24_r32_lora_maxoom_2026-03-27_2007_s
2048_gc_best_s500_mmlu_1000_2026-03-27_2020.log
  spellingbee: /home/sun0115/nanochat-learn/notes/d24_r32_lora_maxoom_2026-03-27
_2007_s2048_gc_best_s500_spellingbee_1000_2026-03-27_2020.log

2026-03-27 20:20:16,025 - nanochat.common - INFO - Distributed world size: 1
wandb: [wandb.login()] Loaded credentials for https://api.wandb.ai from /home/su
n0115/.netrc.
wandb: Currently logged in as: sunshines (sunshines-gmail-com) to https://api.wa
ndb.ai. Use `wandb login --relogin` to force relogin
wandb: setting up run qaqmxmqa
wandb: Tracking run with wandb version 0.24.2
wandb: Run data is saved locally in /home/sun0115/nanochat-learn/nanochat/wandb/
run-20260327_202016-qaqmxmqa
wandb: Run `wandb offline` to turn off syncing.
wandb: Syncing run d24_r32_lora_maxoom_2026-03-27_2007_s2048_gc_confirm_s500_gsm
8k_pass8
wandb: ⭐️ View project at https://wandb.ai/sunshines-gmail-com/nanochat-eval
wandb: 🚀 View run at https://wandb.ai/sunshines-gmail-com/nanochat-eval/runs/qa
qmxmqa
2026-03-27 20:20:17,533 - nanochat.checkpoint_manager - INFO - Loading model fro
m /home/sun0115/.cache/nanochat/chatsft_checkpoints/d24_r32_lora_maxoom_2026-03-
27_2007_s2048_gc/best with step 500
2026-03-27 20:20:18,499 - nanochat.checkpoint_manager - INFO - Building model wi
th config: {'sequence_len': 2048, 'vocab_size': 32768, 'n_layer': 24, 'n_head':
9, 'n_kv_head': 9, 'n_embd': 1152, 'window_pattern': 'L'}
Rank 0 | 0/771 (0.00%)

[autopilot]





















[gpu]
NVIDIA GeForce RTX 4070, 45 %, 8159 MiB, 12282 MiB

=== 2026-03-27 23:42:06 ===
[chain]
max_problems=1000
timestamp=2026-03-27_2020
eval_wandb_project=nanochat-eval
eval_wandb_run_prefix=d24_r32_lora_maxoom_2026-03-27_2007_s2048_gc_confirm_s500
skip_pass1=0
skip_pass8=0
skip_mmlu=0
skip_spelling=0
logs:
  pass1: /home/sun0115/nanochat-learn/notes/d24_r32_lora_maxoom_2026-03-27_2007_
s2048_gc_best_s500_gsm8k_pass1_1000_2026-03-27_2020.log
  pass8: /home/sun0115/nanochat-learn/notes/d24_r32_lora_maxoom_2026-03-27_2007_
s2048_gc_best_s500_gsm8k_pass8_1000_2026-03-27_2020.log
  mmlu: /home/sun0115/nanochat-learn/notes/d24_r32_lora_maxoom_2026-03-27_2007_s
2048_gc_best_s500_mmlu_1000_2026-03-27_2020.log
  spellingbee: /home/sun0115/nanochat-learn/notes/d24_r32_lora_maxoom_2026-03-27
_2007_s2048_gc_best_s500_spellingbee_1000_2026-03-27_2020.log

2026-03-27 20:20:16,025 - nanochat.common - INFO - Distributed world size: 1
wandb: [wandb.login()] Loaded credentials for https://api.wandb.ai from /home/su
n0115/.netrc.
wandb: Currently logged in as: sunshines (sunshines-gmail-com) to https://api.wa
ndb.ai. Use `wandb login --relogin` to force relogin
wandb: setting up run qaqmxmqa
wandb: Tracking run with wandb version 0.24.2
wandb: Run data is saved locally in /home/sun0115/nanochat-learn/nanochat/wandb/
run-20260327_202016-qaqmxmqa
wandb: Run `wandb offline` to turn off syncing.
wandb: Syncing run d24_r32_lora_maxoom_2026-03-27_2007_s2048_gc_confirm_s500_gsm
8k_pass8
wandb: ⭐️ View project at https://wandb.ai/sunshines-gmail-com/nanochat-eval
wandb: 🚀 View run at https://wandb.ai/sunshines-gmail-com/nanochat-eval/runs/qa
qmxmqa
2026-03-27 20:20:17,533 - nanochat.checkpoint_manager - INFO - Loading model fro
m /home/sun0115/.cache/nanochat/chatsft_checkpoints/d24_r32_lora_maxoom_2026-03-
27_2007_s2048_gc/best with step 500
2026-03-27 20:20:18,499 - nanochat.checkpoint_manager - INFO - Building model wi
th config: {'sequence_len': 2048, 'vocab_size': 32768, 'n_layer': 24, 'n_head':
9, 'n_kv_head': 9, 'n_embd': 1152, 'window_pattern': 'L'}
Rank 0 | 0/792 (0.00%)

[autopilot]





















[gpu]
NVIDIA GeForce RTX 4070, 39 %, 8159 MiB, 12282 MiB

=== 2026-03-27 23:47:16 ===
[chain]
max_problems=1000
timestamp=2026-03-27_2020
eval_wandb_project=nanochat-eval
eval_wandb_run_prefix=d24_r32_lora_maxoom_2026-03-27_2007_s2048_gc_confirm_s500
skip_pass1=0
skip_pass8=0
skip_mmlu=0
skip_spelling=0
logs:
  pass1: /home/sun0115/nanochat-learn/notes/d24_r32_lora_maxoom_2026-03-27_2007_
s2048_gc_best_s500_gsm8k_pass1_1000_2026-03-27_2020.log
  pass8: /home/sun0115/nanochat-learn/notes/d24_r32_lora_maxoom_2026-03-27_2007_
s2048_gc_best_s500_gsm8k_pass8_1000_2026-03-27_2020.log
  mmlu: /home/sun0115/nanochat-learn/notes/d24_r32_lora_maxoom_2026-03-27_2007_s
2048_gc_best_s500_mmlu_1000_2026-03-27_2020.log
  spellingbee: /home/sun0115/nanochat-learn/notes/d24_r32_lora_maxoom_2026-03-27
_2007_s2048_gc_best_s500_spellingbee_1000_2026-03-27_2020.log

2026-03-27 20:20:16,025 - nanochat.common - INFO - Distributed world size: 1
wandb: [wandb.login()] Loaded credentials for https://api.wandb.ai from /home/su
n0115/.netrc.
wandb: Currently logged in as: sunshines (sunshines-gmail-com) to https://api.wa
ndb.ai. Use `wandb login --relogin` to force relogin
wandb: setting up run qaqmxmqa
wandb: Tracking run with wandb version 0.24.2
wandb: Run data is saved locally in /home/sun0115/nanochat-learn/nanochat/wandb/
run-20260327_202016-qaqmxmqa
wandb: Run `wandb offline` to turn off syncing.
wandb: Syncing run d24_r32_lora_maxoom_2026-03-27_2007_s2048_gc_confirm_s500_gsm
8k_pass8
wandb: ⭐️ View project at https://wandb.ai/sunshines-gmail-com/nanochat-eval
wandb: 🚀 View run at https://wandb.ai/sunshines-gmail-com/nanochat-eval/runs/qa
qmxmqa
2026-03-27 20:20:17,533 - nanochat.checkpoint_manager - INFO - Loading model fro
m /home/sun0115/.cache/nanochat/chatsft_checkpoints/d24_r32_lora_maxoom_2026-03-
27_2007_s2048_gc/best with step 500
2026-03-27 20:20:18,499 - nanochat.checkpoint_manager - INFO - Building model wi
th config: {'sequence_len': 2048, 'vocab_size': 32768, 'n_layer': 24, 'n_head':
9, 'n_kv_head': 9, 'n_embd': 1152, 'window_pattern': 'L'}
Rank 0 | 0/811 (0.00%)

[autopilot]





















[gpu]
NVIDIA GeForce RTX 4070, 52 %, 8159 MiB, 12282 MiB

=== 2026-03-27 23:52:25 ===
[chain]
max_problems=1000
timestamp=2026-03-27_2020
eval_wandb_project=nanochat-eval
eval_wandb_run_prefix=d24_r32_lora_maxoom_2026-03-27_2007_s2048_gc_confirm_s500
skip_pass1=0
skip_pass8=0
skip_mmlu=0
skip_spelling=0
logs:
  pass1: /home/sun0115/nanochat-learn/notes/d24_r32_lora_maxoom_2026-03-27_2007_
s2048_gc_best_s500_gsm8k_pass1_1000_2026-03-27_2020.log
  pass8: /home/sun0115/nanochat-learn/notes/d24_r32_lora_maxoom_2026-03-27_2007_
s2048_gc_best_s500_gsm8k_pass8_1000_2026-03-27_2020.log
  mmlu: /home/sun0115/nanochat-learn/notes/d24_r32_lora_maxoom_2026-03-27_2007_s
2048_gc_best_s500_mmlu_1000_2026-03-27_2020.log
  spellingbee: /home/sun0115/nanochat-learn/notes/d24_r32_lora_maxoom_2026-03-27
_2007_s2048_gc_best_s500_spellingbee_1000_2026-03-27_2020.log

2026-03-27 20:20:16,025 - nanochat.common - INFO - Distributed world size: 1
wandb: [wandb.login()] Loaded credentials for https://api.wandb.ai from /home/su
n0115/.netrc.
wandb: Currently logged in as: sunshines (sunshines-gmail-com) to https://api.wa
ndb.ai. Use `wandb login --relogin` to force relogin
wandb: setting up run qaqmxmqa
wandb: Tracking run with wandb version 0.24.2
wandb: Run data is saved locally in /home/sun0115/nanochat-learn/nanochat/wandb/
run-20260327_202016-qaqmxmqa
wandb: Run `wandb offline` to turn off syncing.
wandb: Syncing run d24_r32_lora_maxoom_2026-03-27_2007_s2048_gc_confirm_s500_gsm
8k_pass8
wandb: ⭐️ View project at https://wandb.ai/sunshines-gmail-com/nanochat-eval
wandb: 🚀 View run at https://wandb.ai/sunshines-gmail-com/nanochat-eval/runs/qa
qmxmqa
2026-03-27 20:20:17,533 - nanochat.checkpoint_manager - INFO - Loading model fro
m /home/sun0115/.cache/nanochat/chatsft_checkpoints/d24_r32_lora_maxoom_2026-03-
27_2007_s2048_gc/best with step 500
2026-03-27 20:20:18,499 - nanochat.checkpoint_manager - INFO - Building model wi
th config: {'sequence_len': 2048, 'vocab_size': 32768, 'n_layer': 24, 'n_head':
9, 'n_kv_head': 9, 'n_embd': 1152, 'window_pattern': 'L'}
Rank 0 | 0/831 (0.00%)

[autopilot]





















[gpu]
NVIDIA GeForce RTX 4070, 44 %, 8159 MiB, 12282 MiB

=== 2026-03-27 23:57:35 ===
[chain]
max_problems=1000
timestamp=2026-03-27_2020
eval_wandb_project=nanochat-eval
eval_wandb_run_prefix=d24_r32_lora_maxoom_2026-03-27_2007_s2048_gc_confirm_s500
skip_pass1=0
skip_pass8=0
skip_mmlu=0
skip_spelling=0
logs:
  pass1: /home/sun0115/nanochat-learn/notes/d24_r32_lora_maxoom_2026-03-27_2007_
s2048_gc_best_s500_gsm8k_pass1_1000_2026-03-27_2020.log
  pass8: /home/sun0115/nanochat-learn/notes/d24_r32_lora_maxoom_2026-03-27_2007_
s2048_gc_best_s500_gsm8k_pass8_1000_2026-03-27_2020.log
  mmlu: /home/sun0115/nanochat-learn/notes/d24_r32_lora_maxoom_2026-03-27_2007_s
2048_gc_best_s500_mmlu_1000_2026-03-27_2020.log
  spellingbee: /home/sun0115/nanochat-learn/notes/d24_r32_lora_maxoom_2026-03-27
_2007_s2048_gc_best_s500_spellingbee_1000_2026-03-27_2020.log

2026-03-27 20:20:16,025 - nanochat.common - INFO - Distributed world size: 1
wandb: [wandb.login()] Loaded credentials for https://api.wandb.ai from /home/su
n0115/.netrc.
wandb: Currently logged in as: sunshines (sunshines-gmail-com) to https://api.wa
ndb.ai. Use `wandb login --relogin` to force relogin
wandb: setting up run qaqmxmqa
wandb: Tracking run with wandb version 0.24.2
wandb: Run data is saved locally in /home/sun0115/nanochat-learn/nanochat/wandb/
run-20260327_202016-qaqmxmqa
wandb: Run `wandb offline` to turn off syncing.
wandb: Syncing run d24_r32_lora_maxoom_2026-03-27_2007_s2048_gc_confirm_s500_gsm
8k_pass8
wandb: ⭐️ View project at https://wandb.ai/sunshines-gmail-com/nanochat-eval
wandb: 🚀 View run at https://wandb.ai/sunshines-gmail-com/nanochat-eval/runs/qa
qmxmqa
2026-03-27 20:20:17,533 - nanochat.checkpoint_manager - INFO - Loading model fro
m /home/sun0115/.cache/nanochat/chatsft_checkpoints/d24_r32_lora_maxoom_2026-03-
27_2007_s2048_gc/best with step 500
2026-03-27 20:20:18,499 - nanochat.checkpoint_manager - INFO - Building model wi
th config: {'sequence_len': 2048, 'vocab_size': 32768, 'n_layer': 24, 'n_head':
9, 'n_kv_head': 9, 'n_embd': 1152, 'window_pattern': 'L'}
Rank 0 | 0/851 (0.00%)

[autopilot]





















[gpu]
NVIDIA GeForce RTX 4070, 45 %, 8159 MiB, 12282 MiB

=== 2026-03-28 00:02:46 ===
[chain]
max_problems=1000
timestamp=2026-03-27_2020
eval_wandb_project=nanochat-eval
eval_wandb_run_prefix=d24_r32_lora_maxoom_2026-03-27_2007_s2048_gc_confirm_s500
skip_pass1=0
skip_pass8=0
skip_mmlu=0
skip_spelling=0
logs:
  pass1: /home/sun0115/nanochat-learn/notes/d24_r32_lora_maxoom_2026-03-27_2007_
s2048_gc_best_s500_gsm8k_pass1_1000_2026-03-27_2020.log
  pass8: /home/sun0115/nanochat-learn/notes/d24_r32_lora_maxoom_2026-03-27_2007_
s2048_gc_best_s500_gsm8k_pass8_1000_2026-03-27_2020.log
  mmlu: /home/sun0115/nanochat-learn/notes/d24_r32_lora_maxoom_2026-03-27_2007_s
2048_gc_best_s500_mmlu_1000_2026-03-27_2020.log
  spellingbee: /home/sun0115/nanochat-learn/notes/d24_r32_lora_maxoom_2026-03-27
_2007_s2048_gc_best_s500_spellingbee_1000_2026-03-27_2020.log

2026-03-27 20:20:16,025 - nanochat.common - INFO - Distributed world size: 1
wandb: [wandb.login()] Loaded credentials for https://api.wandb.ai from /home/su
n0115/.netrc.
wandb: Currently logged in as: sunshines (sunshines-gmail-com) to https://api.wa
ndb.ai. Use `wandb login --relogin` to force relogin
wandb: setting up run qaqmxmqa
wandb: Tracking run with wandb version 0.24.2
wandb: Run data is saved locally in /home/sun0115/nanochat-learn/nanochat/wandb/
run-20260327_202016-qaqmxmqa
wandb: Run `wandb offline` to turn off syncing.
wandb: Syncing run d24_r32_lora_maxoom_2026-03-27_2007_s2048_gc_confirm_s500_gsm
8k_pass8
wandb: ⭐️ View project at https://wandb.ai/sunshines-gmail-com/nanochat-eval
wandb: 🚀 View run at https://wandb.ai/sunshines-gmail-com/nanochat-eval/runs/qa
qmxmqa
2026-03-27 20:20:17,533 - nanochat.checkpoint_manager - INFO - Loading model fro
m /home/sun0115/.cache/nanochat/chatsft_checkpoints/d24_r32_lora_maxoom_2026-03-
27_2007_s2048_gc/best with step 500
2026-03-27 20:20:18,499 - nanochat.checkpoint_manager - INFO - Building model wi
th config: {'sequence_len': 2048, 'vocab_size': 32768, 'n_layer': 24, 'n_head':
9, 'n_kv_head': 9, 'n_embd': 1152, 'window_pattern': 'L'}
Rank 0 | 0/871 (0.00%)

[autopilot]





















[gpu]
NVIDIA GeForce RTX 4070, 42 %, 8159 MiB, 12282 MiB

=== 2026-03-28 00:07:56 ===
[chain]
max_problems=1000
timestamp=2026-03-27_2020
eval_wandb_project=nanochat-eval
eval_wandb_run_prefix=d24_r32_lora_maxoom_2026-03-27_2007_s2048_gc_confirm_s500
skip_pass1=0
skip_pass8=0
skip_mmlu=0
skip_spelling=0
logs:
  pass1: /home/sun0115/nanochat-learn/notes/d24_r32_lora_maxoom_2026-03-27_2007_
s2048_gc_best_s500_gsm8k_pass1_1000_2026-03-27_2020.log
  pass8: /home/sun0115/nanochat-learn/notes/d24_r32_lora_maxoom_2026-03-27_2007_
s2048_gc_best_s500_gsm8k_pass8_1000_2026-03-27_2020.log
  mmlu: /home/sun0115/nanochat-learn/notes/d24_r32_lora_maxoom_2026-03-27_2007_s
2048_gc_best_s500_mmlu_1000_2026-03-27_2020.log
  spellingbee: /home/sun0115/nanochat-learn/notes/d24_r32_lora_maxoom_2026-03-27
_2007_s2048_gc_best_s500_spellingbee_1000_2026-03-27_2020.log

2026-03-27 20:20:16,025 - nanochat.common - INFO - Distributed world size: 1
wandb: [wandb.login()] Loaded credentials for https://api.wandb.ai from /home/su
n0115/.netrc.
wandb: Currently logged in as: sunshines (sunshines-gmail-com) to https://api.wa
ndb.ai. Use `wandb login --relogin` to force relogin
wandb: setting up run qaqmxmqa
wandb: Tracking run with wandb version 0.24.2
wandb: Run data is saved locally in /home/sun0115/nanochat-learn/nanochat/wandb/
run-20260327_202016-qaqmxmqa
wandb: Run `wandb offline` to turn off syncing.
wandb: Syncing run d24_r32_lora_maxoom_2026-03-27_2007_s2048_gc_confirm_s500_gsm
8k_pass8
wandb: ⭐️ View project at https://wandb.ai/sunshines-gmail-com/nanochat-eval
wandb: 🚀 View run at https://wandb.ai/sunshines-gmail-com/nanochat-eval/runs/qa
qmxmqa
2026-03-27 20:20:17,533 - nanochat.checkpoint_manager - INFO - Loading model fro
m /home/sun0115/.cache/nanochat/chatsft_checkpoints/d24_r32_lora_maxoom_2026-03-
27_2007_s2048_gc/best with step 500
2026-03-27 20:20:18,499 - nanochat.checkpoint_manager - INFO - Building model wi
th config: {'sequence_len': 2048, 'vocab_size': 32768, 'n_layer': 24, 'n_head':
9, 'n_kv_head': 9, 'n_embd': 1152, 'window_pattern': 'L'}
Rank 0 | 0/891 (0.00%)

[autopilot]





















[gpu]
NVIDIA GeForce RTX 4070, 43 %, 8159 MiB, 12282 MiB

=== 2026-03-28 00:13:06 ===
[chain]
max_problems=1000
timestamp=2026-03-27_2020
eval_wandb_project=nanochat-eval
eval_wandb_run_prefix=d24_r32_lora_maxoom_2026-03-27_2007_s2048_gc_confirm_s500
skip_pass1=0
skip_pass8=0
skip_mmlu=0
skip_spelling=0
logs:
  pass1: /home/sun0115/nanochat-learn/notes/d24_r32_lora_maxoom_2026-03-27_2007_
s2048_gc_best_s500_gsm8k_pass1_1000_2026-03-27_2020.log
  pass8: /home/sun0115/nanochat-learn/notes/d24_r32_lora_maxoom_2026-03-27_2007_
s2048_gc_best_s500_gsm8k_pass8_1000_2026-03-27_2020.log
  mmlu: /home/sun0115/nanochat-learn/notes/d24_r32_lora_maxoom_2026-03-27_2007_s
2048_gc_best_s500_mmlu_1000_2026-03-27_2020.log
  spellingbee: /home/sun0115/nanochat-learn/notes/d24_r32_lora_maxoom_2026-03-27
_2007_s2048_gc_best_s500_spellingbee_1000_2026-03-27_2020.log

2026-03-27 20:20:16,025 - nanochat.common - INFO - Distributed world size: 1
wandb: [wandb.login()] Loaded credentials for https://api.wandb.ai from /home/su
n0115/.netrc.
wandb: Currently logged in as: sunshines (sunshines-gmail-com) to https://api.wa
ndb.ai. Use `wandb login --relogin` to force relogin
wandb: setting up run qaqmxmqa
wandb: Tracking run with wandb version 0.24.2
wandb: Run data is saved locally in /home/sun0115/nanochat-learn/nanochat/wandb/
run-20260327_202016-qaqmxmqa
wandb: Run `wandb offline` to turn off syncing.
wandb: Syncing run d24_r32_lora_maxoom_2026-03-27_2007_s2048_gc_confirm_s500_gsm
8k_pass8
wandb: ⭐️ View project at https://wandb.ai/sunshines-gmail-com/nanochat-eval
wandb: 🚀 View run at https://wandb.ai/sunshines-gmail-com/nanochat-eval/runs/qa
qmxmqa
2026-03-27 20:20:17,533 - nanochat.checkpoint_manager - INFO - Loading model fro
m /home/sun0115/.cache/nanochat/chatsft_checkpoints/d24_r32_lora_maxoom_2026-03-
27_2007_s2048_gc/best with step 500
2026-03-27 20:20:18,499 - nanochat.checkpoint_manager - INFO - Building model wi
th config: {'sequence_len': 2048, 'vocab_size': 32768, 'n_layer': 24, 'n_head':
9, 'n_kv_head': 9, 'n_embd': 1152, 'window_pattern': 'L'}
Rank 0 | 0/911 (0.00%)

[autopilot]





















[gpu]
NVIDIA GeForce RTX 4070, 48 %, 8159 MiB, 12282 MiB

=== 2026-03-28 00:18:18 ===
[chain]
max_problems=1000
timestamp=2026-03-27_2020
eval_wandb_project=nanochat-eval
eval_wandb_run_prefix=d24_r32_lora_maxoom_2026-03-27_2007_s2048_gc_confirm_s500
skip_pass1=0
skip_pass8=0
skip_mmlu=0
skip_spelling=0
logs:
  pass1: /home/sun0115/nanochat-learn/notes/d24_r32_lora_maxoom_2026-03-27_2007_
s2048_gc_best_s500_gsm8k_pass1_1000_2026-03-27_2020.log
  pass8: /home/sun0115/nanochat-learn/notes/d24_r32_lora_maxoom_2026-03-27_2007_
s2048_gc_best_s500_gsm8k_pass8_1000_2026-03-27_2020.log
  mmlu: /home/sun0115/nanochat-learn/notes/d24_r32_lora_maxoom_2026-03-27_2007_s
2048_gc_best_s500_mmlu_1000_2026-03-27_2020.log
  spellingbee: /home/sun0115/nanochat-learn/notes/d24_r32_lora_maxoom_2026-03-27
_2007_s2048_gc_best_s500_spellingbee_1000_2026-03-27_2020.log

2026-03-27 20:20:16,025 - nanochat.common - INFO - Distributed world size: 1
wandb: [wandb.login()] Loaded credentials for https://api.wandb.ai from /home/su
n0115/.netrc.
wandb: Currently logged in as: sunshines (sunshines-gmail-com) to https://api.wa
ndb.ai. Use `wandb login --relogin` to force relogin
wandb: setting up run qaqmxmqa
wandb: Tracking run with wandb version 0.24.2
wandb: Run data is saved locally in /home/sun0115/nanochat-learn/nanochat/wandb/
run-20260327_202016-qaqmxmqa
wandb: Run `wandb offline` to turn off syncing.
wandb: Syncing run d24_r32_lora_maxoom_2026-03-27_2007_s2048_gc_confirm_s500_gsm
8k_pass8
wandb: ⭐️ View project at https://wandb.ai/sunshines-gmail-com/nanochat-eval
wandb: 🚀 View run at https://wandb.ai/sunshines-gmail-com/nanochat-eval/runs/qa
qmxmqa
2026-03-27 20:20:17,533 - nanochat.checkpoint_manager - INFO - Loading model fro
m /home/sun0115/.cache/nanochat/chatsft_checkpoints/d24_r32_lora_maxoom_2026-03-
27_2007_s2048_gc/best with step 500
2026-03-27 20:20:18,499 - nanochat.checkpoint_manager - INFO - Building model wi
th config: {'sequence_len': 2048, 'vocab_size': 32768, 'n_layer': 24, 'n_head':
9, 'n_kv_head': 9, 'n_embd': 1152, 'window_pattern': 'L'}
Rank 0 | 0/932 (0.00%)

[autopilot]





















[gpu]
NVIDIA GeForce RTX 4070, 39 %, 8159 MiB, 12282 MiB

=== 2026-03-28 00:23:29 ===
[chain]
max_problems=1000
timestamp=2026-03-27_2020
eval_wandb_project=nanochat-eval
eval_wandb_run_prefix=d24_r32_lora_maxoom_2026-03-27_2007_s2048_gc_confirm_s500
skip_pass1=0
skip_pass8=0
skip_mmlu=0
skip_spelling=0
logs:
  pass1: /home/sun0115/nanochat-learn/notes/d24_r32_lora_maxoom_2026-03-27_2007_
s2048_gc_best_s500_gsm8k_pass1_1000_2026-03-27_2020.log
  pass8: /home/sun0115/nanochat-learn/notes/d24_r32_lora_maxoom_2026-03-27_2007_
s2048_gc_best_s500_gsm8k_pass8_1000_2026-03-27_2020.log
  mmlu: /home/sun0115/nanochat-learn/notes/d24_r32_lora_maxoom_2026-03-27_2007_s
2048_gc_best_s500_mmlu_1000_2026-03-27_2020.log
  spellingbee: /home/sun0115/nanochat-learn/notes/d24_r32_lora_maxoom_2026-03-27
_2007_s2048_gc_best_s500_spellingbee_1000_2026-03-27_2020.log

2026-03-27 20:20:16,025 - nanochat.common - INFO - Distributed world size: 1
wandb: [wandb.login()] Loaded credentials for https://api.wandb.ai from /home/su
n0115/.netrc.
wandb: Currently logged in as: sunshines (sunshines-gmail-com) to https://api.wa
ndb.ai. Use `wandb login --relogin` to force relogin
wandb: setting up run qaqmxmqa
wandb: Tracking run with wandb version 0.24.2
wandb: Run data is saved locally in /home/sun0115/nanochat-learn/nanochat/wandb/
run-20260327_202016-qaqmxmqa
wandb: Run `wandb offline` to turn off syncing.
wandb: Syncing run d24_r32_lora_maxoom_2026-03-27_2007_s2048_gc_confirm_s500_gsm
8k_pass8
wandb: ⭐️ View project at https://wandb.ai/sunshines-gmail-com/nanochat-eval
wandb: 🚀 View run at https://wandb.ai/sunshines-gmail-com/nanochat-eval/runs/qa
qmxmqa
2026-03-27 20:20:17,533 - nanochat.checkpoint_manager - INFO - Loading model fro
m /home/sun0115/.cache/nanochat/chatsft_checkpoints/d24_r32_lora_maxoom_2026-03-
27_2007_s2048_gc/best with step 500
2026-03-27 20:20:18,499 - nanochat.checkpoint_manager - INFO - Building model wi
th config: {'sequence_len': 2048, 'vocab_size': 32768, 'n_layer': 24, 'n_head':
9, 'n_kv_head': 9, 'n_embd': 1152, 'window_pattern': 'L'}
Rank 0 | 0/952 (0.00%)

[autopilot]





















[gpu]
NVIDIA GeForce RTX 4070, 45 %, 8159 MiB, 12282 MiB

=== 2026-03-28 00:28:40 ===
[chain]
max_problems=1000
timestamp=2026-03-27_2020
eval_wandb_project=nanochat-eval
eval_wandb_run_prefix=d24_r32_lora_maxoom_2026-03-27_2007_s2048_gc_confirm_s500
skip_pass1=0
skip_pass8=0
skip_mmlu=0
skip_spelling=0
logs:
  pass1: /home/sun0115/nanochat-learn/notes/d24_r32_lora_maxoom_2026-03-27_2007_
s2048_gc_best_s500_gsm8k_pass1_1000_2026-03-27_2020.log
  pass8: /home/sun0115/nanochat-learn/notes/d24_r32_lora_maxoom_2026-03-27_2007_
s2048_gc_best_s500_gsm8k_pass8_1000_2026-03-27_2020.log
  mmlu: /home/sun0115/nanochat-learn/notes/d24_r32_lora_maxoom_2026-03-27_2007_s
2048_gc_best_s500_mmlu_1000_2026-03-27_2020.log
  spellingbee: /home/sun0115/nanochat-learn/notes/d24_r32_lora_maxoom_2026-03-27
_2007_s2048_gc_best_s500_spellingbee_1000_2026-03-27_2020.log

2026-03-27 20:20:16,025 - nanochat.common - INFO - Distributed world size: 1
wandb: [wandb.login()] Loaded credentials for https://api.wandb.ai from /home/su
n0115/.netrc.
wandb: Currently logged in as: sunshines (sunshines-gmail-com) to https://api.wa
ndb.ai. Use `wandb login --relogin` to force relogin
wandb: setting up run qaqmxmqa
wandb: Tracking run with wandb version 0.24.2
wandb: Run data is saved locally in /home/sun0115/nanochat-learn/nanochat/wandb/
run-20260327_202016-qaqmxmqa
wandb: Run `wandb offline` to turn off syncing.
wandb: Syncing run d24_r32_lora_maxoom_2026-03-27_2007_s2048_gc_confirm_s500_gsm
8k_pass8
wandb: ⭐️ View project at https://wandb.ai/sunshines-gmail-com/nanochat-eval
wandb: 🚀 View run at https://wandb.ai/sunshines-gmail-com/nanochat-eval/runs/qa
qmxmqa
2026-03-27 20:20:17,533 - nanochat.checkpoint_manager - INFO - Loading model fro
m /home/sun0115/.cache/nanochat/chatsft_checkpoints/d24_r32_lora_maxoom_2026-03-
27_2007_s2048_gc/best with step 500
2026-03-27 20:20:18,499 - nanochat.checkpoint_manager - INFO - Building model wi
th config: {'sequence_len': 2048, 'vocab_size': 32768, 'n_layer': 24, 'n_head':
9, 'n_kv_head': 9, 'n_embd': 1152, 'window_pattern': 'L'}
Rank 0 | 0/972 (0.00%)

[autopilot]





















[gpu]
NVIDIA GeForce RTX 4070, 39 %, 8159 MiB, 12282 MiB

=== 2026-03-28 00:33:52 ===
[chain]
max_problems=1000
timestamp=2026-03-27_2020
eval_wandb_project=nanochat-eval
eval_wandb_run_prefix=d24_r32_lora_maxoom_2026-03-27_2007_s2048_gc_confirm_s500
skip_pass1=0
skip_pass8=0
skip_mmlu=0
skip_spelling=0
logs:
  pass1: /home/sun0115/nanochat-learn/notes/d24_r32_lora_maxoom_2026-03-27_2007_
s2048_gc_best_s500_gsm8k_pass1_1000_2026-03-27_2020.log
  pass8: /home/sun0115/nanochat-learn/notes/d24_r32_lora_maxoom_2026-03-27_2007_
s2048_gc_best_s500_gsm8k_pass8_1000_2026-03-27_2020.log
  mmlu: /home/sun0115/nanochat-learn/notes/d24_r32_lora_maxoom_2026-03-27_2007_s
2048_gc_best_s500_mmlu_1000_2026-03-27_2020.log
  spellingbee: /home/sun0115/nanochat-learn/notes/d24_r32_lora_maxoom_2026-03-27
_2007_s2048_gc_best_s500_spellingbee_1000_2026-03-27_2020.log

2026-03-27 20:20:16,025 - nanochat.common - INFO - Distributed world size: 1
wandb: [wandb.login()] Loaded credentials for https://api.wandb.ai from /home/su
n0115/.netrc.
wandb: Currently logged in as: sunshines (sunshines-gmail-com) to https://api.wa
ndb.ai. Use `wandb login --relogin` to force relogin
wandb: setting up run qaqmxmqa
wandb: Tracking run with wandb version 0.24.2
wandb: Run data is saved locally in /home/sun0115/nanochat-learn/nanochat/wandb/
run-20260327_202016-qaqmxmqa
wandb: Run `wandb offline` to turn off syncing.
wandb: Syncing run d24_r32_lora_maxoom_2026-03-27_2007_s2048_gc_confirm_s500_gsm
8k_pass8
wandb: ⭐️ View project at https://wandb.ai/sunshines-gmail-com/nanochat-eval
wandb: 🚀 View run at https://wandb.ai/sunshines-gmail-com/nanochat-eval/runs/qa
qmxmqa
2026-03-27 20:20:17,533 - nanochat.checkpoint_manager - INFO - Loading model fro
m /home/sun0115/.cache/nanochat/chatsft_checkpoints/d24_r32_lora_maxoom_2026-03-
27_2007_s2048_gc/best with step 500
2026-03-27 20:20:18,499 - nanochat.checkpoint_manager - INFO - Building model wi
th config: {'sequence_len': 2048, 'vocab_size': 32768, 'n_layer': 24, 'n_head':
9, 'n_kv_head': 9, 'n_embd': 1152, 'window_pattern': 'L'}
Rank 0 | 0/991 (0.00%)

[autopilot]





















[gpu]
NVIDIA GeForce RTX 4070, 46 %, 8159 MiB, 12282 MiB

=== 2026-03-28 00:39:03 ===
[chain]
wandb:  eval/mmlu_accuracy ▁
wandb: final/mmlu_accuracy ▁
wandb:          task_index ▁
wandb:
wandb: Run summary:
wandb:  eval/mmlu_accuracy 0.216
wandb: final/mmlu_accuracy 0.216
wandb:          task_index 1
wandb:
wandb: 🚀 View run d24_r32_lora_maxoom_2026-03-27_2007_s2048_gc_confirm_s500_mml
u at: https://wandb.ai/sunshines-gmail-com/nanochat-eval/runs/1r6zsp6x
wandb: ⭐️ View project at: https://wandb.ai/sunshines-gmail-com/nanochat-eval
wandb: Synced 5 W&B file(s), 0 media file(s), 0 artifact file(s) and 0 other fil
e(s)
wandb: Find logs at: ./wandb/run-20260328_003552-1r6zsp6x/logs
[W328 00:36:12.749935003 AllocatorConfig.cpp:28] Warning: PYTORCH_CUDA_ALLOC_CON
F is deprecated, use PYTORCH_ALLOC_CONF instead (function operator())
MMLU: 216/1000 = 21.60% | Wilson95% [19.16%, 24.26%]
2026-03-28 00:36:14,080 - nanochat.common - INFO - Distributed world size: 1
wandb: [wandb.login()] Loaded credentials for https://api.wandb.ai from /home/su
n0115/.netrc.
wandb: Currently logged in as: sunshines (sunshines-gmail-com) to https://api.wa
ndb.ai. Use `wandb login --relogin` to force relogin
wandb: setting up run hhf5qp3w
wandb: Tracking run with wandb version 0.24.2
wandb: Run data is saved locally in /home/sun0115/nanochat-learn/nanochat/wandb/
run-20260328_003614-hhf5qp3w
wandb: Run `wandb offline` to turn off syncing.
wandb: Syncing run d24_r32_lora_maxoom_2026-03-27_2007_s2048_gc_confirm_s500_spe
llingbee
wandb: ⭐️ View project at https://wandb.ai/sunshines-gmail-com/nanochat-eval
wandb: 🚀 View run at https://wandb.ai/sunshines-gmail-com/nanochat-eval/runs/hh
f5qp3w
2026-03-28 00:36:15,236 - nanochat.checkpoint_manager - INFO - Loading model fro
m /home/sun0115/.cache/nanochat/chatsft_checkpoints/d24_r32_lora_maxoom_2026-03-
27_2007_s2048_gc/best with step 500
2026-03-28 00:36:16,102 - nanochat.checkpoint_manager - INFO - Building model wi
th config: {'sequence_len': 2048, 'vocab_size': 32768, 'n_layer': 24, 'n_head':
9, 'n_kv_head': 9, 'n_embd': 1152, 'window_pattern': 'L'}
Rank 0 | 0/21 (0.00%)

[autopilot]





















[gpu]
NVIDIA GeForce RTX 4070, 32 %, 7177 MiB, 12282 MiB

=== 2026-03-28 00:44:14 ===
[chain]
wandb:  eval/mmlu_accuracy ▁
wandb: final/mmlu_accuracy ▁
wandb:          task_index ▁
wandb:
wandb: Run summary:
wandb:  eval/mmlu_accuracy 0.216
wandb: final/mmlu_accuracy 0.216
wandb:          task_index 1
wandb:
wandb: 🚀 View run d24_r32_lora_maxoom_2026-03-27_2007_s2048_gc_confirm_s500_mml
u at: https://wandb.ai/sunshines-gmail-com/nanochat-eval/runs/1r6zsp6x
wandb: ⭐️ View project at: https://wandb.ai/sunshines-gmail-com/nanochat-eval
wandb: Synced 5 W&B file(s), 0 media file(s), 0 artifact file(s) and 0 other fil
e(s)
wandb: Find logs at: ./wandb/run-20260328_003552-1r6zsp6x/logs
[W328 00:36:12.749935003 AllocatorConfig.cpp:28] Warning: PYTORCH_CUDA_ALLOC_CON
F is deprecated, use PYTORCH_ALLOC_CONF instead (function operator())
MMLU: 216/1000 = 21.60% | Wilson95% [19.16%, 24.26%]
2026-03-28 00:36:14,080 - nanochat.common - INFO - Distributed world size: 1
wandb: [wandb.login()] Loaded credentials for https://api.wandb.ai from /home/su
n0115/.netrc.
wandb: Currently logged in as: sunshines (sunshines-gmail-com) to https://api.wa
ndb.ai. Use `wandb login --relogin` to force relogin
wandb: setting up run hhf5qp3w
wandb: Tracking run with wandb version 0.24.2
wandb: Run data is saved locally in /home/sun0115/nanochat-learn/nanochat/wandb/
run-20260328_003614-hhf5qp3w
wandb: Run `wandb offline` to turn off syncing.
wandb: Syncing run d24_r32_lora_maxoom_2026-03-27_2007_s2048_gc_confirm_s500_spe
llingbee
wandb: ⭐️ View project at https://wandb.ai/sunshines-gmail-com/nanochat-eval
wandb: 🚀 View run at https://wandb.ai/sunshines-gmail-com/nanochat-eval/runs/hh
f5qp3w
2026-03-28 00:36:15,236 - nanochat.checkpoint_manager - INFO - Loading model fro
m /home/sun0115/.cache/nanochat/chatsft_checkpoints/d24_r32_lora_maxoom_2026-03-
27_2007_s2048_gc/best with step 500
2026-03-28 00:36:16,102 - nanochat.checkpoint_manager - INFO - Building model wi
th config: {'sequence_len': 2048, 'vocab_size': 32768, 'n_layer': 24, 'n_head':
9, 'n_kv_head': 9, 'n_embd': 1152, 'window_pattern': 'L'}
Rank 0 | 0/65 (0.00%)

[autopilot]





















[gpu]
NVIDIA GeForce RTX 4070, 35 %, 7177 MiB, 12282 MiB

=== 2026-03-28 00:49:25 ===
[chain]
wandb:  eval/mmlu_accuracy ▁
wandb: final/mmlu_accuracy ▁
wandb:          task_index ▁
wandb:
wandb: Run summary:
wandb:  eval/mmlu_accuracy 0.216
wandb: final/mmlu_accuracy 0.216
wandb:          task_index 1
wandb:
wandb: 🚀 View run d24_r32_lora_maxoom_2026-03-27_2007_s2048_gc_confirm_s500_mml
u at: https://wandb.ai/sunshines-gmail-com/nanochat-eval/runs/1r6zsp6x
wandb: ⭐️ View project at: https://wandb.ai/sunshines-gmail-com/nanochat-eval
wandb: Synced 5 W&B file(s), 0 media file(s), 0 artifact file(s) and 0 other fil
e(s)
wandb: Find logs at: ./wandb/run-20260328_003552-1r6zsp6x/logs
[W328 00:36:12.749935003 AllocatorConfig.cpp:28] Warning: PYTORCH_CUDA_ALLOC_CON
F is deprecated, use PYTORCH_ALLOC_CONF instead (function operator())
MMLU: 216/1000 = 21.60% | Wilson95% [19.16%, 24.26%]
2026-03-28 00:36:14,080 - nanochat.common - INFO - Distributed world size: 1
wandb: [wandb.login()] Loaded credentials for https://api.wandb.ai from /home/su
n0115/.netrc.
wandb: Currently logged in as: sunshines (sunshines-gmail-com) to https://api.wa
ndb.ai. Use `wandb login --relogin` to force relogin
wandb: setting up run hhf5qp3w
wandb: Tracking run with wandb version 0.24.2
wandb: Run data is saved locally in /home/sun0115/nanochat-learn/nanochat/wandb/
run-20260328_003614-hhf5qp3w
wandb: Run `wandb offline` to turn off syncing.
wandb: Syncing run d24_r32_lora_maxoom_2026-03-27_2007_s2048_gc_confirm_s500_spe
llingbee
wandb: ⭐️ View project at https://wandb.ai/sunshines-gmail-com/nanochat-eval
wandb: 🚀 View run at https://wandb.ai/sunshines-gmail-com/nanochat-eval/runs/hh
f5qp3w
2026-03-28 00:36:15,236 - nanochat.checkpoint_manager - INFO - Loading model fro
m /home/sun0115/.cache/nanochat/chatsft_checkpoints/d24_r32_lora_maxoom_2026-03-
27_2007_s2048_gc/best with step 500
2026-03-28 00:36:16,102 - nanochat.checkpoint_manager - INFO - Building model wi
th config: {'sequence_len': 2048, 'vocab_size': 32768, 'n_layer': 24, 'n_head':
9, 'n_kv_head': 9, 'n_embd': 1152, 'window_pattern': 'L'}
Rank 0 | 0/106 (0.00%)

[autopilot]





















[gpu]
NVIDIA GeForce RTX 4070, 47 %, 7177 MiB, 12282 MiB

=== 2026-03-28 00:54:38 ===
[chain]
wandb:  eval/mmlu_accuracy ▁
wandb: final/mmlu_accuracy ▁
wandb:          task_index ▁
wandb:
wandb: Run summary:
wandb:  eval/mmlu_accuracy 0.216
wandb: final/mmlu_accuracy 0.216
wandb:          task_index 1
wandb:
wandb: 🚀 View run d24_r32_lora_maxoom_2026-03-27_2007_s2048_gc_confirm_s500_mml
u at: https://wandb.ai/sunshines-gmail-com/nanochat-eval/runs/1r6zsp6x
wandb: ⭐️ View project at: https://wandb.ai/sunshines-gmail-com/nanochat-eval
wandb: Synced 5 W&B file(s), 0 media file(s), 0 artifact file(s) and 0 other fil
e(s)
wandb: Find logs at: ./wandb/run-20260328_003552-1r6zsp6x/logs
[W328 00:36:12.749935003 AllocatorConfig.cpp:28] Warning: PYTORCH_CUDA_ALLOC_CON
F is deprecated, use PYTORCH_ALLOC_CONF instead (function operator())
MMLU: 216/1000 = 21.60% | Wilson95% [19.16%, 24.26%]
2026-03-28 00:36:14,080 - nanochat.common - INFO - Distributed world size: 1
wandb: [wandb.login()] Loaded credentials for https://api.wandb.ai from /home/su
n0115/.netrc.
wandb: Currently logged in as: sunshines (sunshines-gmail-com) to https://api.wa
ndb.ai. Use `wandb login --relogin` to force relogin
wandb: setting up run hhf5qp3w
wandb: Tracking run with wandb version 0.24.2
wandb: Run data is saved locally in /home/sun0115/nanochat-learn/nanochat/wandb/
run-20260328_003614-hhf5qp3w
wandb: Run `wandb offline` to turn off syncing.
wandb: Syncing run d24_r32_lora_maxoom_2026-03-27_2007_s2048_gc_confirm_s500_spe
llingbee
wandb: ⭐️ View project at https://wandb.ai/sunshines-gmail-com/nanochat-eval
wandb: 🚀 View run at https://wandb.ai/sunshines-gmail-com/nanochat-eval/runs/hh
f5qp3w
2026-03-28 00:36:15,236 - nanochat.checkpoint_manager - INFO - Loading model fro
m /home/sun0115/.cache/nanochat/chatsft_checkpoints/d24_r32_lora_maxoom_2026-03-
27_2007_s2048_gc/best with step 500
2026-03-28 00:36:16,102 - nanochat.checkpoint_manager - INFO - Building model wi
th config: {'sequence_len': 2048, 'vocab_size': 32768, 'n_layer': 24, 'n_head':
9, 'n_kv_head': 9, 'n_embd': 1152, 'window_pattern': 'L'}
Rank 0 | 0/149 (0.00%)

[autopilot]





















[gpu]
NVIDIA GeForce RTX 4070, 36 %, 7177 MiB, 12282 MiB

=== 2026-03-28 00:59:49 ===
[chain]
wandb:  eval/mmlu_accuracy ▁
wandb: final/mmlu_accuracy ▁
wandb:          task_index ▁
wandb:
wandb: Run summary:
wandb:  eval/mmlu_accuracy 0.216
wandb: final/mmlu_accuracy 0.216
wandb:          task_index 1
wandb:
wandb: 🚀 View run d24_r32_lora_maxoom_2026-03-27_2007_s2048_gc_confirm_s500_mml
u at: https://wandb.ai/sunshines-gmail-com/nanochat-eval/runs/1r6zsp6x
wandb: ⭐️ View project at: https://wandb.ai/sunshines-gmail-com/nanochat-eval
wandb: Synced 5 W&B file(s), 0 media file(s), 0 artifact file(s) and 0 other fil
e(s)
wandb: Find logs at: ./wandb/run-20260328_003552-1r6zsp6x/logs
[W328 00:36:12.749935003 AllocatorConfig.cpp:28] Warning: PYTORCH_CUDA_ALLOC_CON
F is deprecated, use PYTORCH_ALLOC_CONF instead (function operator())
MMLU: 216/1000 = 21.60% | Wilson95% [19.16%, 24.26%]
2026-03-28 00:36:14,080 - nanochat.common - INFO - Distributed world size: 1
wandb: [wandb.login()] Loaded credentials for https://api.wandb.ai from /home/su
n0115/.netrc.
wandb: Currently logged in as: sunshines (sunshines-gmail-com) to https://api.wa
ndb.ai. Use `wandb login --relogin` to force relogin
wandb: setting up run hhf5qp3w
wandb: Tracking run with wandb version 0.24.2
wandb: Run data is saved locally in /home/sun0115/nanochat-learn/nanochat/wandb/
run-20260328_003614-hhf5qp3w
wandb: Run `wandb offline` to turn off syncing.
wandb: Syncing run d24_r32_lora_maxoom_2026-03-27_2007_s2048_gc_confirm_s500_spe
llingbee
wandb: ⭐️ View project at https://wandb.ai/sunshines-gmail-com/nanochat-eval
wandb: 🚀 View run at https://wandb.ai/sunshines-gmail-com/nanochat-eval/runs/hh
f5qp3w
2026-03-28 00:36:15,236 - nanochat.checkpoint_manager - INFO - Loading model fro
m /home/sun0115/.cache/nanochat/chatsft_checkpoints/d24_r32_lora_maxoom_2026-03-
27_2007_s2048_gc/best with step 500
2026-03-28 00:36:16,102 - nanochat.checkpoint_manager - INFO - Building model wi
th config: {'sequence_len': 2048, 'vocab_size': 32768, 'n_layer': 24, 'n_head':
9, 'n_kv_head': 9, 'n_embd': 1152, 'window_pattern': 'L'}
Rank 0 | 0/193 (0.00%)

[autopilot]





















[gpu]
NVIDIA GeForce RTX 4070, 38 %, 7177 MiB, 12282 MiB

=== 2026-03-28 01:04:59 ===
[chain]
wandb:  eval/mmlu_accuracy ▁
wandb: final/mmlu_accuracy ▁
wandb:          task_index ▁
wandb:
wandb: Run summary:
wandb:  eval/mmlu_accuracy 0.216
wandb: final/mmlu_accuracy 0.216
wandb:          task_index 1
wandb:
wandb: 🚀 View run d24_r32_lora_maxoom_2026-03-27_2007_s2048_gc_confirm_s500_mml
u at: https://wandb.ai/sunshines-gmail-com/nanochat-eval/runs/1r6zsp6x
wandb: ⭐️ View project at: https://wandb.ai/sunshines-gmail-com/nanochat-eval
wandb: Synced 5 W&B file(s), 0 media file(s), 0 artifact file(s) and 0 other fil
e(s)
wandb: Find logs at: ./wandb/run-20260328_003552-1r6zsp6x/logs
[W328 00:36:12.749935003 AllocatorConfig.cpp:28] Warning: PYTORCH_CUDA_ALLOC_CON
F is deprecated, use PYTORCH_ALLOC_CONF instead (function operator())
MMLU: 216/1000 = 21.60% | Wilson95% [19.16%, 24.26%]
2026-03-28 00:36:14,080 - nanochat.common - INFO - Distributed world size: 1
wandb: [wandb.login()] Loaded credentials for https://api.wandb.ai from /home/su
n0115/.netrc.
wandb: Currently logged in as: sunshines (sunshines-gmail-com) to https://api.wa
ndb.ai. Use `wandb login --relogin` to force relogin
wandb: setting up run hhf5qp3w
wandb: Tracking run with wandb version 0.24.2
wandb: Run data is saved locally in /home/sun0115/nanochat-learn/nanochat/wandb/
run-20260328_003614-hhf5qp3w
wandb: Run `wandb offline` to turn off syncing.
wandb: Syncing run d24_r32_lora_maxoom_2026-03-27_2007_s2048_gc_confirm_s500_spe
llingbee
wandb: ⭐️ View project at https://wandb.ai/sunshines-gmail-com/nanochat-eval
wandb: 🚀 View run at https://wandb.ai/sunshines-gmail-com/nanochat-eval/runs/hh
f5qp3w
2026-03-28 00:36:15,236 - nanochat.checkpoint_manager - INFO - Loading model fro
m /home/sun0115/.cache/nanochat/chatsft_checkpoints/d24_r32_lora_maxoom_2026-03-
27_2007_s2048_gc/best with step 500
2026-03-28 00:36:16,102 - nanochat.checkpoint_manager - INFO - Building model wi
th config: {'sequence_len': 2048, 'vocab_size': 32768, 'n_layer': 24, 'n_head':
9, 'n_kv_head': 9, 'n_embd': 1152, 'window_pattern': 'L'}
Rank 0 | 0/235 (0.00%)

[autopilot]





















[gpu]
NVIDIA GeForce RTX 4070, 35 %, 7177 MiB, 12282 MiB

=== 2026-03-28 01:10:11 ===
[chain]
f5qp3w
2026-03-28 00:36:15,236 - nanochat.checkpoint_manager - INFO - Loading model fro
m /home/sun0115/.cache/nanochat/chatsft_checkpoints/d24_r32_lora_maxoom_2026-03-
27_2007_s2048_gc/best with step 500
2026-03-28 00:36:16,102 - nanochat.checkpoint_manager - INFO - Building model wi
th config: {'sequence_len': 2048, 'vocab_size': 32768, 'n_layer': 24, 'n_head':
9, 'n_kv_head': 9, 'n_embd': 1152, 'window_pattern': 'L'}
Rank 0 | 0/256 (0.00%)
==================================================
Final: 0/256 (0.00%)
SpellingBee accuracy: 0.00%
wandb: updating run metadata
wandb: uploading config.yaml; uploading output.log; uploading wandb-summary.json
wandb: uploading history steps 0-1, summary, console lines 2-5
wandb:
wandb: Run history:
wandb:  eval/spellingbee_accuracy ▁
wandb: final/spellingbee_accuracy ▁
wandb:                 task_index ▁
wandb:
wandb: Run summary:
wandb:  eval/spellingbee_accuracy 0
wandb: final/spellingbee_accuracy 0
wandb:                 task_index 1
wandb:
wandb: 🚀 View run d24_r32_lora_maxoom_2026-03-27_2007_s2048_gc_confirm_s500_spe
llingbee at: https://wandb.ai/sunshines-gmail-com/nanochat-eval/runs/hhf5qp3w
wandb: ⭐️ View project at: https://wandb.ai/sunshines-gmail-com/nanochat-eval
wandb: Synced 5 W&B file(s), 0 media file(s), 0 artifact file(s) and 0 other fil
e(s)
wandb: Find logs at: ./wandb/run-20260328_003614-hhf5qp3w/logs
[W328 01:07:31.189425989 AllocatorConfig.cpp:28] Warning: PYTORCH_CUDA_ALLOC_CON
F is deprecated, use PYTORCH_ALLOC_CONF instead (function operator())
SpellingBee: 0/256 = 0.00% | Wilson95% [0.00%, 1.48%]
[done] confirmation eval complete
summary=/home/sun0115/nanochat-learn/notes/d24_r32_lora_maxoom_2026-03-27_2007_s
2048_gc_best_s500_confirm_summary_1000_2026-03-27_2020.txt
[done] confirm eval finished for d24_r32_lora_maxoom_2026-03-27_2007_s2048_gc
[done] completed at s2048_gc
sun0115@DESKTOP-L4C74MD:~/nanochat-learn/nanochat$

[autopilot]
[2026-03-28 01:07:52] Current summary complete: /home/sun0115/nanochat-learn/not
es/d24_r32_lora_maxoom_2026-03-27_2007_s2048_gc_best_s500_confirm_summary_1000_2
026-03-27_2020.txt
[2026-03-28 01:07:52] Current score=21.6000 (gsm8k=0.00, mmlu=21.60, spelling=0.
00)
















[gpu]
NVIDIA GeForce RTX 4070, 98 %, 7871 MiB, 12282 MiB

=== 2026-03-28 01:15:21 ===
[chain]
f5qp3w
2026-03-28 00:36:15,236 - nanochat.checkpoint_manager - INFO - Loading model fro
m /home/sun0115/.cache/nanochat/chatsft_checkpoints/d24_r32_lora_maxoom_2026-03-
27_2007_s2048_gc/best with step 500
2026-03-28 00:36:16,102 - nanochat.checkpoint_manager - INFO - Building model wi
th config: {'sequence_len': 2048, 'vocab_size': 32768, 'n_layer': 24, 'n_head':
9, 'n_kv_head': 9, 'n_embd': 1152, 'window_pattern': 'L'}
Rank 0 | 0/256 (0.00%)
==================================================
Final: 0/256 (0.00%)
SpellingBee accuracy: 0.00%
wandb: updating run metadata
wandb: uploading config.yaml; uploading output.log; uploading wandb-summary.json
wandb: uploading history steps 0-1, summary, console lines 2-5
wandb:
wandb: Run history:
wandb:  eval/spellingbee_accuracy ▁
wandb: final/spellingbee_accuracy ▁
wandb:                 task_index ▁
wandb:
wandb: Run summary:
wandb:  eval/spellingbee_accuracy 0
wandb: final/spellingbee_accuracy 0
wandb:                 task_index 1
wandb:
wandb: 🚀 View run d24_r32_lora_maxoom_2026-03-27_2007_s2048_gc_confirm_s500_spe
llingbee at: https://wandb.ai/sunshines-gmail-com/nanochat-eval/runs/hhf5qp3w
wandb: ⭐️ View project at: https://wandb.ai/sunshines-gmail-com/nanochat-eval
wandb: Synced 5 W&B file(s), 0 media file(s), 0 artifact file(s) and 0 other fil
e(s)
wandb: Find logs at: ./wandb/run-20260328_003614-hhf5qp3w/logs
[W328 01:07:31.189425989 AllocatorConfig.cpp:28] Warning: PYTORCH_CUDA_ALLOC_CON
F is deprecated, use PYTORCH_ALLOC_CONF instead (function operator())
SpellingBee: 0/256 = 0.00% | Wilson95% [0.00%, 1.48%]
[done] confirmation eval complete
summary=/home/sun0115/nanochat-learn/notes/d24_r32_lora_maxoom_2026-03-27_2007_s
2048_gc_best_s500_confirm_summary_1000_2026-03-27_2020.txt
[done] confirm eval finished for d24_r32_lora_maxoom_2026-03-27_2007_s2048_gc
[done] completed at s2048_gc
sun0115@DESKTOP-L4C74MD:~/nanochat-learn/nanochat$

[autopilot]
[2026-03-28 01:07:52] Current summary complete: /home/sun0115/nanochat-learn/not
es/d24_r32_lora_maxoom_2026-03-27_2007_s2048_gc_best_s500_confirm_summary_1000_2
026-03-27_2020.txt
[2026-03-28 01:07:52] Current score=21.6000 (gsm8k=0.00, mmlu=21.60, spelling=0.
00)
















[gpu]
NVIDIA GeForce RTX 4070, 98 %, 7893 MiB, 12282 MiB

=== 2026-03-28 01:20:32 ===
[chain]
f5qp3w
2026-03-28 00:36:15,236 - nanochat.checkpoint_manager - INFO - Loading model fro
m /home/sun0115/.cache/nanochat/chatsft_checkpoints/d24_r32_lora_maxoom_2026-03-
27_2007_s2048_gc/best with step 500
2026-03-28 00:36:16,102 - nanochat.checkpoint_manager - INFO - Building model wi
th config: {'sequence_len': 2048, 'vocab_size': 32768, 'n_layer': 24, 'n_head':
9, 'n_kv_head': 9, 'n_embd': 1152, 'window_pattern': 'L'}
Rank 0 | 0/256 (0.00%)
==================================================
Final: 0/256 (0.00%)
SpellingBee accuracy: 0.00%
wandb: updating run metadata
wandb: uploading config.yaml; uploading output.log; uploading wandb-summary.json
wandb: uploading history steps 0-1, summary, console lines 2-5
wandb:
wandb: Run history:
wandb:  eval/spellingbee_accuracy ▁
wandb: final/spellingbee_accuracy ▁
wandb:                 task_index ▁
wandb:
wandb: Run summary:
wandb:  eval/spellingbee_accuracy 0
wandb: final/spellingbee_accuracy 0
wandb:                 task_index 1
wandb:
wandb: 🚀 View run d24_r32_lora_maxoom_2026-03-27_2007_s2048_gc_confirm_s500_spe
llingbee at: https://wandb.ai/sunshines-gmail-com/nanochat-eval/runs/hhf5qp3w
wandb: ⭐️ View project at: https://wandb.ai/sunshines-gmail-com/nanochat-eval
wandb: Synced 5 W&B file(s), 0 media file(s), 0 artifact file(s) and 0 other fil
e(s)
wandb: Find logs at: ./wandb/run-20260328_003614-hhf5qp3w/logs
[W328 01:07:31.189425989 AllocatorConfig.cpp:28] Warning: PYTORCH_CUDA_ALLOC_CON
F is deprecated, use PYTORCH_ALLOC_CONF instead (function operator())
SpellingBee: 0/256 = 0.00% | Wilson95% [0.00%, 1.48%]
[done] confirmation eval complete
summary=/home/sun0115/nanochat-learn/notes/d24_r32_lora_maxoom_2026-03-27_2007_s
2048_gc_best_s500_confirm_summary_1000_2026-03-27_2020.txt
[done] confirm eval finished for d24_r32_lora_maxoom_2026-03-27_2007_s2048_gc
[done] completed at s2048_gc
sun0115@DESKTOP-L4C74MD:~/nanochat-learn/nanochat$

[autopilot]
[2026-03-28 01:07:52] Current summary complete: /home/sun0115/nanochat-learn/not
es/d24_r32_lora_maxoom_2026-03-27_2007_s2048_gc_best_s500_confirm_summary_1000_2
026-03-27_2020.txt
[2026-03-28 01:07:52] Current score=21.6000 (gsm8k=0.00, mmlu=21.60, spelling=0.
00)
















[gpu]
NVIDIA GeForce RTX 4070, 40 %, 7979 MiB, 12282 MiB

=== 2026-03-28 01:25:44 ===
[chain]
f5qp3w
2026-03-28 00:36:15,236 - nanochat.checkpoint_manager - INFO - Loading model fro
m /home/sun0115/.cache/nanochat/chatsft_checkpoints/d24_r32_lora_maxoom_2026-03-
27_2007_s2048_gc/best with step 500
2026-03-28 00:36:16,102 - nanochat.checkpoint_manager - INFO - Building model wi
th config: {'sequence_len': 2048, 'vocab_size': 32768, 'n_layer': 24, 'n_head':
9, 'n_kv_head': 9, 'n_embd': 1152, 'window_pattern': 'L'}
Rank 0 | 0/256 (0.00%)
==================================================
Final: 0/256 (0.00%)
SpellingBee accuracy: 0.00%
wandb: updating run metadata
wandb: uploading config.yaml; uploading output.log; uploading wandb-summary.json
wandb: uploading history steps 0-1, summary, console lines 2-5
wandb:
wandb: Run history:
wandb:  eval/spellingbee_accuracy ▁
wandb: final/spellingbee_accuracy ▁
wandb:                 task_index ▁
wandb:
wandb: Run summary:
wandb:  eval/spellingbee_accuracy 0
wandb: final/spellingbee_accuracy 0
wandb:                 task_index 1
wandb:
wandb: 🚀 View run d24_r32_lora_maxoom_2026-03-27_2007_s2048_gc_confirm_s500_spe
llingbee at: https://wandb.ai/sunshines-gmail-com/nanochat-eval/runs/hhf5qp3w
wandb: ⭐️ View project at: https://wandb.ai/sunshines-gmail-com/nanochat-eval
wandb: Synced 5 W&B file(s), 0 media file(s), 0 artifact file(s) and 0 other fil
e(s)
wandb: Find logs at: ./wandb/run-20260328_003614-hhf5qp3w/logs
[W328 01:07:31.189425989 AllocatorConfig.cpp:28] Warning: PYTORCH_CUDA_ALLOC_CON
F is deprecated, use PYTORCH_ALLOC_CONF instead (function operator())
SpellingBee: 0/256 = 0.00% | Wilson95% [0.00%, 1.48%]
[done] confirmation eval complete
summary=/home/sun0115/nanochat-learn/notes/d24_r32_lora_maxoom_2026-03-27_2007_s
2048_gc_best_s500_confirm_summary_1000_2026-03-27_2020.txt
[done] confirm eval finished for d24_r32_lora_maxoom_2026-03-27_2007_s2048_gc
[done] completed at s2048_gc
sun0115@DESKTOP-L4C74MD:~/nanochat-learn/nanochat$

[autopilot]
[2026-03-28 01:07:52] Current summary complete: /home/sun0115/nanochat-learn/not
es/d24_r32_lora_maxoom_2026-03-27_2007_s2048_gc_best_s500_confirm_summary_1000_2
026-03-27_2020.txt
[2026-03-28 01:07:52] Current score=21.6000 (gsm8k=0.00, mmlu=21.60, spelling=0.
00)
















[gpu]
NVIDIA GeForce RTX 4070, 27 %, 8079 MiB, 12282 MiB

=== 2026-03-28 01:30:55 ===
[chain]
f5qp3w
2026-03-28 00:36:15,236 - nanochat.checkpoint_manager - INFO - Loading model fro
m /home/sun0115/.cache/nanochat/chatsft_checkpoints/d24_r32_lora_maxoom_2026-03-
27_2007_s2048_gc/best with step 500
2026-03-28 00:36:16,102 - nanochat.checkpoint_manager - INFO - Building model wi
th config: {'sequence_len': 2048, 'vocab_size': 32768, 'n_layer': 24, 'n_head':
9, 'n_kv_head': 9, 'n_embd': 1152, 'window_pattern': 'L'}
Rank 0 | 0/256 (0.00%)
==================================================
Final: 0/256 (0.00%)
SpellingBee accuracy: 0.00%
wandb: updating run metadata
wandb: uploading config.yaml; uploading output.log; uploading wandb-summary.json
wandb: uploading history steps 0-1, summary, console lines 2-5
wandb:
wandb: Run history:
wandb:  eval/spellingbee_accuracy ▁
wandb: final/spellingbee_accuracy ▁
wandb:                 task_index ▁
wandb:
wandb: Run summary:
wandb:  eval/spellingbee_accuracy 0
wandb: final/spellingbee_accuracy 0
wandb:                 task_index 1
wandb:
wandb: 🚀 View run d24_r32_lora_maxoom_2026-03-27_2007_s2048_gc_confirm_s500_spe
llingbee at: https://wandb.ai/sunshines-gmail-com/nanochat-eval/runs/hhf5qp3w
wandb: ⭐️ View project at: https://wandb.ai/sunshines-gmail-com/nanochat-eval
wandb: Synced 5 W&B file(s), 0 media file(s), 0 artifact file(s) and 0 other fil
e(s)
wandb: Find logs at: ./wandb/run-20260328_003614-hhf5qp3w/logs
[W328 01:07:31.189425989 AllocatorConfig.cpp:28] Warning: PYTORCH_CUDA_ALLOC_CON
F is deprecated, use PYTORCH_ALLOC_CONF instead (function operator())
SpellingBee: 0/256 = 0.00% | Wilson95% [0.00%, 1.48%]
[done] confirmation eval complete
summary=/home/sun0115/nanochat-learn/notes/d24_r32_lora_maxoom_2026-03-27_2007_s
2048_gc_best_s500_confirm_summary_1000_2026-03-27_2020.txt
[done] confirm eval finished for d24_r32_lora_maxoom_2026-03-27_2007_s2048_gc
[done] completed at s2048_gc
sun0115@DESKTOP-L4C74MD:~/nanochat-learn/nanochat$

[autopilot]
[2026-03-28 01:07:52] Current summary complete: /home/sun0115/nanochat-learn/not
es/d24_r32_lora_maxoom_2026-03-27_2007_s2048_gc_best_s500_confirm_summary_1000_2
026-03-27_2020.txt
[2026-03-28 01:07:52] Current score=21.6000 (gsm8k=0.00, mmlu=21.60, spelling=0.
00)
















[gpu]
NVIDIA GeForce RTX 4070, 36 %, 8079 MiB, 12282 MiB

=== 2026-03-28 01:36:07 ===
[chain]
f5qp3w
2026-03-28 00:36:15,236 - nanochat.checkpoint_manager - INFO - Loading model fro
m /home/sun0115/.cache/nanochat/chatsft_checkpoints/d24_r32_lora_maxoom_2026-03-
27_2007_s2048_gc/best with step 500
2026-03-28 00:36:16,102 - nanochat.checkpoint_manager - INFO - Building model wi
th config: {'sequence_len': 2048, 'vocab_size': 32768, 'n_layer': 24, 'n_head':
9, 'n_kv_head': 9, 'n_embd': 1152, 'window_pattern': 'L'}
Rank 0 | 0/256 (0.00%)
==================================================
Final: 0/256 (0.00%)
SpellingBee accuracy: 0.00%
wandb: updating run metadata
wandb: uploading config.yaml; uploading output.log; uploading wandb-summary.json
wandb: uploading history steps 0-1, summary, console lines 2-5
wandb:
wandb: Run history:
wandb:  eval/spellingbee_accuracy ▁
wandb: final/spellingbee_accuracy ▁
wandb:                 task_index ▁
wandb:
wandb: Run summary:
wandb:  eval/spellingbee_accuracy 0
wandb: final/spellingbee_accuracy 0
wandb:                 task_index 1
wandb:
wandb: 🚀 View run d24_r32_lora_maxoom_2026-03-27_2007_s2048_gc_confirm_s500_spe
llingbee at: https://wandb.ai/sunshines-gmail-com/nanochat-eval/runs/hhf5qp3w
wandb: ⭐️ View project at: https://wandb.ai/sunshines-gmail-com/nanochat-eval
wandb: Synced 5 W&B file(s), 0 media file(s), 0 artifact file(s) and 0 other fil
e(s)
wandb: Find logs at: ./wandb/run-20260328_003614-hhf5qp3w/logs
[W328 01:07:31.189425989 AllocatorConfig.cpp:28] Warning: PYTORCH_CUDA_ALLOC_CON
F is deprecated, use PYTORCH_ALLOC_CONF instead (function operator())
SpellingBee: 0/256 = 0.00% | Wilson95% [0.00%, 1.48%]
[done] confirmation eval complete
summary=/home/sun0115/nanochat-learn/notes/d24_r32_lora_maxoom_2026-03-27_2007_s
2048_gc_best_s500_confirm_summary_1000_2026-03-27_2020.txt
[done] confirm eval finished for d24_r32_lora_maxoom_2026-03-27_2007_s2048_gc
[done] completed at s2048_gc
sun0115@DESKTOP-L4C74MD:~/nanochat-learn/nanochat$

[autopilot]
[2026-03-28 01:07:52] Current summary complete: /home/sun0115/nanochat-learn/not
es/d24_r32_lora_maxoom_2026-03-27_2007_s2048_gc_best_s500_confirm_summary_1000_2
026-03-27_2020.txt
[2026-03-28 01:07:52] Current score=21.6000 (gsm8k=0.00, mmlu=21.60, spelling=0.
00)
















[gpu]
NVIDIA GeForce RTX 4070, 43 %, 8079 MiB, 12282 MiB

=== 2026-03-28 01:41:19 ===
[chain]
f5qp3w
2026-03-28 00:36:15,236 - nanochat.checkpoint_manager - INFO - Loading model fro
m /home/sun0115/.cache/nanochat/chatsft_checkpoints/d24_r32_lora_maxoom_2026-03-
27_2007_s2048_gc/best with step 500
2026-03-28 00:36:16,102 - nanochat.checkpoint_manager - INFO - Building model wi
th config: {'sequence_len': 2048, 'vocab_size': 32768, 'n_layer': 24, 'n_head':
9, 'n_kv_head': 9, 'n_embd': 1152, 'window_pattern': 'L'}
Rank 0 | 0/256 (0.00%)
==================================================
Final: 0/256 (0.00%)
SpellingBee accuracy: 0.00%
wandb: updating run metadata
wandb: uploading config.yaml; uploading output.log; uploading wandb-summary.json
wandb: uploading history steps 0-1, summary, console lines 2-5
wandb:
wandb: Run history:
wandb:  eval/spellingbee_accuracy ▁
wandb: final/spellingbee_accuracy ▁
wandb:                 task_index ▁
wandb:
wandb: Run summary:
wandb:  eval/spellingbee_accuracy 0
wandb: final/spellingbee_accuracy 0
wandb:                 task_index 1
wandb:
wandb: 🚀 View run d24_r32_lora_maxoom_2026-03-27_2007_s2048_gc_confirm_s500_spe
llingbee at: https://wandb.ai/sunshines-gmail-com/nanochat-eval/runs/hhf5qp3w
wandb: ⭐️ View project at: https://wandb.ai/sunshines-gmail-com/nanochat-eval
wandb: Synced 5 W&B file(s), 0 media file(s), 0 artifact file(s) and 0 other fil
e(s)
wandb: Find logs at: ./wandb/run-20260328_003614-hhf5qp3w/logs
[W328 01:07:31.189425989 AllocatorConfig.cpp:28] Warning: PYTORCH_CUDA_ALLOC_CON
F is deprecated, use PYTORCH_ALLOC_CONF instead (function operator())
SpellingBee: 0/256 = 0.00% | Wilson95% [0.00%, 1.48%]
[done] confirmation eval complete
summary=/home/sun0115/nanochat-learn/notes/d24_r32_lora_maxoom_2026-03-27_2007_s
2048_gc_best_s500_confirm_summary_1000_2026-03-27_2020.txt
[done] confirm eval finished for d24_r32_lora_maxoom_2026-03-27_2007_s2048_gc
[done] completed at s2048_gc
sun0115@DESKTOP-L4C74MD:~/nanochat-learn/nanochat$

[autopilot]
[2026-03-28 01:07:52] Current summary complete: /home/sun0115/nanochat-learn/not
es/d24_r32_lora_maxoom_2026-03-27_2007_s2048_gc_best_s500_confirm_summary_1000_2
026-03-27_2020.txt
[2026-03-28 01:07:52] Current score=21.6000 (gsm8k=0.00, mmlu=21.60, spelling=0.
00)
















[gpu]
NVIDIA GeForce RTX 4070, 44 %, 8079 MiB, 12282 MiB

=== 2026-03-28 01:46:31 ===
[chain]
f5qp3w
2026-03-28 00:36:15,236 - nanochat.checkpoint_manager - INFO - Loading model fro
m /home/sun0115/.cache/nanochat/chatsft_checkpoints/d24_r32_lora_maxoom_2026-03-
27_2007_s2048_gc/best with step 500
2026-03-28 00:36:16,102 - nanochat.checkpoint_manager - INFO - Building model wi
th config: {'sequence_len': 2048, 'vocab_size': 32768, 'n_layer': 24, 'n_head':
9, 'n_kv_head': 9, 'n_embd': 1152, 'window_pattern': 'L'}
Rank 0 | 0/256 (0.00%)
==================================================
Final: 0/256 (0.00%)
SpellingBee accuracy: 0.00%
wandb: updating run metadata
wandb: uploading config.yaml; uploading output.log; uploading wandb-summary.json
wandb: uploading history steps 0-1, summary, console lines 2-5
wandb:
wandb: Run history:
wandb:  eval/spellingbee_accuracy ▁
wandb: final/spellingbee_accuracy ▁
wandb:                 task_index ▁
wandb:
wandb: Run summary:
wandb:  eval/spellingbee_accuracy 0
wandb: final/spellingbee_accuracy 0
wandb:                 task_index 1
wandb:
wandb: 🚀 View run d24_r32_lora_maxoom_2026-03-27_2007_s2048_gc_confirm_s500_spe
llingbee at: https://wandb.ai/sunshines-gmail-com/nanochat-eval/runs/hhf5qp3w
wandb: ⭐️ View project at: https://wandb.ai/sunshines-gmail-com/nanochat-eval
wandb: Synced 5 W&B file(s), 0 media file(s), 0 artifact file(s) and 0 other fil
e(s)
wandb: Find logs at: ./wandb/run-20260328_003614-hhf5qp3w/logs
[W328 01:07:31.189425989 AllocatorConfig.cpp:28] Warning: PYTORCH_CUDA_ALLOC_CON
F is deprecated, use PYTORCH_ALLOC_CONF instead (function operator())
SpellingBee: 0/256 = 0.00% | Wilson95% [0.00%, 1.48%]
[done] confirmation eval complete
summary=/home/sun0115/nanochat-learn/notes/d24_r32_lora_maxoom_2026-03-27_2007_s
2048_gc_best_s500_confirm_summary_1000_2026-03-27_2020.txt
[done] confirm eval finished for d24_r32_lora_maxoom_2026-03-27_2007_s2048_gc
[done] completed at s2048_gc
sun0115@DESKTOP-L4C74MD:~/nanochat-learn/nanochat$

[autopilot]
[2026-03-28 01:07:52] Current summary complete: /home/sun0115/nanochat-learn/not
es/d24_r32_lora_maxoom_2026-03-27_2007_s2048_gc_best_s500_confirm_summary_1000_2
026-03-27_2020.txt
[2026-03-28 01:07:52] Current score=21.6000 (gsm8k=0.00, mmlu=21.60, spelling=0.
00)
















[gpu]
NVIDIA GeForce RTX 4070, 46 %, 8099 MiB, 12282 MiB

=== 2026-03-28 01:51:42 ===
[chain]
f5qp3w
2026-03-28 00:36:15,236 - nanochat.checkpoint_manager - INFO - Loading model fro
m /home/sun0115/.cache/nanochat/chatsft_checkpoints/d24_r32_lora_maxoom_2026-03-
27_2007_s2048_gc/best with step 500
2026-03-28 00:36:16,102 - nanochat.checkpoint_manager - INFO - Building model wi
th config: {'sequence_len': 2048, 'vocab_size': 32768, 'n_layer': 24, 'n_head':
9, 'n_kv_head': 9, 'n_embd': 1152, 'window_pattern': 'L'}
Rank 0 | 0/256 (0.00%)
==================================================
Final: 0/256 (0.00%)
SpellingBee accuracy: 0.00%
wandb: updating run metadata
wandb: uploading config.yaml; uploading output.log; uploading wandb-summary.json
wandb: uploading history steps 0-1, summary, console lines 2-5
wandb:
wandb: Run history:
wandb:  eval/spellingbee_accuracy ▁
wandb: final/spellingbee_accuracy ▁
wandb:                 task_index ▁
wandb:
wandb: Run summary:
wandb:  eval/spellingbee_accuracy 0
wandb: final/spellingbee_accuracy 0
wandb:                 task_index 1
wandb:
wandb: 🚀 View run d24_r32_lora_maxoom_2026-03-27_2007_s2048_gc_confirm_s500_spe
llingbee at: https://wandb.ai/sunshines-gmail-com/nanochat-eval/runs/hhf5qp3w
wandb: ⭐️ View project at: https://wandb.ai/sunshines-gmail-com/nanochat-eval
wandb: Synced 5 W&B file(s), 0 media file(s), 0 artifact file(s) and 0 other fil
e(s)
wandb: Find logs at: ./wandb/run-20260328_003614-hhf5qp3w/logs
[W328 01:07:31.189425989 AllocatorConfig.cpp:28] Warning: PYTORCH_CUDA_ALLOC_CON
F is deprecated, use PYTORCH_ALLOC_CONF instead (function operator())
SpellingBee: 0/256 = 0.00% | Wilson95% [0.00%, 1.48%]
[done] confirmation eval complete
summary=/home/sun0115/nanochat-learn/notes/d24_r32_lora_maxoom_2026-03-27_2007_s
2048_gc_best_s500_confirm_summary_1000_2026-03-27_2020.txt
[done] confirm eval finished for d24_r32_lora_maxoom_2026-03-27_2007_s2048_gc
[done] completed at s2048_gc
sun0115@DESKTOP-L4C74MD:~/nanochat-learn/nanochat$

[autopilot]
[2026-03-28 01:07:52] Current summary complete: /home/sun0115/nanochat-learn/not
es/d24_r32_lora_maxoom_2026-03-27_2007_s2048_gc_best_s500_confirm_summary_1000_2
026-03-27_2020.txt
[2026-03-28 01:07:52] Current score=21.6000 (gsm8k=0.00, mmlu=21.60, spelling=0.
00)
















[gpu]
NVIDIA GeForce RTX 4070, 39 %, 8099 MiB, 12282 MiB

=== 2026-03-28 01:56:54 ===
[chain]
f5qp3w
2026-03-28 00:36:15,236 - nanochat.checkpoint_manager - INFO - Loading model fro
m /home/sun0115/.cache/nanochat/chatsft_checkpoints/d24_r32_lora_maxoom_2026-03-
27_2007_s2048_gc/best with step 500
2026-03-28 00:36:16,102 - nanochat.checkpoint_manager - INFO - Building model wi
th config: {'sequence_len': 2048, 'vocab_size': 32768, 'n_layer': 24, 'n_head':
9, 'n_kv_head': 9, 'n_embd': 1152, 'window_pattern': 'L'}
Rank 0 | 0/256 (0.00%)
==================================================
Final: 0/256 (0.00%)
SpellingBee accuracy: 0.00%
wandb: updating run metadata
wandb: uploading config.yaml; uploading output.log; uploading wandb-summary.json
wandb: uploading history steps 0-1, summary, console lines 2-5
wandb:
wandb: Run history:
wandb:  eval/spellingbee_accuracy ▁
wandb: final/spellingbee_accuracy ▁
wandb:                 task_index ▁
wandb:
wandb: Run summary:
wandb:  eval/spellingbee_accuracy 0
wandb: final/spellingbee_accuracy 0
wandb:                 task_index 1
wandb:
wandb: 🚀 View run d24_r32_lora_maxoom_2026-03-27_2007_s2048_gc_confirm_s500_spe
llingbee at: https://wandb.ai/sunshines-gmail-com/nanochat-eval/runs/hhf5qp3w
wandb: ⭐️ View project at: https://wandb.ai/sunshines-gmail-com/nanochat-eval
wandb: Synced 5 W&B file(s), 0 media file(s), 0 artifact file(s) and 0 other fil
e(s)
wandb: Find logs at: ./wandb/run-20260328_003614-hhf5qp3w/logs
[W328 01:07:31.189425989 AllocatorConfig.cpp:28] Warning: PYTORCH_CUDA_ALLOC_CON
F is deprecated, use PYTORCH_ALLOC_CONF instead (function operator())
SpellingBee: 0/256 = 0.00% | Wilson95% [0.00%, 1.48%]
[done] confirmation eval complete
summary=/home/sun0115/nanochat-learn/notes/d24_r32_lora_maxoom_2026-03-27_2007_s
2048_gc_best_s500_confirm_summary_1000_2026-03-27_2020.txt
[done] confirm eval finished for d24_r32_lora_maxoom_2026-03-27_2007_s2048_gc
[done] completed at s2048_gc
sun0115@DESKTOP-L4C74MD:~/nanochat-learn/nanochat$

[autopilot]
[2026-03-28 01:07:52] Current summary complete: /home/sun0115/nanochat-learn/not
es/d24_r32_lora_maxoom_2026-03-27_2007_s2048_gc_best_s500_confirm_summary_1000_2
026-03-27_2020.txt
[2026-03-28 01:07:52] Current score=21.6000 (gsm8k=0.00, mmlu=21.60, spelling=0.
00)
















[gpu]
NVIDIA GeForce RTX 4070, 40 %, 8099 MiB, 12282 MiB

=== 2026-03-28 02:02:07 ===
[chain]
f5qp3w
2026-03-28 00:36:15,236 - nanochat.checkpoint_manager - INFO - Loading model fro
m /home/sun0115/.cache/nanochat/chatsft_checkpoints/d24_r32_lora_maxoom_2026-03-
27_2007_s2048_gc/best with step 500
2026-03-28 00:36:16,102 - nanochat.checkpoint_manager - INFO - Building model wi
th config: {'sequence_len': 2048, 'vocab_size': 32768, 'n_layer': 24, 'n_head':
9, 'n_kv_head': 9, 'n_embd': 1152, 'window_pattern': 'L'}
Rank 0 | 0/256 (0.00%)
==================================================
Final: 0/256 (0.00%)
SpellingBee accuracy: 0.00%
wandb: updating run metadata
wandb: uploading config.yaml; uploading output.log; uploading wandb-summary.json
wandb: uploading history steps 0-1, summary, console lines 2-5
wandb:
wandb: Run history:
wandb:  eval/spellingbee_accuracy ▁
wandb: final/spellingbee_accuracy ▁
wandb:                 task_index ▁
wandb:
wandb: Run summary:
wandb:  eval/spellingbee_accuracy 0
wandb: final/spellingbee_accuracy 0
wandb:                 task_index 1
wandb:
wandb: 🚀 View run d24_r32_lora_maxoom_2026-03-27_2007_s2048_gc_confirm_s500_spe
llingbee at: https://wandb.ai/sunshines-gmail-com/nanochat-eval/runs/hhf5qp3w
wandb: ⭐️ View project at: https://wandb.ai/sunshines-gmail-com/nanochat-eval
wandb: Synced 5 W&B file(s), 0 media file(s), 0 artifact file(s) and 0 other fil
e(s)
wandb: Find logs at: ./wandb/run-20260328_003614-hhf5qp3w/logs
[W328 01:07:31.189425989 AllocatorConfig.cpp:28] Warning: PYTORCH_CUDA_ALLOC_CON
F is deprecated, use PYTORCH_ALLOC_CONF instead (function operator())
SpellingBee: 0/256 = 0.00% | Wilson95% [0.00%, 1.48%]
[done] confirmation eval complete
summary=/home/sun0115/nanochat-learn/notes/d24_r32_lora_maxoom_2026-03-27_2007_s
2048_gc_best_s500_confirm_summary_1000_2026-03-27_2020.txt
[done] confirm eval finished for d24_r32_lora_maxoom_2026-03-27_2007_s2048_gc
[done] completed at s2048_gc
sun0115@DESKTOP-L4C74MD:~/nanochat-learn/nanochat$

[autopilot]
[2026-03-28 01:07:52] Current summary complete: /home/sun0115/nanochat-learn/not
es/d24_r32_lora_maxoom_2026-03-27_2007_s2048_gc_best_s500_confirm_summary_1000_2
026-03-27_2020.txt
[2026-03-28 01:07:52] Current score=21.6000 (gsm8k=0.00, mmlu=21.60, spelling=0.
00)
















[gpu]
NVIDIA GeForce RTX 4070, 38 %, 8099 MiB, 12282 MiB

=== 2026-03-28 02:07:19 ===
[chain]
f5qp3w
2026-03-28 00:36:15,236 - nanochat.checkpoint_manager - INFO - Loading model fro
m /home/sun0115/.cache/nanochat/chatsft_checkpoints/d24_r32_lora_maxoom_2026-03-
27_2007_s2048_gc/best with step 500
2026-03-28 00:36:16,102 - nanochat.checkpoint_manager - INFO - Building model wi
th config: {'sequence_len': 2048, 'vocab_size': 32768, 'n_layer': 24, 'n_head':
9, 'n_kv_head': 9, 'n_embd': 1152, 'window_pattern': 'L'}
Rank 0 | 0/256 (0.00%)
==================================================
Final: 0/256 (0.00%)
SpellingBee accuracy: 0.00%
wandb: updating run metadata
wandb: uploading config.yaml; uploading output.log; uploading wandb-summary.json
wandb: uploading history steps 0-1, summary, console lines 2-5
wandb:
wandb: Run history:
wandb:  eval/spellingbee_accuracy ▁
wandb: final/spellingbee_accuracy ▁
wandb:                 task_index ▁
wandb:
wandb: Run summary:
wandb:  eval/spellingbee_accuracy 0
wandb: final/spellingbee_accuracy 0
wandb:                 task_index 1
wandb:
wandb: 🚀 View run d24_r32_lora_maxoom_2026-03-27_2007_s2048_gc_confirm_s500_spe
llingbee at: https://wandb.ai/sunshines-gmail-com/nanochat-eval/runs/hhf5qp3w
wandb: ⭐️ View project at: https://wandb.ai/sunshines-gmail-com/nanochat-eval
wandb: Synced 5 W&B file(s), 0 media file(s), 0 artifact file(s) and 0 other fil
e(s)
wandb: Find logs at: ./wandb/run-20260328_003614-hhf5qp3w/logs
[W328 01:07:31.189425989 AllocatorConfig.cpp:28] Warning: PYTORCH_CUDA_ALLOC_CON
F is deprecated, use PYTORCH_ALLOC_CONF instead (function operator())
SpellingBee: 0/256 = 0.00% | Wilson95% [0.00%, 1.48%]
[done] confirmation eval complete
summary=/home/sun0115/nanochat-learn/notes/d24_r32_lora_maxoom_2026-03-27_2007_s
2048_gc_best_s500_confirm_summary_1000_2026-03-27_2020.txt
[done] confirm eval finished for d24_r32_lora_maxoom_2026-03-27_2007_s2048_gc
[done] completed at s2048_gc
sun0115@DESKTOP-L4C74MD:~/nanochat-learn/nanochat$

[autopilot]
[2026-03-28 01:07:52] Current summary complete: /home/sun0115/nanochat-learn/not
es/d24_r32_lora_maxoom_2026-03-27_2007_s2048_gc_best_s500_confirm_summary_1000_2
026-03-27_2020.txt
[2026-03-28 01:07:52] Current score=21.6000 (gsm8k=0.00, mmlu=21.60, spelling=0.
00)
















[gpu]
NVIDIA GeForce RTX 4070, 49 %, 8099 MiB, 12282 MiB

=== 2026-03-28 02:12:31 ===
[chain]
f5qp3w
2026-03-28 00:36:15,236 - nanochat.checkpoint_manager - INFO - Loading model fro
m /home/sun0115/.cache/nanochat/chatsft_checkpoints/d24_r32_lora_maxoom_2026-03-
27_2007_s2048_gc/best with step 500
2026-03-28 00:36:16,102 - nanochat.checkpoint_manager - INFO - Building model wi
th config: {'sequence_len': 2048, 'vocab_size': 32768, 'n_layer': 24, 'n_head':
9, 'n_kv_head': 9, 'n_embd': 1152, 'window_pattern': 'L'}
Rank 0 | 0/256 (0.00%)
==================================================
Final: 0/256 (0.00%)
SpellingBee accuracy: 0.00%
wandb: updating run metadata
wandb: uploading config.yaml; uploading output.log; uploading wandb-summary.json
wandb: uploading history steps 0-1, summary, console lines 2-5
wandb:
wandb: Run history:
wandb:  eval/spellingbee_accuracy ▁
wandb: final/spellingbee_accuracy ▁
wandb:                 task_index ▁
wandb:
wandb: Run summary:
wandb:  eval/spellingbee_accuracy 0
wandb: final/spellingbee_accuracy 0
wandb:                 task_index 1
wandb:
wandb: 🚀 View run d24_r32_lora_maxoom_2026-03-27_2007_s2048_gc_confirm_s500_spe
llingbee at: https://wandb.ai/sunshines-gmail-com/nanochat-eval/runs/hhf5qp3w
wandb: ⭐️ View project at: https://wandb.ai/sunshines-gmail-com/nanochat-eval
wandb: Synced 5 W&B file(s), 0 media file(s), 0 artifact file(s) and 0 other fil
e(s)
wandb: Find logs at: ./wandb/run-20260328_003614-hhf5qp3w/logs
[W328 01:07:31.189425989 AllocatorConfig.cpp:28] Warning: PYTORCH_CUDA_ALLOC_CON
F is deprecated, use PYTORCH_ALLOC_CONF instead (function operator())
SpellingBee: 0/256 = 0.00% | Wilson95% [0.00%, 1.48%]
[done] confirmation eval complete
summary=/home/sun0115/nanochat-learn/notes/d24_r32_lora_maxoom_2026-03-27_2007_s
2048_gc_best_s500_confirm_summary_1000_2026-03-27_2020.txt
[done] confirm eval finished for d24_r32_lora_maxoom_2026-03-27_2007_s2048_gc
[done] completed at s2048_gc
sun0115@DESKTOP-L4C74MD:~/nanochat-learn/nanochat$

[autopilot]
[2026-03-28 01:07:52] Current summary complete: /home/sun0115/nanochat-learn/not
es/d24_r32_lora_maxoom_2026-03-27_2007_s2048_gc_best_s500_confirm_summary_1000_2
026-03-27_2020.txt
[2026-03-28 01:07:52] Current score=21.6000 (gsm8k=0.00, mmlu=21.60, spelling=0.
00)
















[gpu]
NVIDIA GeForce RTX 4070, 37 %, 8099 MiB, 12282 MiB

=== 2026-03-28 02:17:44 ===
[chain]
f5qp3w
2026-03-28 00:36:15,236 - nanochat.checkpoint_manager - INFO - Loading model fro
m /home/sun0115/.cache/nanochat/chatsft_checkpoints/d24_r32_lora_maxoom_2026-03-
27_2007_s2048_gc/best with step 500
2026-03-28 00:36:16,102 - nanochat.checkpoint_manager - INFO - Building model wi
th config: {'sequence_len': 2048, 'vocab_size': 32768, 'n_layer': 24, 'n_head':
9, 'n_kv_head': 9, 'n_embd': 1152, 'window_pattern': 'L'}
Rank 0 | 0/256 (0.00%)
==================================================
Final: 0/256 (0.00%)
SpellingBee accuracy: 0.00%
wandb: updating run metadata
wandb: uploading config.yaml; uploading output.log; uploading wandb-summary.json
wandb: uploading history steps 0-1, summary, console lines 2-5
wandb:
wandb: Run history:
wandb:  eval/spellingbee_accuracy ▁
wandb: final/spellingbee_accuracy ▁
wandb:                 task_index ▁
wandb:
wandb: Run summary:
wandb:  eval/spellingbee_accuracy 0
wandb: final/spellingbee_accuracy 0
wandb:                 task_index 1
wandb:
wandb: 🚀 View run d24_r32_lora_maxoom_2026-03-27_2007_s2048_gc_confirm_s500_spe
llingbee at: https://wandb.ai/sunshines-gmail-com/nanochat-eval/runs/hhf5qp3w
wandb: ⭐️ View project at: https://wandb.ai/sunshines-gmail-com/nanochat-eval
wandb: Synced 5 W&B file(s), 0 media file(s), 0 artifact file(s) and 0 other fil
e(s)
wandb: Find logs at: ./wandb/run-20260328_003614-hhf5qp3w/logs
[W328 01:07:31.189425989 AllocatorConfig.cpp:28] Warning: PYTORCH_CUDA_ALLOC_CON
F is deprecated, use PYTORCH_ALLOC_CONF instead (function operator())
SpellingBee: 0/256 = 0.00% | Wilson95% [0.00%, 1.48%]
[done] confirmation eval complete
summary=/home/sun0115/nanochat-learn/notes/d24_r32_lora_maxoom_2026-03-27_2007_s
2048_gc_best_s500_confirm_summary_1000_2026-03-27_2020.txt
[done] confirm eval finished for d24_r32_lora_maxoom_2026-03-27_2007_s2048_gc
[done] completed at s2048_gc
sun0115@DESKTOP-L4C74MD:~/nanochat-learn/nanochat$

[autopilot]
[2026-03-28 01:07:52] Current summary complete: /home/sun0115/nanochat-learn/not
es/d24_r32_lora_maxoom_2026-03-27_2007_s2048_gc_best_s500_confirm_summary_1000_2
026-03-27_2020.txt
[2026-03-28 01:07:52] Current score=21.6000 (gsm8k=0.00, mmlu=21.60, spelling=0.
00)
















[gpu]
NVIDIA GeForce RTX 4070, 44 %, 8099 MiB, 12282 MiB

=== 2026-03-28 02:22:56 ===
[chain]
f5qp3w
2026-03-28 00:36:15,236 - nanochat.checkpoint_manager - INFO - Loading model fro
m /home/sun0115/.cache/nanochat/chatsft_checkpoints/d24_r32_lora_maxoom_2026-03-
27_2007_s2048_gc/best with step 500
2026-03-28 00:36:16,102 - nanochat.checkpoint_manager - INFO - Building model wi
th config: {'sequence_len': 2048, 'vocab_size': 32768, 'n_layer': 24, 'n_head':
9, 'n_kv_head': 9, 'n_embd': 1152, 'window_pattern': 'L'}
Rank 0 | 0/256 (0.00%)
==================================================
Final: 0/256 (0.00%)
SpellingBee accuracy: 0.00%
wandb: updating run metadata
wandb: uploading config.yaml; uploading output.log; uploading wandb-summary.json
wandb: uploading history steps 0-1, summary, console lines 2-5
wandb:
wandb: Run history:
wandb:  eval/spellingbee_accuracy ▁
wandb: final/spellingbee_accuracy ▁
wandb:                 task_index ▁
wandb:
wandb: Run summary:
wandb:  eval/spellingbee_accuracy 0
wandb: final/spellingbee_accuracy 0
wandb:                 task_index 1
wandb:
wandb: 🚀 View run d24_r32_lora_maxoom_2026-03-27_2007_s2048_gc_confirm_s500_spe
llingbee at: https://wandb.ai/sunshines-gmail-com/nanochat-eval/runs/hhf5qp3w
wandb: ⭐️ View project at: https://wandb.ai/sunshines-gmail-com/nanochat-eval
wandb: Synced 5 W&B file(s), 0 media file(s), 0 artifact file(s) and 0 other fil
e(s)
wandb: Find logs at: ./wandb/run-20260328_003614-hhf5qp3w/logs
[W328 01:07:31.189425989 AllocatorConfig.cpp:28] Warning: PYTORCH_CUDA_ALLOC_CON
F is deprecated, use PYTORCH_ALLOC_CONF instead (function operator())
SpellingBee: 0/256 = 0.00% | Wilson95% [0.00%, 1.48%]
[done] confirmation eval complete
summary=/home/sun0115/nanochat-learn/notes/d24_r32_lora_maxoom_2026-03-27_2007_s
2048_gc_best_s500_confirm_summary_1000_2026-03-27_2020.txt
[done] confirm eval finished for d24_r32_lora_maxoom_2026-03-27_2007_s2048_gc
[done] completed at s2048_gc
sun0115@DESKTOP-L4C74MD:~/nanochat-learn/nanochat$

[autopilot]
[2026-03-28 01:07:52] Current summary complete: /home/sun0115/nanochat-learn/not
es/d24_r32_lora_maxoom_2026-03-27_2007_s2048_gc_best_s500_confirm_summary_1000_2
026-03-27_2020.txt
[2026-03-28 01:07:52] Current score=21.6000 (gsm8k=0.00, mmlu=21.60, spelling=0.
00)
















[gpu]
NVIDIA GeForce RTX 4070, 41 %, 8099 MiB, 12282 MiB

=== 2026-03-28 02:28:09 ===
[chain]
f5qp3w
2026-03-28 00:36:15,236 - nanochat.checkpoint_manager - INFO - Loading model fro
m /home/sun0115/.cache/nanochat/chatsft_checkpoints/d24_r32_lora_maxoom_2026-03-
27_2007_s2048_gc/best with step 500
2026-03-28 00:36:16,102 - nanochat.checkpoint_manager - INFO - Building model wi
th config: {'sequence_len': 2048, 'vocab_size': 32768, 'n_layer': 24, 'n_head':
9, 'n_kv_head': 9, 'n_embd': 1152, 'window_pattern': 'L'}
Rank 0 | 0/256 (0.00%)
==================================================
Final: 0/256 (0.00%)
SpellingBee accuracy: 0.00%
wandb: updating run metadata
wandb: uploading config.yaml; uploading output.log; uploading wandb-summary.json
wandb: uploading history steps 0-1, summary, console lines 2-5
wandb:
wandb: Run history:
wandb:  eval/spellingbee_accuracy ▁
wandb: final/spellingbee_accuracy ▁
wandb:                 task_index ▁
wandb:
wandb: Run summary:
wandb:  eval/spellingbee_accuracy 0
wandb: final/spellingbee_accuracy 0
wandb:                 task_index 1
wandb:
wandb: 🚀 View run d24_r32_lora_maxoom_2026-03-27_2007_s2048_gc_confirm_s500_spe
llingbee at: https://wandb.ai/sunshines-gmail-com/nanochat-eval/runs/hhf5qp3w
wandb: ⭐️ View project at: https://wandb.ai/sunshines-gmail-com/nanochat-eval
wandb: Synced 5 W&B file(s), 0 media file(s), 0 artifact file(s) and 0 other fil
e(s)
wandb: Find logs at: ./wandb/run-20260328_003614-hhf5qp3w/logs
[W328 01:07:31.189425989 AllocatorConfig.cpp:28] Warning: PYTORCH_CUDA_ALLOC_CON
F is deprecated, use PYTORCH_ALLOC_CONF instead (function operator())
SpellingBee: 0/256 = 0.00% | Wilson95% [0.00%, 1.48%]
[done] confirmation eval complete
summary=/home/sun0115/nanochat-learn/notes/d24_r32_lora_maxoom_2026-03-27_2007_s
2048_gc_best_s500_confirm_summary_1000_2026-03-27_2020.txt
[done] confirm eval finished for d24_r32_lora_maxoom_2026-03-27_2007_s2048_gc
[done] completed at s2048_gc
sun0115@DESKTOP-L4C74MD:~/nanochat-learn/nanochat$

[autopilot]
[2026-03-28 01:07:52] Current summary complete: /home/sun0115/nanochat-learn/not
es/d24_r32_lora_maxoom_2026-03-27_2007_s2048_gc_best_s500_confirm_summary_1000_2
026-03-27_2020.txt
[2026-03-28 01:07:52] Current score=21.6000 (gsm8k=0.00, mmlu=21.60, spelling=0.
00)
















[gpu]
NVIDIA GeForce RTX 4070, 42 %, 8099 MiB, 12282 MiB

=== 2026-03-28 02:33:22 ===
[chain]
f5qp3w
2026-03-28 00:36:15,236 - nanochat.checkpoint_manager - INFO - Loading model fro
m /home/sun0115/.cache/nanochat/chatsft_checkpoints/d24_r32_lora_maxoom_2026-03-
27_2007_s2048_gc/best with step 500
2026-03-28 00:36:16,102 - nanochat.checkpoint_manager - INFO - Building model wi
th config: {'sequence_len': 2048, 'vocab_size': 32768, 'n_layer': 24, 'n_head':
9, 'n_kv_head': 9, 'n_embd': 1152, 'window_pattern': 'L'}
Rank 0 | 0/256 (0.00%)
==================================================
Final: 0/256 (0.00%)
SpellingBee accuracy: 0.00%
wandb: updating run metadata
wandb: uploading config.yaml; uploading output.log; uploading wandb-summary.json
wandb: uploading history steps 0-1, summary, console lines 2-5
wandb:
wandb: Run history:
wandb:  eval/spellingbee_accuracy ▁
wandb: final/spellingbee_accuracy ▁
wandb:                 task_index ▁
wandb:
wandb: Run summary:
wandb:  eval/spellingbee_accuracy 0
wandb: final/spellingbee_accuracy 0
wandb:                 task_index 1
wandb:
wandb: 🚀 View run d24_r32_lora_maxoom_2026-03-27_2007_s2048_gc_confirm_s500_spe
llingbee at: https://wandb.ai/sunshines-gmail-com/nanochat-eval/runs/hhf5qp3w
wandb: ⭐️ View project at: https://wandb.ai/sunshines-gmail-com/nanochat-eval
wandb: Synced 5 W&B file(s), 0 media file(s), 0 artifact file(s) and 0 other fil
e(s)
wandb: Find logs at: ./wandb/run-20260328_003614-hhf5qp3w/logs
[W328 01:07:31.189425989 AllocatorConfig.cpp:28] Warning: PYTORCH_CUDA_ALLOC_CON
F is deprecated, use PYTORCH_ALLOC_CONF instead (function operator())
SpellingBee: 0/256 = 0.00% | Wilson95% [0.00%, 1.48%]
[done] confirmation eval complete
summary=/home/sun0115/nanochat-learn/notes/d24_r32_lora_maxoom_2026-03-27_2007_s
2048_gc_best_s500_confirm_summary_1000_2026-03-27_2020.txt
[done] confirm eval finished for d24_r32_lora_maxoom_2026-03-27_2007_s2048_gc
[done] completed at s2048_gc
sun0115@DESKTOP-L4C74MD:~/nanochat-learn/nanochat$

[autopilot]
[2026-03-28 01:07:52] Current summary complete: /home/sun0115/nanochat-learn/not
es/d24_r32_lora_maxoom_2026-03-27_2007_s2048_gc_best_s500_confirm_summary_1000_2
026-03-27_2020.txt
[2026-03-28 01:07:52] Current score=21.6000 (gsm8k=0.00, mmlu=21.60, spelling=0.
00)
















[gpu]
NVIDIA GeForce RTX 4070, 40 %, 8099 MiB, 12282 MiB

=== 2026-03-28 02:38:34 ===
[chain]
f5qp3w
2026-03-28 00:36:15,236 - nanochat.checkpoint_manager - INFO - Loading model fro
m /home/sun0115/.cache/nanochat/chatsft_checkpoints/d24_r32_lora_maxoom_2026-03-
27_2007_s2048_gc/best with step 500
2026-03-28 00:36:16,102 - nanochat.checkpoint_manager - INFO - Building model wi
th config: {'sequence_len': 2048, 'vocab_size': 32768, 'n_layer': 24, 'n_head':
9, 'n_kv_head': 9, 'n_embd': 1152, 'window_pattern': 'L'}
Rank 0 | 0/256 (0.00%)
==================================================
Final: 0/256 (0.00%)
SpellingBee accuracy: 0.00%
wandb: updating run metadata
wandb: uploading config.yaml; uploading output.log; uploading wandb-summary.json
wandb: uploading history steps 0-1, summary, console lines 2-5
wandb:
wandb: Run history:
wandb:  eval/spellingbee_accuracy ▁
wandb: final/spellingbee_accuracy ▁
wandb:                 task_index ▁
wandb:
wandb: Run summary:
wandb:  eval/spellingbee_accuracy 0
wandb: final/spellingbee_accuracy 0
wandb:                 task_index 1
wandb:
wandb: 🚀 View run d24_r32_lora_maxoom_2026-03-27_2007_s2048_gc_confirm_s500_spe
llingbee at: https://wandb.ai/sunshines-gmail-com/nanochat-eval/runs/hhf5qp3w
wandb: ⭐️ View project at: https://wandb.ai/sunshines-gmail-com/nanochat-eval
wandb: Synced 5 W&B file(s), 0 media file(s), 0 artifact file(s) and 0 other fil
e(s)
wandb: Find logs at: ./wandb/run-20260328_003614-hhf5qp3w/logs
[W328 01:07:31.189425989 AllocatorConfig.cpp:28] Warning: PYTORCH_CUDA_ALLOC_CON
F is deprecated, use PYTORCH_ALLOC_CONF instead (function operator())
SpellingBee: 0/256 = 0.00% | Wilson95% [0.00%, 1.48%]
[done] confirmation eval complete
summary=/home/sun0115/nanochat-learn/notes/d24_r32_lora_maxoom_2026-03-27_2007_s
2048_gc_best_s500_confirm_summary_1000_2026-03-27_2020.txt
[done] confirm eval finished for d24_r32_lora_maxoom_2026-03-27_2007_s2048_gc
[done] completed at s2048_gc
sun0115@DESKTOP-L4C74MD:~/nanochat-learn/nanochat$

[autopilot]
[2026-03-28 01:07:52] Current summary complete: /home/sun0115/nanochat-learn/not
es/d24_r32_lora_maxoom_2026-03-27_2007_s2048_gc_best_s500_confirm_summary_1000_2
026-03-27_2020.txt
[2026-03-28 01:07:52] Current score=21.6000 (gsm8k=0.00, mmlu=21.60, spelling=0.
00)
















[gpu]
NVIDIA GeForce RTX 4070, 49 %, 8099 MiB, 12282 MiB

=== 2026-03-28 02:43:47 ===
[chain]
f5qp3w
2026-03-28 00:36:15,236 - nanochat.checkpoint_manager - INFO - Loading model fro
m /home/sun0115/.cache/nanochat/chatsft_checkpoints/d24_r32_lora_maxoom_2026-03-
27_2007_s2048_gc/best with step 500
2026-03-28 00:36:16,102 - nanochat.checkpoint_manager - INFO - Building model wi
th config: {'sequence_len': 2048, 'vocab_size': 32768, 'n_layer': 24, 'n_head':
9, 'n_kv_head': 9, 'n_embd': 1152, 'window_pattern': 'L'}
Rank 0 | 0/256 (0.00%)
==================================================
Final: 0/256 (0.00%)
SpellingBee accuracy: 0.00%
wandb: updating run metadata
wandb: uploading config.yaml; uploading output.log; uploading wandb-summary.json
wandb: uploading history steps 0-1, summary, console lines 2-5
wandb:
wandb: Run history:
wandb:  eval/spellingbee_accuracy ▁
wandb: final/spellingbee_accuracy ▁
wandb:                 task_index ▁
wandb:
wandb: Run summary:
wandb:  eval/spellingbee_accuracy 0
wandb: final/spellingbee_accuracy 0
wandb:                 task_index 1
wandb:
wandb: 🚀 View run d24_r32_lora_maxoom_2026-03-27_2007_s2048_gc_confirm_s500_spe
llingbee at: https://wandb.ai/sunshines-gmail-com/nanochat-eval/runs/hhf5qp3w
wandb: ⭐️ View project at: https://wandb.ai/sunshines-gmail-com/nanochat-eval
wandb: Synced 5 W&B file(s), 0 media file(s), 0 artifact file(s) and 0 other fil
e(s)
wandb: Find logs at: ./wandb/run-20260328_003614-hhf5qp3w/logs
[W328 01:07:31.189425989 AllocatorConfig.cpp:28] Warning: PYTORCH_CUDA_ALLOC_CON
F is deprecated, use PYTORCH_ALLOC_CONF instead (function operator())
SpellingBee: 0/256 = 0.00% | Wilson95% [0.00%, 1.48%]
[done] confirmation eval complete
summary=/home/sun0115/nanochat-learn/notes/d24_r32_lora_maxoom_2026-03-27_2007_s
2048_gc_best_s500_confirm_summary_1000_2026-03-27_2020.txt
[done] confirm eval finished for d24_r32_lora_maxoom_2026-03-27_2007_s2048_gc
[done] completed at s2048_gc
sun0115@DESKTOP-L4C74MD:~/nanochat-learn/nanochat$

[autopilot]
[2026-03-28 01:07:52] Current summary complete: /home/sun0115/nanochat-learn/not
es/d24_r32_lora_maxoom_2026-03-27_2007_s2048_gc_best_s500_confirm_summary_1000_2
026-03-27_2020.txt
[2026-03-28 01:07:52] Current score=21.6000 (gsm8k=0.00, mmlu=21.60, spelling=0.
00)
















[gpu]
NVIDIA GeForce RTX 4070, 40 %, 8099 MiB, 12282 MiB

=== 2026-03-28 02:48:59 ===
[chain]
f5qp3w
2026-03-28 00:36:15,236 - nanochat.checkpoint_manager - INFO - Loading model fro
m /home/sun0115/.cache/nanochat/chatsft_checkpoints/d24_r32_lora_maxoom_2026-03-
27_2007_s2048_gc/best with step 500
2026-03-28 00:36:16,102 - nanochat.checkpoint_manager - INFO - Building model wi
th config: {'sequence_len': 2048, 'vocab_size': 32768, 'n_layer': 24, 'n_head':
9, 'n_kv_head': 9, 'n_embd': 1152, 'window_pattern': 'L'}
Rank 0 | 0/256 (0.00%)
==================================================
Final: 0/256 (0.00%)
SpellingBee accuracy: 0.00%
wandb: updating run metadata
wandb: uploading config.yaml; uploading output.log; uploading wandb-summary.json
wandb: uploading history steps 0-1, summary, console lines 2-5
wandb:
wandb: Run history:
wandb:  eval/spellingbee_accuracy ▁
wandb: final/spellingbee_accuracy ▁
wandb:                 task_index ▁
wandb:
wandb: Run summary:
wandb:  eval/spellingbee_accuracy 0
wandb: final/spellingbee_accuracy 0
wandb:                 task_index 1
wandb:
wandb: 🚀 View run d24_r32_lora_maxoom_2026-03-27_2007_s2048_gc_confirm_s500_spe
llingbee at: https://wandb.ai/sunshines-gmail-com/nanochat-eval/runs/hhf5qp3w
wandb: ⭐️ View project at: https://wandb.ai/sunshines-gmail-com/nanochat-eval
wandb: Synced 5 W&B file(s), 0 media file(s), 0 artifact file(s) and 0 other fil
e(s)
wandb: Find logs at: ./wandb/run-20260328_003614-hhf5qp3w/logs
[W328 01:07:31.189425989 AllocatorConfig.cpp:28] Warning: PYTORCH_CUDA_ALLOC_CON
F is deprecated, use PYTORCH_ALLOC_CONF instead (function operator())
SpellingBee: 0/256 = 0.00% | Wilson95% [0.00%, 1.48%]
[done] confirmation eval complete
summary=/home/sun0115/nanochat-learn/notes/d24_r32_lora_maxoom_2026-03-27_2007_s
2048_gc_best_s500_confirm_summary_1000_2026-03-27_2020.txt
[done] confirm eval finished for d24_r32_lora_maxoom_2026-03-27_2007_s2048_gc
[done] completed at s2048_gc
sun0115@DESKTOP-L4C74MD:~/nanochat-learn/nanochat$

[autopilot]
[2026-03-28 01:07:52] Current summary complete: /home/sun0115/nanochat-learn/not
es/d24_r32_lora_maxoom_2026-03-27_2007_s2048_gc_best_s500_confirm_summary_1000_2
026-03-27_2020.txt
[2026-03-28 01:07:52] Current score=21.6000 (gsm8k=0.00, mmlu=21.60, spelling=0.
00)
















[gpu]
NVIDIA GeForce RTX 4070, 31 %, 8099 MiB, 12282 MiB

=== 2026-03-28 02:54:13 ===
[chain]
f5qp3w
2026-03-28 00:36:15,236 - nanochat.checkpoint_manager - INFO - Loading model fro
m /home/sun0115/.cache/nanochat/chatsft_checkpoints/d24_r32_lora_maxoom_2026-03-
27_2007_s2048_gc/best with step 500
2026-03-28 00:36:16,102 - nanochat.checkpoint_manager - INFO - Building model wi
th config: {'sequence_len': 2048, 'vocab_size': 32768, 'n_layer': 24, 'n_head':
9, 'n_kv_head': 9, 'n_embd': 1152, 'window_pattern': 'L'}
Rank 0 | 0/256 (0.00%)
==================================================
Final: 0/256 (0.00%)
SpellingBee accuracy: 0.00%
wandb: updating run metadata
wandb: uploading config.yaml; uploading output.log; uploading wandb-summary.json
wandb: uploading history steps 0-1, summary, console lines 2-5
wandb:
wandb: Run history:
wandb:  eval/spellingbee_accuracy ▁
wandb: final/spellingbee_accuracy ▁
wandb:                 task_index ▁
wandb:
wandb: Run summary:
wandb:  eval/spellingbee_accuracy 0
wandb: final/spellingbee_accuracy 0
wandb:                 task_index 1
wandb:
wandb: 🚀 View run d24_r32_lora_maxoom_2026-03-27_2007_s2048_gc_confirm_s500_spe
llingbee at: https://wandb.ai/sunshines-gmail-com/nanochat-eval/runs/hhf5qp3w
wandb: ⭐️ View project at: https://wandb.ai/sunshines-gmail-com/nanochat-eval
wandb: Synced 5 W&B file(s), 0 media file(s), 0 artifact file(s) and 0 other fil
e(s)
wandb: Find logs at: ./wandb/run-20260328_003614-hhf5qp3w/logs
[W328 01:07:31.189425989 AllocatorConfig.cpp:28] Warning: PYTORCH_CUDA_ALLOC_CON
F is deprecated, use PYTORCH_ALLOC_CONF instead (function operator())
SpellingBee: 0/256 = 0.00% | Wilson95% [0.00%, 1.48%]
[done] confirmation eval complete
summary=/home/sun0115/nanochat-learn/notes/d24_r32_lora_maxoom_2026-03-27_2007_s
2048_gc_best_s500_confirm_summary_1000_2026-03-27_2020.txt
[done] confirm eval finished for d24_r32_lora_maxoom_2026-03-27_2007_s2048_gc
[done] completed at s2048_gc
sun0115@DESKTOP-L4C74MD:~/nanochat-learn/nanochat$

[autopilot]
[2026-03-28 01:07:52] Current summary complete: /home/sun0115/nanochat-learn/not
es/d24_r32_lora_maxoom_2026-03-27_2007_s2048_gc_best_s500_confirm_summary_1000_2
026-03-27_2020.txt
[2026-03-28 01:07:52] Current score=21.6000 (gsm8k=0.00, mmlu=21.60, spelling=0.
00)
















[gpu]
NVIDIA GeForce RTX 4070, 46 %, 8099 MiB, 12282 MiB

=== 2026-03-28 02:59:25 ===
[chain]
f5qp3w
2026-03-28 00:36:15,236 - nanochat.checkpoint_manager - INFO - Loading model fro
m /home/sun0115/.cache/nanochat/chatsft_checkpoints/d24_r32_lora_maxoom_2026-03-
27_2007_s2048_gc/best with step 500
2026-03-28 00:36:16,102 - nanochat.checkpoint_manager - INFO - Building model wi
th config: {'sequence_len': 2048, 'vocab_size': 32768, 'n_layer': 24, 'n_head':
9, 'n_kv_head': 9, 'n_embd': 1152, 'window_pattern': 'L'}
Rank 0 | 0/256 (0.00%)
==================================================
Final: 0/256 (0.00%)
SpellingBee accuracy: 0.00%
wandb: updating run metadata
wandb: uploading config.yaml; uploading output.log; uploading wandb-summary.json
wandb: uploading history steps 0-1, summary, console lines 2-5
wandb:
wandb: Run history:
wandb:  eval/spellingbee_accuracy ▁
wandb: final/spellingbee_accuracy ▁
wandb:                 task_index ▁
wandb:
wandb: Run summary:
wandb:  eval/spellingbee_accuracy 0
wandb: final/spellingbee_accuracy 0
wandb:                 task_index 1
wandb:
wandb: 🚀 View run d24_r32_lora_maxoom_2026-03-27_2007_s2048_gc_confirm_s500_spe
llingbee at: https://wandb.ai/sunshines-gmail-com/nanochat-eval/runs/hhf5qp3w
wandb: ⭐️ View project at: https://wandb.ai/sunshines-gmail-com/nanochat-eval
wandb: Synced 5 W&B file(s), 0 media file(s), 0 artifact file(s) and 0 other fil
e(s)
wandb: Find logs at: ./wandb/run-20260328_003614-hhf5qp3w/logs
[W328 01:07:31.189425989 AllocatorConfig.cpp:28] Warning: PYTORCH_CUDA_ALLOC_CON
F is deprecated, use PYTORCH_ALLOC_CONF instead (function operator())
SpellingBee: 0/256 = 0.00% | Wilson95% [0.00%, 1.48%]
[done] confirmation eval complete
summary=/home/sun0115/nanochat-learn/notes/d24_r32_lora_maxoom_2026-03-27_2007_s
2048_gc_best_s500_confirm_summary_1000_2026-03-27_2020.txt
[done] confirm eval finished for d24_r32_lora_maxoom_2026-03-27_2007_s2048_gc
[done] completed at s2048_gc
sun0115@DESKTOP-L4C74MD:~/nanochat-learn/nanochat$

[autopilot]
[2026-03-28 01:07:52] Current summary complete: /home/sun0115/nanochat-learn/not
es/d24_r32_lora_maxoom_2026-03-27_2007_s2048_gc_best_s500_confirm_summary_1000_2
026-03-27_2020.txt
[2026-03-28 01:07:52] Current score=21.6000 (gsm8k=0.00, mmlu=21.60, spelling=0.
00)
















[gpu]
NVIDIA GeForce RTX 4070, 43 %, 8099 MiB, 12282 MiB

=== 2026-03-28 03:04:38 ===
[chain]
f5qp3w
2026-03-28 00:36:15,236 - nanochat.checkpoint_manager - INFO - Loading model fro
m /home/sun0115/.cache/nanochat/chatsft_checkpoints/d24_r32_lora_maxoom_2026-03-
27_2007_s2048_gc/best with step 500
2026-03-28 00:36:16,102 - nanochat.checkpoint_manager - INFO - Building model wi
th config: {'sequence_len': 2048, 'vocab_size': 32768, 'n_layer': 24, 'n_head':
9, 'n_kv_head': 9, 'n_embd': 1152, 'window_pattern': 'L'}
Rank 0 | 0/256 (0.00%)
==================================================
Final: 0/256 (0.00%)
SpellingBee accuracy: 0.00%
wandb: updating run metadata
wandb: uploading config.yaml; uploading output.log; uploading wandb-summary.json
wandb: uploading history steps 0-1, summary, console lines 2-5
wandb:
wandb: Run history:
wandb:  eval/spellingbee_accuracy ▁
wandb: final/spellingbee_accuracy ▁
wandb:                 task_index ▁
wandb:
wandb: Run summary:
wandb:  eval/spellingbee_accuracy 0
wandb: final/spellingbee_accuracy 0
wandb:                 task_index 1
wandb:
wandb: 🚀 View run d24_r32_lora_maxoom_2026-03-27_2007_s2048_gc_confirm_s500_spe
llingbee at: https://wandb.ai/sunshines-gmail-com/nanochat-eval/runs/hhf5qp3w
wandb: ⭐️ View project at: https://wandb.ai/sunshines-gmail-com/nanochat-eval
wandb: Synced 5 W&B file(s), 0 media file(s), 0 artifact file(s) and 0 other fil
e(s)
wandb: Find logs at: ./wandb/run-20260328_003614-hhf5qp3w/logs
[W328 01:07:31.189425989 AllocatorConfig.cpp:28] Warning: PYTORCH_CUDA_ALLOC_CON
F is deprecated, use PYTORCH_ALLOC_CONF instead (function operator())
SpellingBee: 0/256 = 0.00% | Wilson95% [0.00%, 1.48%]
[done] confirmation eval complete
summary=/home/sun0115/nanochat-learn/notes/d24_r32_lora_maxoom_2026-03-27_2007_s
2048_gc_best_s500_confirm_summary_1000_2026-03-27_2020.txt
[done] confirm eval finished for d24_r32_lora_maxoom_2026-03-27_2007_s2048_gc
[done] completed at s2048_gc
sun0115@DESKTOP-L4C74MD:~/nanochat-learn/nanochat$

[autopilot]
[2026-03-28 01:07:52] Current summary complete: /home/sun0115/nanochat-learn/not
es/d24_r32_lora_maxoom_2026-03-27_2007_s2048_gc_best_s500_confirm_summary_1000_2
026-03-27_2020.txt
[2026-03-28 01:07:52] Current score=21.6000 (gsm8k=0.00, mmlu=21.60, spelling=0.
00)
















[gpu]
NVIDIA GeForce RTX 4070, 43 %, 8099 MiB, 12282 MiB

=== 2026-03-28 03:09:51 ===
[chain]
f5qp3w
2026-03-28 00:36:15,236 - nanochat.checkpoint_manager - INFO - Loading model fro
m /home/sun0115/.cache/nanochat/chatsft_checkpoints/d24_r32_lora_maxoom_2026-03-
27_2007_s2048_gc/best with step 500
2026-03-28 00:36:16,102 - nanochat.checkpoint_manager - INFO - Building model wi
th config: {'sequence_len': 2048, 'vocab_size': 32768, 'n_layer': 24, 'n_head':
9, 'n_kv_head': 9, 'n_embd': 1152, 'window_pattern': 'L'}
Rank 0 | 0/256 (0.00%)
==================================================
Final: 0/256 (0.00%)
SpellingBee accuracy: 0.00%
wandb: updating run metadata
wandb: uploading config.yaml; uploading output.log; uploading wandb-summary.json
wandb: uploading history steps 0-1, summary, console lines 2-5
wandb:
wandb: Run history:
wandb:  eval/spellingbee_accuracy ▁
wandb: final/spellingbee_accuracy ▁
wandb:                 task_index ▁
wandb:
wandb: Run summary:
wandb:  eval/spellingbee_accuracy 0
wandb: final/spellingbee_accuracy 0
wandb:                 task_index 1
wandb:
wandb: 🚀 View run d24_r32_lora_maxoom_2026-03-27_2007_s2048_gc_confirm_s500_spe
llingbee at: https://wandb.ai/sunshines-gmail-com/nanochat-eval/runs/hhf5qp3w
wandb: ⭐️ View project at: https://wandb.ai/sunshines-gmail-com/nanochat-eval
wandb: Synced 5 W&B file(s), 0 media file(s), 0 artifact file(s) and 0 other fil
e(s)
wandb: Find logs at: ./wandb/run-20260328_003614-hhf5qp3w/logs
[W328 01:07:31.189425989 AllocatorConfig.cpp:28] Warning: PYTORCH_CUDA_ALLOC_CON
F is deprecated, use PYTORCH_ALLOC_CONF instead (function operator())
SpellingBee: 0/256 = 0.00% | Wilson95% [0.00%, 1.48%]
[done] confirmation eval complete
summary=/home/sun0115/nanochat-learn/notes/d24_r32_lora_maxoom_2026-03-27_2007_s
2048_gc_best_s500_confirm_summary_1000_2026-03-27_2020.txt
[done] confirm eval finished for d24_r32_lora_maxoom_2026-03-27_2007_s2048_gc
[done] completed at s2048_gc
sun0115@DESKTOP-L4C74MD:~/nanochat-learn/nanochat$

[autopilot]
[2026-03-28 01:07:52] Current summary complete: /home/sun0115/nanochat-learn/not
es/d24_r32_lora_maxoom_2026-03-27_2007_s2048_gc_best_s500_confirm_summary_1000_2
026-03-27_2020.txt
[2026-03-28 01:07:52] Current score=21.6000 (gsm8k=0.00, mmlu=21.60, spelling=0.
00)
















[gpu]
NVIDIA GeForce RTX 4070, 35 %, 8099 MiB, 12282 MiB

=== 2026-03-28 03:15:03 ===
[chain]
f5qp3w
2026-03-28 00:36:15,236 - nanochat.checkpoint_manager - INFO - Loading model fro
m /home/sun0115/.cache/nanochat/chatsft_checkpoints/d24_r32_lora_maxoom_2026-03-
27_2007_s2048_gc/best with step 500
2026-03-28 00:36:16,102 - nanochat.checkpoint_manager - INFO - Building model wi
th config: {'sequence_len': 2048, 'vocab_size': 32768, 'n_layer': 24, 'n_head':
9, 'n_kv_head': 9, 'n_embd': 1152, 'window_pattern': 'L'}
Rank 0 | 0/256 (0.00%)
==================================================
Final: 0/256 (0.00%)
SpellingBee accuracy: 0.00%
wandb: updating run metadata
wandb: uploading config.yaml; uploading output.log; uploading wandb-summary.json
wandb: uploading history steps 0-1, summary, console lines 2-5
wandb:
wandb: Run history:
wandb:  eval/spellingbee_accuracy ▁
wandb: final/spellingbee_accuracy ▁
wandb:                 task_index ▁
wandb:
wandb: Run summary:
wandb:  eval/spellingbee_accuracy 0
wandb: final/spellingbee_accuracy 0
wandb:                 task_index 1
wandb:
wandb: 🚀 View run d24_r32_lora_maxoom_2026-03-27_2007_s2048_gc_confirm_s500_spe
llingbee at: https://wandb.ai/sunshines-gmail-com/nanochat-eval/runs/hhf5qp3w
wandb: ⭐️ View project at: https://wandb.ai/sunshines-gmail-com/nanochat-eval
wandb: Synced 5 W&B file(s), 0 media file(s), 0 artifact file(s) and 0 other fil
e(s)
wandb: Find logs at: ./wandb/run-20260328_003614-hhf5qp3w/logs
[W328 01:07:31.189425989 AllocatorConfig.cpp:28] Warning: PYTORCH_CUDA_ALLOC_CON
F is deprecated, use PYTORCH_ALLOC_CONF instead (function operator())
SpellingBee: 0/256 = 0.00% | Wilson95% [0.00%, 1.48%]
[done] confirmation eval complete
summary=/home/sun0115/nanochat-learn/notes/d24_r32_lora_maxoom_2026-03-27_2007_s
2048_gc_best_s500_confirm_summary_1000_2026-03-27_2020.txt
[done] confirm eval finished for d24_r32_lora_maxoom_2026-03-27_2007_s2048_gc
[done] completed at s2048_gc
sun0115@DESKTOP-L4C74MD:~/nanochat-learn/nanochat$

[autopilot]
[2026-03-28 01:07:52] Current summary complete: /home/sun0115/nanochat-learn/not
es/d24_r32_lora_maxoom_2026-03-27_2007_s2048_gc_best_s500_confirm_summary_1000_2
026-03-27_2020.txt
[2026-03-28 01:07:52] Current score=21.6000 (gsm8k=0.00, mmlu=21.60, spelling=0.
00)
















[gpu]
NVIDIA GeForce RTX 4070, 42 %, 8099 MiB, 12282 MiB

=== 2026-03-28 03:20:15 ===
[chain]
f5qp3w
2026-03-28 00:36:15,236 - nanochat.checkpoint_manager - INFO - Loading model fro
m /home/sun0115/.cache/nanochat/chatsft_checkpoints/d24_r32_lora_maxoom_2026-03-
27_2007_s2048_gc/best with step 500
2026-03-28 00:36:16,102 - nanochat.checkpoint_manager - INFO - Building model wi
th config: {'sequence_len': 2048, 'vocab_size': 32768, 'n_layer': 24, 'n_head':
9, 'n_kv_head': 9, 'n_embd': 1152, 'window_pattern': 'L'}
Rank 0 | 0/256 (0.00%)
==================================================
Final: 0/256 (0.00%)
SpellingBee accuracy: 0.00%
wandb: updating run metadata
wandb: uploading config.yaml; uploading output.log; uploading wandb-summary.json
wandb: uploading history steps 0-1, summary, console lines 2-5
wandb:
wandb: Run history:
wandb:  eval/spellingbee_accuracy ▁
wandb: final/spellingbee_accuracy ▁
wandb:                 task_index ▁
wandb:
wandb: Run summary:
wandb:  eval/spellingbee_accuracy 0
wandb: final/spellingbee_accuracy 0
wandb:                 task_index 1
wandb:
wandb: 🚀 View run d24_r32_lora_maxoom_2026-03-27_2007_s2048_gc_confirm_s500_spe
llingbee at: https://wandb.ai/sunshines-gmail-com/nanochat-eval/runs/hhf5qp3w
wandb: ⭐️ View project at: https://wandb.ai/sunshines-gmail-com/nanochat-eval
wandb: Synced 5 W&B file(s), 0 media file(s), 0 artifact file(s) and 0 other fil
e(s)
wandb: Find logs at: ./wandb/run-20260328_003614-hhf5qp3w/logs
[W328 01:07:31.189425989 AllocatorConfig.cpp:28] Warning: PYTORCH_CUDA_ALLOC_CON
F is deprecated, use PYTORCH_ALLOC_CONF instead (function operator())
SpellingBee: 0/256 = 0.00% | Wilson95% [0.00%, 1.48%]
[done] confirmation eval complete
summary=/home/sun0115/nanochat-learn/notes/d24_r32_lora_maxoom_2026-03-27_2007_s
2048_gc_best_s500_confirm_summary_1000_2026-03-27_2020.txt
[done] confirm eval finished for d24_r32_lora_maxoom_2026-03-27_2007_s2048_gc
[done] completed at s2048_gc
sun0115@DESKTOP-L4C74MD:~/nanochat-learn/nanochat$

[autopilot]
[2026-03-28 01:07:52] Current summary complete: /home/sun0115/nanochat-learn/not
es/d24_r32_lora_maxoom_2026-03-27_2007_s2048_gc_best_s500_confirm_summary_1000_2
026-03-27_2020.txt
[2026-03-28 01:07:52] Current score=21.6000 (gsm8k=0.00, mmlu=21.60, spelling=0.
00)
















[gpu]
NVIDIA GeForce RTX 4070, 50 %, 8099 MiB, 12282 MiB

=== 2026-03-28 03:25:29 ===
[chain]
f5qp3w
2026-03-28 00:36:15,236 - nanochat.checkpoint_manager - INFO - Loading model fro
m /home/sun0115/.cache/nanochat/chatsft_checkpoints/d24_r32_lora_maxoom_2026-03-
27_2007_s2048_gc/best with step 500
2026-03-28 00:36:16,102 - nanochat.checkpoint_manager - INFO - Building model wi
th config: {'sequence_len': 2048, 'vocab_size': 32768, 'n_layer': 24, 'n_head':
9, 'n_kv_head': 9, 'n_embd': 1152, 'window_pattern': 'L'}
Rank 0 | 0/256 (0.00%)
==================================================
Final: 0/256 (0.00%)
SpellingBee accuracy: 0.00%
wandb: updating run metadata
wandb: uploading config.yaml; uploading output.log; uploading wandb-summary.json
wandb: uploading history steps 0-1, summary, console lines 2-5
wandb:
wandb: Run history:
wandb:  eval/spellingbee_accuracy ▁
wandb: final/spellingbee_accuracy ▁
wandb:                 task_index ▁
wandb:
wandb: Run summary:
wandb:  eval/spellingbee_accuracy 0
wandb: final/spellingbee_accuracy 0
wandb:                 task_index 1
wandb:
wandb: 🚀 View run d24_r32_lora_maxoom_2026-03-27_2007_s2048_gc_confirm_s500_spe
llingbee at: https://wandb.ai/sunshines-gmail-com/nanochat-eval/runs/hhf5qp3w
wandb: ⭐️ View project at: https://wandb.ai/sunshines-gmail-com/nanochat-eval
wandb: Synced 5 W&B file(s), 0 media file(s), 0 artifact file(s) and 0 other fil
e(s)
wandb: Find logs at: ./wandb/run-20260328_003614-hhf5qp3w/logs
[W328 01:07:31.189425989 AllocatorConfig.cpp:28] Warning: PYTORCH_CUDA_ALLOC_CON
F is deprecated, use PYTORCH_ALLOC_CONF instead (function operator())
SpellingBee: 0/256 = 0.00% | Wilson95% [0.00%, 1.48%]
[done] confirmation eval complete
summary=/home/sun0115/nanochat-learn/notes/d24_r32_lora_maxoom_2026-03-27_2007_s
2048_gc_best_s500_confirm_summary_1000_2026-03-27_2020.txt
[done] confirm eval finished for d24_r32_lora_maxoom_2026-03-27_2007_s2048_gc
[done] completed at s2048_gc
sun0115@DESKTOP-L4C74MD:~/nanochat-learn/nanochat$

[autopilot]
[2026-03-28 01:07:52] Current summary complete: /home/sun0115/nanochat-learn/not
es/d24_r32_lora_maxoom_2026-03-27_2007_s2048_gc_best_s500_confirm_summary_1000_2
026-03-27_2020.txt
[2026-03-28 01:07:52] Current score=21.6000 (gsm8k=0.00, mmlu=21.60, spelling=0.
00)
















[gpu]
NVIDIA GeForce RTX 4070, 19 %, 8099 MiB, 12282 MiB

=== 2026-03-28 03:30:41 ===
[chain]
f5qp3w
2026-03-28 00:36:15,236 - nanochat.checkpoint_manager - INFO - Loading model fro
m /home/sun0115/.cache/nanochat/chatsft_checkpoints/d24_r32_lora_maxoom_2026-03-
27_2007_s2048_gc/best with step 500
2026-03-28 00:36:16,102 - nanochat.checkpoint_manager - INFO - Building model wi
th config: {'sequence_len': 2048, 'vocab_size': 32768, 'n_layer': 24, 'n_head':
9, 'n_kv_head': 9, 'n_embd': 1152, 'window_pattern': 'L'}
Rank 0 | 0/256 (0.00%)
==================================================
Final: 0/256 (0.00%)
SpellingBee accuracy: 0.00%
wandb: updating run metadata
wandb: uploading config.yaml; uploading output.log; uploading wandb-summary.json
wandb: uploading history steps 0-1, summary, console lines 2-5
wandb:
wandb: Run history:
wandb:  eval/spellingbee_accuracy ▁
wandb: final/spellingbee_accuracy ▁
wandb:                 task_index ▁
wandb:
wandb: Run summary:
wandb:  eval/spellingbee_accuracy 0
wandb: final/spellingbee_accuracy 0
wandb:                 task_index 1
wandb:
wandb: 🚀 View run d24_r32_lora_maxoom_2026-03-27_2007_s2048_gc_confirm_s500_spe
llingbee at: https://wandb.ai/sunshines-gmail-com/nanochat-eval/runs/hhf5qp3w
wandb: ⭐️ View project at: https://wandb.ai/sunshines-gmail-com/nanochat-eval
wandb: Synced 5 W&B file(s), 0 media file(s), 0 artifact file(s) and 0 other fil
e(s)
wandb: Find logs at: ./wandb/run-20260328_003614-hhf5qp3w/logs
[W328 01:07:31.189425989 AllocatorConfig.cpp:28] Warning: PYTORCH_CUDA_ALLOC_CON
F is deprecated, use PYTORCH_ALLOC_CONF instead (function operator())
SpellingBee: 0/256 = 0.00% | Wilson95% [0.00%, 1.48%]
[done] confirmation eval complete
summary=/home/sun0115/nanochat-learn/notes/d24_r32_lora_maxoom_2026-03-27_2007_s
2048_gc_best_s500_confirm_summary_1000_2026-03-27_2020.txt
[done] confirm eval finished for d24_r32_lora_maxoom_2026-03-27_2007_s2048_gc
[done] completed at s2048_gc
sun0115@DESKTOP-L4C74MD:~/nanochat-learn/nanochat$

[autopilot]
[2026-03-28 01:07:52] Current summary complete: /home/sun0115/nanochat-learn/not
es/d24_r32_lora_maxoom_2026-03-27_2007_s2048_gc_best_s500_confirm_summary_1000_2
026-03-27_2020.txt
[2026-03-28 01:07:52] Current score=21.6000 (gsm8k=0.00, mmlu=21.60, spelling=0.
00)
















[gpu]
NVIDIA GeForce RTX 4070, 42 %, 8099 MiB, 12282 MiB

=== 2026-03-28 03:35:52 ===
[chain]
f5qp3w
2026-03-28 00:36:15,236 - nanochat.checkpoint_manager - INFO - Loading model fro
m /home/sun0115/.cache/nanochat/chatsft_checkpoints/d24_r32_lora_maxoom_2026-03-
27_2007_s2048_gc/best with step 500
2026-03-28 00:36:16,102 - nanochat.checkpoint_manager - INFO - Building model wi
th config: {'sequence_len': 2048, 'vocab_size': 32768, 'n_layer': 24, 'n_head':
9, 'n_kv_head': 9, 'n_embd': 1152, 'window_pattern': 'L'}
Rank 0 | 0/256 (0.00%)
==================================================
Final: 0/256 (0.00%)
SpellingBee accuracy: 0.00%
wandb: updating run metadata
wandb: uploading config.yaml; uploading output.log; uploading wandb-summary.json
wandb: uploading history steps 0-1, summary, console lines 2-5
wandb:
wandb: Run history:
wandb:  eval/spellingbee_accuracy ▁
wandb: final/spellingbee_accuracy ▁
wandb:                 task_index ▁
wandb:
wandb: Run summary:
wandb:  eval/spellingbee_accuracy 0
wandb: final/spellingbee_accuracy 0
wandb:                 task_index 1
wandb:
wandb: 🚀 View run d24_r32_lora_maxoom_2026-03-27_2007_s2048_gc_confirm_s500_spe
llingbee at: https://wandb.ai/sunshines-gmail-com/nanochat-eval/runs/hhf5qp3w
wandb: ⭐️ View project at: https://wandb.ai/sunshines-gmail-com/nanochat-eval
wandb: Synced 5 W&B file(s), 0 media file(s), 0 artifact file(s) and 0 other fil
e(s)
wandb: Find logs at: ./wandb/run-20260328_003614-hhf5qp3w/logs
[W328 01:07:31.189425989 AllocatorConfig.cpp:28] Warning: PYTORCH_CUDA_ALLOC_CON
F is deprecated, use PYTORCH_ALLOC_CONF instead (function operator())
SpellingBee: 0/256 = 0.00% | Wilson95% [0.00%, 1.48%]
[done] confirmation eval complete
summary=/home/sun0115/nanochat-learn/notes/d24_r32_lora_maxoom_2026-03-27_2007_s
2048_gc_best_s500_confirm_summary_1000_2026-03-27_2020.txt
[done] confirm eval finished for d24_r32_lora_maxoom_2026-03-27_2007_s2048_gc
[done] completed at s2048_gc
sun0115@DESKTOP-L4C74MD:~/nanochat-learn/nanochat$

[autopilot]
[2026-03-28 01:07:52] Current summary complete: /home/sun0115/nanochat-learn/not
es/d24_r32_lora_maxoom_2026-03-27_2007_s2048_gc_best_s500_confirm_summary_1000_2
026-03-27_2020.txt
[2026-03-28 01:07:52] Current score=21.6000 (gsm8k=0.00, mmlu=21.60, spelling=0.
00)
















[gpu]
NVIDIA GeForce RTX 4070, 39 %, 8099 MiB, 12282 MiB

=== 2026-03-28 03:41:02 ===
[chain]
f5qp3w
2026-03-28 00:36:15,236 - nanochat.checkpoint_manager - INFO - Loading model fro
m /home/sun0115/.cache/nanochat/chatsft_checkpoints/d24_r32_lora_maxoom_2026-03-
27_2007_s2048_gc/best with step 500
2026-03-28 00:36:16,102 - nanochat.checkpoint_manager - INFO - Building model wi
th config: {'sequence_len': 2048, 'vocab_size': 32768, 'n_layer': 24, 'n_head':
9, 'n_kv_head': 9, 'n_embd': 1152, 'window_pattern': 'L'}
Rank 0 | 0/256 (0.00%)
==================================================
Final: 0/256 (0.00%)
SpellingBee accuracy: 0.00%
wandb: updating run metadata
wandb: uploading config.yaml; uploading output.log; uploading wandb-summary.json
wandb: uploading history steps 0-1, summary, console lines 2-5
wandb:
wandb: Run history:
wandb:  eval/spellingbee_accuracy ▁
wandb: final/spellingbee_accuracy ▁
wandb:                 task_index ▁
wandb:
wandb: Run summary:
wandb:  eval/spellingbee_accuracy 0
wandb: final/spellingbee_accuracy 0
wandb:                 task_index 1
wandb:
wandb: 🚀 View run d24_r32_lora_maxoom_2026-03-27_2007_s2048_gc_confirm_s500_spe
llingbee at: https://wandb.ai/sunshines-gmail-com/nanochat-eval/runs/hhf5qp3w
wandb: ⭐️ View project at: https://wandb.ai/sunshines-gmail-com/nanochat-eval
wandb: Synced 5 W&B file(s), 0 media file(s), 0 artifact file(s) and 0 other fil
e(s)
wandb: Find logs at: ./wandb/run-20260328_003614-hhf5qp3w/logs
[W328 01:07:31.189425989 AllocatorConfig.cpp:28] Warning: PYTORCH_CUDA_ALLOC_CON
F is deprecated, use PYTORCH_ALLOC_CONF instead (function operator())
SpellingBee: 0/256 = 0.00% | Wilson95% [0.00%, 1.48%]
[done] confirmation eval complete
summary=/home/sun0115/nanochat-learn/notes/d24_r32_lora_maxoom_2026-03-27_2007_s
2048_gc_best_s500_confirm_summary_1000_2026-03-27_2020.txt
[done] confirm eval finished for d24_r32_lora_maxoom_2026-03-27_2007_s2048_gc
[done] completed at s2048_gc
sun0115@DESKTOP-L4C74MD:~/nanochat-learn/nanochat$

[autopilot]
[2026-03-28 01:07:52] Current summary complete: /home/sun0115/nanochat-learn/not
es/d24_r32_lora_maxoom_2026-03-27_2007_s2048_gc_best_s500_confirm_summary_1000_2
026-03-27_2020.txt
[2026-03-28 01:07:52] Current score=21.6000 (gsm8k=0.00, mmlu=21.60, spelling=0.
00)
















[gpu]
NVIDIA GeForce RTX 4070, 45 %, 8159 MiB, 12282 MiB

=== 2026-03-28 03:46:13 ===
[chain]
f5qp3w
2026-03-28 00:36:15,236 - nanochat.checkpoint_manager - INFO - Loading model fro
m /home/sun0115/.cache/nanochat/chatsft_checkpoints/d24_r32_lora_maxoom_2026-03-
27_2007_s2048_gc/best with step 500
2026-03-28 00:36:16,102 - nanochat.checkpoint_manager - INFO - Building model wi
th config: {'sequence_len': 2048, 'vocab_size': 32768, 'n_layer': 24, 'n_head':
9, 'n_kv_head': 9, 'n_embd': 1152, 'window_pattern': 'L'}
Rank 0 | 0/256 (0.00%)
==================================================
Final: 0/256 (0.00%)
SpellingBee accuracy: 0.00%
wandb: updating run metadata
wandb: uploading config.yaml; uploading output.log; uploading wandb-summary.json
wandb: uploading history steps 0-1, summary, console lines 2-5
wandb:
wandb: Run history:
wandb:  eval/spellingbee_accuracy ▁
wandb: final/spellingbee_accuracy ▁
wandb:                 task_index ▁
wandb:
wandb: Run summary:
wandb:  eval/spellingbee_accuracy 0
wandb: final/spellingbee_accuracy 0
wandb:                 task_index 1
wandb:
wandb: 🚀 View run d24_r32_lora_maxoom_2026-03-27_2007_s2048_gc_confirm_s500_spe
llingbee at: https://wandb.ai/sunshines-gmail-com/nanochat-eval/runs/hhf5qp3w
wandb: ⭐️ View project at: https://wandb.ai/sunshines-gmail-com/nanochat-eval
wandb: Synced 5 W&B file(s), 0 media file(s), 0 artifact file(s) and 0 other fil
e(s)
wandb: Find logs at: ./wandb/run-20260328_003614-hhf5qp3w/logs
[W328 01:07:31.189425989 AllocatorConfig.cpp:28] Warning: PYTORCH_CUDA_ALLOC_CON
F is deprecated, use PYTORCH_ALLOC_CONF instead (function operator())
SpellingBee: 0/256 = 0.00% | Wilson95% [0.00%, 1.48%]
[done] confirmation eval complete
summary=/home/sun0115/nanochat-learn/notes/d24_r32_lora_maxoom_2026-03-27_2007_s
2048_gc_best_s500_confirm_summary_1000_2026-03-27_2020.txt
[done] confirm eval finished for d24_r32_lora_maxoom_2026-03-27_2007_s2048_gc
[done] completed at s2048_gc
sun0115@DESKTOP-L4C74MD:~/nanochat-learn/nanochat$

[autopilot]
[2026-03-28 01:07:52] Current summary complete: /home/sun0115/nanochat-learn/not
es/d24_r32_lora_maxoom_2026-03-27_2007_s2048_gc_best_s500_confirm_summary_1000_2
026-03-27_2020.txt
[2026-03-28 01:07:52] Current score=21.6000 (gsm8k=0.00, mmlu=21.60, spelling=0.
00)
















[gpu]
NVIDIA GeForce RTX 4070, 36 %, 8159 MiB, 12282 MiB

=== 2026-03-28 03:51:25 ===
[chain]
f5qp3w
2026-03-28 00:36:15,236 - nanochat.checkpoint_manager - INFO - Loading model fro
m /home/sun0115/.cache/nanochat/chatsft_checkpoints/d24_r32_lora_maxoom_2026-03-
27_2007_s2048_gc/best with step 500
2026-03-28 00:36:16,102 - nanochat.checkpoint_manager - INFO - Building model wi
th config: {'sequence_len': 2048, 'vocab_size': 32768, 'n_layer': 24, 'n_head':
9, 'n_kv_head': 9, 'n_embd': 1152, 'window_pattern': 'L'}
Rank 0 | 0/256 (0.00%)
==================================================
Final: 0/256 (0.00%)
SpellingBee accuracy: 0.00%
wandb: updating run metadata
wandb: uploading config.yaml; uploading output.log; uploading wandb-summary.json
wandb: uploading history steps 0-1, summary, console lines 2-5
wandb:
wandb: Run history:
wandb:  eval/spellingbee_accuracy ▁
wandb: final/spellingbee_accuracy ▁
wandb:                 task_index ▁
wandb:
wandb: Run summary:
wandb:  eval/spellingbee_accuracy 0
wandb: final/spellingbee_accuracy 0
wandb:                 task_index 1
wandb:
wandb: 🚀 View run d24_r32_lora_maxoom_2026-03-27_2007_s2048_gc_confirm_s500_spe
llingbee at: https://wandb.ai/sunshines-gmail-com/nanochat-eval/runs/hhf5qp3w
wandb: ⭐️ View project at: https://wandb.ai/sunshines-gmail-com/nanochat-eval
wandb: Synced 5 W&B file(s), 0 media file(s), 0 artifact file(s) and 0 other fil
e(s)
wandb: Find logs at: ./wandb/run-20260328_003614-hhf5qp3w/logs
[W328 01:07:31.189425989 AllocatorConfig.cpp:28] Warning: PYTORCH_CUDA_ALLOC_CON
F is deprecated, use PYTORCH_ALLOC_CONF instead (function operator())
SpellingBee: 0/256 = 0.00% | Wilson95% [0.00%, 1.48%]
[done] confirmation eval complete
summary=/home/sun0115/nanochat-learn/notes/d24_r32_lora_maxoom_2026-03-27_2007_s
2048_gc_best_s500_confirm_summary_1000_2026-03-27_2020.txt
[done] confirm eval finished for d24_r32_lora_maxoom_2026-03-27_2007_s2048_gc
[done] completed at s2048_gc
sun0115@DESKTOP-L4C74MD:~/nanochat-learn/nanochat$

[autopilot]
[2026-03-28 01:07:52] Current summary complete: /home/sun0115/nanochat-learn/not
es/d24_r32_lora_maxoom_2026-03-27_2007_s2048_gc_best_s500_confirm_summary_1000_2
026-03-27_2020.txt
[2026-03-28 01:07:52] Current score=21.6000 (gsm8k=0.00, mmlu=21.60, spelling=0.
00)
















[gpu]
NVIDIA GeForce RTX 4070, 53 %, 8159 MiB, 12282 MiB

=== 2026-03-28 03:56:37 ===
[chain]
f5qp3w
2026-03-28 00:36:15,236 - nanochat.checkpoint_manager - INFO - Loading model fro
m /home/sun0115/.cache/nanochat/chatsft_checkpoints/d24_r32_lora_maxoom_2026-03-
27_2007_s2048_gc/best with step 500
2026-03-28 00:36:16,102 - nanochat.checkpoint_manager - INFO - Building model wi
th config: {'sequence_len': 2048, 'vocab_size': 32768, 'n_layer': 24, 'n_head':
9, 'n_kv_head': 9, 'n_embd': 1152, 'window_pattern': 'L'}
Rank 0 | 0/256 (0.00%)
==================================================
Final: 0/256 (0.00%)
SpellingBee accuracy: 0.00%
wandb: updating run metadata
wandb: uploading config.yaml; uploading output.log; uploading wandb-summary.json
wandb: uploading history steps 0-1, summary, console lines 2-5
wandb:
wandb: Run history:
wandb:  eval/spellingbee_accuracy ▁
wandb: final/spellingbee_accuracy ▁
wandb:                 task_index ▁
wandb:
wandb: Run summary:
wandb:  eval/spellingbee_accuracy 0
wandb: final/spellingbee_accuracy 0
wandb:                 task_index 1
wandb:
wandb: 🚀 View run d24_r32_lora_maxoom_2026-03-27_2007_s2048_gc_confirm_s500_spe
llingbee at: https://wandb.ai/sunshines-gmail-com/nanochat-eval/runs/hhf5qp3w
wandb: ⭐️ View project at: https://wandb.ai/sunshines-gmail-com/nanochat-eval
wandb: Synced 5 W&B file(s), 0 media file(s), 0 artifact file(s) and 0 other fil
e(s)
wandb: Find logs at: ./wandb/run-20260328_003614-hhf5qp3w/logs
[W328 01:07:31.189425989 AllocatorConfig.cpp:28] Warning: PYTORCH_CUDA_ALLOC_CON
F is deprecated, use PYTORCH_ALLOC_CONF instead (function operator())
SpellingBee: 0/256 = 0.00% | Wilson95% [0.00%, 1.48%]
[done] confirmation eval complete
summary=/home/sun0115/nanochat-learn/notes/d24_r32_lora_maxoom_2026-03-27_2007_s
2048_gc_best_s500_confirm_summary_1000_2026-03-27_2020.txt
[done] confirm eval finished for d24_r32_lora_maxoom_2026-03-27_2007_s2048_gc
[done] completed at s2048_gc
sun0115@DESKTOP-L4C74MD:~/nanochat-learn/nanochat$

[autopilot]
[2026-03-28 01:07:52] Current summary complete: /home/sun0115/nanochat-learn/not
es/d24_r32_lora_maxoom_2026-03-27_2007_s2048_gc_best_s500_confirm_summary_1000_2
026-03-27_2020.txt
[2026-03-28 01:07:52] Current score=21.6000 (gsm8k=0.00, mmlu=21.60, spelling=0.
00)
















[gpu]
NVIDIA GeForce RTX 4070, 52 %, 8159 MiB, 12282 MiB

=== 2026-03-28 04:01:52 ===
[chain]
f5qp3w
2026-03-28 00:36:15,236 - nanochat.checkpoint_manager - INFO - Loading model fro
m /home/sun0115/.cache/nanochat/chatsft_checkpoints/d24_r32_lora_maxoom_2026-03-
27_2007_s2048_gc/best with step 500
2026-03-28 00:36:16,102 - nanochat.checkpoint_manager - INFO - Building model wi
th config: {'sequence_len': 2048, 'vocab_size': 32768, 'n_layer': 24, 'n_head':
9, 'n_kv_head': 9, 'n_embd': 1152, 'window_pattern': 'L'}
Rank 0 | 0/256 (0.00%)
==================================================
Final: 0/256 (0.00%)
SpellingBee accuracy: 0.00%
wandb: updating run metadata
wandb: uploading config.yaml; uploading output.log; uploading wandb-summary.json
wandb: uploading history steps 0-1, summary, console lines 2-5
wandb:
wandb: Run history:
wandb:  eval/spellingbee_accuracy ▁
wandb: final/spellingbee_accuracy ▁
wandb:                 task_index ▁
wandb:
wandb: Run summary:
wandb:  eval/spellingbee_accuracy 0
wandb: final/spellingbee_accuracy 0
wandb:                 task_index 1
wandb:
wandb: 🚀 View run d24_r32_lora_maxoom_2026-03-27_2007_s2048_gc_confirm_s500_spe
llingbee at: https://wandb.ai/sunshines-gmail-com/nanochat-eval/runs/hhf5qp3w
wandb: ⭐️ View project at: https://wandb.ai/sunshines-gmail-com/nanochat-eval
wandb: Synced 5 W&B file(s), 0 media file(s), 0 artifact file(s) and 0 other fil
e(s)
wandb: Find logs at: ./wandb/run-20260328_003614-hhf5qp3w/logs
[W328 01:07:31.189425989 AllocatorConfig.cpp:28] Warning: PYTORCH_CUDA_ALLOC_CON
F is deprecated, use PYTORCH_ALLOC_CONF instead (function operator())
SpellingBee: 0/256 = 0.00% | Wilson95% [0.00%, 1.48%]
[done] confirmation eval complete
summary=/home/sun0115/nanochat-learn/notes/d24_r32_lora_maxoom_2026-03-27_2007_s
2048_gc_best_s500_confirm_summary_1000_2026-03-27_2020.txt
[done] confirm eval finished for d24_r32_lora_maxoom_2026-03-27_2007_s2048_gc
[done] completed at s2048_gc
sun0115@DESKTOP-L4C74MD:~/nanochat-learn/nanochat$

[autopilot]
[2026-03-28 01:07:52] Current summary complete: /home/sun0115/nanochat-learn/not
es/d24_r32_lora_maxoom_2026-03-27_2007_s2048_gc_best_s500_confirm_summary_1000_2
026-03-27_2020.txt
[2026-03-28 01:07:52] Current score=21.6000 (gsm8k=0.00, mmlu=21.60, spelling=0.
00)
















[gpu]
NVIDIA GeForce RTX 4070, 51 %, 8159 MiB, 12282 MiB

=== 2026-03-28 04:07:04 ===
[chain]
f5qp3w
2026-03-28 00:36:15,236 - nanochat.checkpoint_manager - INFO - Loading model fro
m /home/sun0115/.cache/nanochat/chatsft_checkpoints/d24_r32_lora_maxoom_2026-03-
27_2007_s2048_gc/best with step 500
2026-03-28 00:36:16,102 - nanochat.checkpoint_manager - INFO - Building model wi
th config: {'sequence_len': 2048, 'vocab_size': 32768, 'n_layer': 24, 'n_head':
9, 'n_kv_head': 9, 'n_embd': 1152, 'window_pattern': 'L'}
Rank 0 | 0/256 (0.00%)
==================================================
Final: 0/256 (0.00%)
SpellingBee accuracy: 0.00%
wandb: updating run metadata
wandb: uploading config.yaml; uploading output.log; uploading wandb-summary.json
wandb: uploading history steps 0-1, summary, console lines 2-5
wandb:
wandb: Run history:
wandb:  eval/spellingbee_accuracy ▁
wandb: final/spellingbee_accuracy ▁
wandb:                 task_index ▁
wandb:
wandb: Run summary:
wandb:  eval/spellingbee_accuracy 0
wandb: final/spellingbee_accuracy 0
wandb:                 task_index 1
wandb:
wandb: 🚀 View run d24_r32_lora_maxoom_2026-03-27_2007_s2048_gc_confirm_s500_spe
llingbee at: https://wandb.ai/sunshines-gmail-com/nanochat-eval/runs/hhf5qp3w
wandb: ⭐️ View project at: https://wandb.ai/sunshines-gmail-com/nanochat-eval
wandb: Synced 5 W&B file(s), 0 media file(s), 0 artifact file(s) and 0 other fil
e(s)
wandb: Find logs at: ./wandb/run-20260328_003614-hhf5qp3w/logs
[W328 01:07:31.189425989 AllocatorConfig.cpp:28] Warning: PYTORCH_CUDA_ALLOC_CON
F is deprecated, use PYTORCH_ALLOC_CONF instead (function operator())
SpellingBee: 0/256 = 0.00% | Wilson95% [0.00%, 1.48%]
[done] confirmation eval complete
summary=/home/sun0115/nanochat-learn/notes/d24_r32_lora_maxoom_2026-03-27_2007_s
2048_gc_best_s500_confirm_summary_1000_2026-03-27_2020.txt
[done] confirm eval finished for d24_r32_lora_maxoom_2026-03-27_2007_s2048_gc
[done] completed at s2048_gc
sun0115@DESKTOP-L4C74MD:~/nanochat-learn/nanochat$

[autopilot]
[2026-03-28 01:07:52] Current summary complete: /home/sun0115/nanochat-learn/not
es/d24_r32_lora_maxoom_2026-03-27_2007_s2048_gc_best_s500_confirm_summary_1000_2
026-03-27_2020.txt
[2026-03-28 01:07:52] Current score=21.6000 (gsm8k=0.00, mmlu=21.60, spelling=0.
00)
















[gpu]
NVIDIA GeForce RTX 4070, 29 %, 8159 MiB, 12282 MiB

=== 2026-03-28 04:12:16 ===
[chain]
f5qp3w
2026-03-28 00:36:15,236 - nanochat.checkpoint_manager - INFO - Loading model fro
m /home/sun0115/.cache/nanochat/chatsft_checkpoints/d24_r32_lora_maxoom_2026-03-
27_2007_s2048_gc/best with step 500
2026-03-28 00:36:16,102 - nanochat.checkpoint_manager - INFO - Building model wi
th config: {'sequence_len': 2048, 'vocab_size': 32768, 'n_layer': 24, 'n_head':
9, 'n_kv_head': 9, 'n_embd': 1152, 'window_pattern': 'L'}
Rank 0 | 0/256 (0.00%)
==================================================
Final: 0/256 (0.00%)
SpellingBee accuracy: 0.00%
wandb: updating run metadata
wandb: uploading config.yaml; uploading output.log; uploading wandb-summary.json
wandb: uploading history steps 0-1, summary, console lines 2-5
wandb:
wandb: Run history:
wandb:  eval/spellingbee_accuracy ▁
wandb: final/spellingbee_accuracy ▁
wandb:                 task_index ▁
wandb:
wandb: Run summary:
wandb:  eval/spellingbee_accuracy 0
wandb: final/spellingbee_accuracy 0
wandb:                 task_index 1
wandb:
wandb: 🚀 View run d24_r32_lora_maxoom_2026-03-27_2007_s2048_gc_confirm_s500_spe
llingbee at: https://wandb.ai/sunshines-gmail-com/nanochat-eval/runs/hhf5qp3w
wandb: ⭐️ View project at: https://wandb.ai/sunshines-gmail-com/nanochat-eval
wandb: Synced 5 W&B file(s), 0 media file(s), 0 artifact file(s) and 0 other fil
e(s)
wandb: Find logs at: ./wandb/run-20260328_003614-hhf5qp3w/logs
[W328 01:07:31.189425989 AllocatorConfig.cpp:28] Warning: PYTORCH_CUDA_ALLOC_CON
F is deprecated, use PYTORCH_ALLOC_CONF instead (function operator())
SpellingBee: 0/256 = 0.00% | Wilson95% [0.00%, 1.48%]
[done] confirmation eval complete
summary=/home/sun0115/nanochat-learn/notes/d24_r32_lora_maxoom_2026-03-27_2007_s
2048_gc_best_s500_confirm_summary_1000_2026-03-27_2020.txt
[done] confirm eval finished for d24_r32_lora_maxoom_2026-03-27_2007_s2048_gc
[done] completed at s2048_gc
sun0115@DESKTOP-L4C74MD:~/nanochat-learn/nanochat$

[autopilot]
[2026-03-28 01:07:52] Current summary complete: /home/sun0115/nanochat-learn/not
es/d24_r32_lora_maxoom_2026-03-27_2007_s2048_gc_best_s500_confirm_summary_1000_2
026-03-27_2020.txt
[2026-03-28 01:07:52] Current score=21.6000 (gsm8k=0.00, mmlu=21.60, spelling=0.
00)
















[gpu]
NVIDIA GeForce RTX 4070, 41 %, 8159 MiB, 12282 MiB

=== 2026-03-28 04:17:30 ===
[chain]
f5qp3w
2026-03-28 00:36:15,236 - nanochat.checkpoint_manager - INFO - Loading model fro
m /home/sun0115/.cache/nanochat/chatsft_checkpoints/d24_r32_lora_maxoom_2026-03-
27_2007_s2048_gc/best with step 500
2026-03-28 00:36:16,102 - nanochat.checkpoint_manager - INFO - Building model wi
th config: {'sequence_len': 2048, 'vocab_size': 32768, 'n_layer': 24, 'n_head':
9, 'n_kv_head': 9, 'n_embd': 1152, 'window_pattern': 'L'}
Rank 0 | 0/256 (0.00%)
==================================================
Final: 0/256 (0.00%)
SpellingBee accuracy: 0.00%
wandb: updating run metadata
wandb: uploading config.yaml; uploading output.log; uploading wandb-summary.json
wandb: uploading history steps 0-1, summary, console lines 2-5
wandb:
wandb: Run history:
wandb:  eval/spellingbee_accuracy ▁
wandb: final/spellingbee_accuracy ▁
wandb:                 task_index ▁
wandb:
wandb: Run summary:
wandb:  eval/spellingbee_accuracy 0
wandb: final/spellingbee_accuracy 0
wandb:                 task_index 1
wandb:
wandb: 🚀 View run d24_r32_lora_maxoom_2026-03-27_2007_s2048_gc_confirm_s500_spe
llingbee at: https://wandb.ai/sunshines-gmail-com/nanochat-eval/runs/hhf5qp3w
wandb: ⭐️ View project at: https://wandb.ai/sunshines-gmail-com/nanochat-eval
wandb: Synced 5 W&B file(s), 0 media file(s), 0 artifact file(s) and 0 other fil
e(s)
wandb: Find logs at: ./wandb/run-20260328_003614-hhf5qp3w/logs
[W328 01:07:31.189425989 AllocatorConfig.cpp:28] Warning: PYTORCH_CUDA_ALLOC_CON
F is deprecated, use PYTORCH_ALLOC_CONF instead (function operator())
SpellingBee: 0/256 = 0.00% | Wilson95% [0.00%, 1.48%]
[done] confirmation eval complete
summary=/home/sun0115/nanochat-learn/notes/d24_r32_lora_maxoom_2026-03-27_2007_s
2048_gc_best_s500_confirm_summary_1000_2026-03-27_2020.txt
[done] confirm eval finished for d24_r32_lora_maxoom_2026-03-27_2007_s2048_gc
[done] completed at s2048_gc
sun0115@DESKTOP-L4C74MD:~/nanochat-learn/nanochat$

[autopilot]
[2026-03-28 01:07:52] Current summary complete: /home/sun0115/nanochat-learn/not
es/d24_r32_lora_maxoom_2026-03-27_2007_s2048_gc_best_s500_confirm_summary_1000_2
026-03-27_2020.txt
[2026-03-28 01:07:52] Current score=21.6000 (gsm8k=0.00, mmlu=21.60, spelling=0.
00)
















[gpu]
NVIDIA GeForce RTX 4070, 43 %, 8159 MiB, 12282 MiB

=== 2026-03-28 04:22:44 ===
[chain]
f5qp3w
2026-03-28 00:36:15,236 - nanochat.checkpoint_manager - INFO - Loading model fro
m /home/sun0115/.cache/nanochat/chatsft_checkpoints/d24_r32_lora_maxoom_2026-03-
27_2007_s2048_gc/best with step 500
2026-03-28 00:36:16,102 - nanochat.checkpoint_manager - INFO - Building model wi
th config: {'sequence_len': 2048, 'vocab_size': 32768, 'n_layer': 24, 'n_head':
9, 'n_kv_head': 9, 'n_embd': 1152, 'window_pattern': 'L'}
Rank 0 | 0/256 (0.00%)
==================================================
Final: 0/256 (0.00%)
SpellingBee accuracy: 0.00%
wandb: updating run metadata
wandb: uploading config.yaml; uploading output.log; uploading wandb-summary.json
wandb: uploading history steps 0-1, summary, console lines 2-5
wandb:
wandb: Run history:
wandb:  eval/spellingbee_accuracy ▁
wandb: final/spellingbee_accuracy ▁
wandb:                 task_index ▁
wandb:
wandb: Run summary:
wandb:  eval/spellingbee_accuracy 0
wandb: final/spellingbee_accuracy 0
wandb:                 task_index 1
wandb:
wandb: 🚀 View run d24_r32_lora_maxoom_2026-03-27_2007_s2048_gc_confirm_s500_spe
llingbee at: https://wandb.ai/sunshines-gmail-com/nanochat-eval/runs/hhf5qp3w
wandb: ⭐️ View project at: https://wandb.ai/sunshines-gmail-com/nanochat-eval
wandb: Synced 5 W&B file(s), 0 media file(s), 0 artifact file(s) and 0 other fil
e(s)
wandb: Find logs at: ./wandb/run-20260328_003614-hhf5qp3w/logs
[W328 01:07:31.189425989 AllocatorConfig.cpp:28] Warning: PYTORCH_CUDA_ALLOC_CON
F is deprecated, use PYTORCH_ALLOC_CONF instead (function operator())
SpellingBee: 0/256 = 0.00% | Wilson95% [0.00%, 1.48%]
[done] confirmation eval complete
summary=/home/sun0115/nanochat-learn/notes/d24_r32_lora_maxoom_2026-03-27_2007_s
2048_gc_best_s500_confirm_summary_1000_2026-03-27_2020.txt
[done] confirm eval finished for d24_r32_lora_maxoom_2026-03-27_2007_s2048_gc
[done] completed at s2048_gc
sun0115@DESKTOP-L4C74MD:~/nanochat-learn/nanochat$

[autopilot]
[2026-03-28 01:07:52] Current summary complete: /home/sun0115/nanochat-learn/not
es/d24_r32_lora_maxoom_2026-03-27_2007_s2048_gc_best_s500_confirm_summary_1000_2
026-03-27_2020.txt
[2026-03-28 01:07:52] Current score=21.6000 (gsm8k=0.00, mmlu=21.60, spelling=0.
00)
















[gpu]
NVIDIA GeForce RTX 4070, 45 %, 8159 MiB, 12282 MiB

=== 2026-03-28 04:27:57 ===
[chain]
f5qp3w
2026-03-28 00:36:15,236 - nanochat.checkpoint_manager - INFO - Loading model fro
m /home/sun0115/.cache/nanochat/chatsft_checkpoints/d24_r32_lora_maxoom_2026-03-
27_2007_s2048_gc/best with step 500
2026-03-28 00:36:16,102 - nanochat.checkpoint_manager - INFO - Building model wi
th config: {'sequence_len': 2048, 'vocab_size': 32768, 'n_layer': 24, 'n_head':
9, 'n_kv_head': 9, 'n_embd': 1152, 'window_pattern': 'L'}
Rank 0 | 0/256 (0.00%)
==================================================
Final: 0/256 (0.00%)
SpellingBee accuracy: 0.00%
wandb: updating run metadata
wandb: uploading config.yaml; uploading output.log; uploading wandb-summary.json
wandb: uploading history steps 0-1, summary, console lines 2-5
wandb:
wandb: Run history:
wandb:  eval/spellingbee_accuracy ▁
wandb: final/spellingbee_accuracy ▁
wandb:                 task_index ▁
wandb:
wandb: Run summary:
wandb:  eval/spellingbee_accuracy 0
wandb: final/spellingbee_accuracy 0
wandb:                 task_index 1
wandb:
wandb: 🚀 View run d24_r32_lora_maxoom_2026-03-27_2007_s2048_gc_confirm_s500_spe
llingbee at: https://wandb.ai/sunshines-gmail-com/nanochat-eval/runs/hhf5qp3w
wandb: ⭐️ View project at: https://wandb.ai/sunshines-gmail-com/nanochat-eval
wandb: Synced 5 W&B file(s), 0 media file(s), 0 artifact file(s) and 0 other fil
e(s)
wandb: Find logs at: ./wandb/run-20260328_003614-hhf5qp3w/logs
[W328 01:07:31.189425989 AllocatorConfig.cpp:28] Warning: PYTORCH_CUDA_ALLOC_CON
F is deprecated, use PYTORCH_ALLOC_CONF instead (function operator())
SpellingBee: 0/256 = 0.00% | Wilson95% [0.00%, 1.48%]
[done] confirmation eval complete
summary=/home/sun0115/nanochat-learn/notes/d24_r32_lora_maxoom_2026-03-27_2007_s
2048_gc_best_s500_confirm_summary_1000_2026-03-27_2020.txt
[done] confirm eval finished for d24_r32_lora_maxoom_2026-03-27_2007_s2048_gc
[done] completed at s2048_gc
sun0115@DESKTOP-L4C74MD:~/nanochat-learn/nanochat$

[autopilot]
[2026-03-28 01:07:52] Current summary complete: /home/sun0115/nanochat-learn/not
es/d24_r32_lora_maxoom_2026-03-27_2007_s2048_gc_best_s500_confirm_summary_1000_2
026-03-27_2020.txt
[2026-03-28 01:07:52] Current score=21.6000 (gsm8k=0.00, mmlu=21.60, spelling=0.
00)
















[gpu]
NVIDIA GeForce RTX 4070, 42 %, 8159 MiB, 12282 MiB

=== 2026-03-28 04:33:11 ===
[chain]
f5qp3w
2026-03-28 00:36:15,236 - nanochat.checkpoint_manager - INFO - Loading model fro
m /home/sun0115/.cache/nanochat/chatsft_checkpoints/d24_r32_lora_maxoom_2026-03-
27_2007_s2048_gc/best with step 500
2026-03-28 00:36:16,102 - nanochat.checkpoint_manager - INFO - Building model wi
th config: {'sequence_len': 2048, 'vocab_size': 32768, 'n_layer': 24, 'n_head':
9, 'n_kv_head': 9, 'n_embd': 1152, 'window_pattern': 'L'}
Rank 0 | 0/256 (0.00%)
==================================================
Final: 0/256 (0.00%)
SpellingBee accuracy: 0.00%
wandb: updating run metadata
wandb: uploading config.yaml; uploading output.log; uploading wandb-summary.json
wandb: uploading history steps 0-1, summary, console lines 2-5
wandb:
wandb: Run history:
wandb:  eval/spellingbee_accuracy ▁
wandb: final/spellingbee_accuracy ▁
wandb:                 task_index ▁
wandb:
wandb: Run summary:
wandb:  eval/spellingbee_accuracy 0
wandb: final/spellingbee_accuracy 0
wandb:                 task_index 1
wandb:
wandb: 🚀 View run d24_r32_lora_maxoom_2026-03-27_2007_s2048_gc_confirm_s500_spe
llingbee at: https://wandb.ai/sunshines-gmail-com/nanochat-eval/runs/hhf5qp3w
wandb: ⭐️ View project at: https://wandb.ai/sunshines-gmail-com/nanochat-eval
wandb: Synced 5 W&B file(s), 0 media file(s), 0 artifact file(s) and 0 other fil
e(s)
wandb: Find logs at: ./wandb/run-20260328_003614-hhf5qp3w/logs
[W328 01:07:31.189425989 AllocatorConfig.cpp:28] Warning: PYTORCH_CUDA_ALLOC_CON
F is deprecated, use PYTORCH_ALLOC_CONF instead (function operator())
SpellingBee: 0/256 = 0.00% | Wilson95% [0.00%, 1.48%]
[done] confirmation eval complete
summary=/home/sun0115/nanochat-learn/notes/d24_r32_lora_maxoom_2026-03-27_2007_s
2048_gc_best_s500_confirm_summary_1000_2026-03-27_2020.txt
[done] confirm eval finished for d24_r32_lora_maxoom_2026-03-27_2007_s2048_gc
[done] completed at s2048_gc
sun0115@DESKTOP-L4C74MD:~/nanochat-learn/nanochat$

[autopilot]
[2026-03-28 01:07:52] Current summary complete: /home/sun0115/nanochat-learn/not
es/d24_r32_lora_maxoom_2026-03-27_2007_s2048_gc_best_s500_confirm_summary_1000_2
026-03-27_2020.txt
[2026-03-28 01:07:52] Current score=21.6000 (gsm8k=0.00, mmlu=21.60, spelling=0.
00)
















[gpu]
NVIDIA GeForce RTX 4070, 39 %, 8159 MiB, 12282 MiB

=== 2026-03-28 04:38:24 ===
[chain]
f5qp3w
2026-03-28 00:36:15,236 - nanochat.checkpoint_manager - INFO - Loading model fro
m /home/sun0115/.cache/nanochat/chatsft_checkpoints/d24_r32_lora_maxoom_2026-03-
27_2007_s2048_gc/best with step 500
2026-03-28 00:36:16,102 - nanochat.checkpoint_manager - INFO - Building model wi
th config: {'sequence_len': 2048, 'vocab_size': 32768, 'n_layer': 24, 'n_head':
9, 'n_kv_head': 9, 'n_embd': 1152, 'window_pattern': 'L'}
Rank 0 | 0/256 (0.00%)
==================================================
Final: 0/256 (0.00%)
SpellingBee accuracy: 0.00%
wandb: updating run metadata
wandb: uploading config.yaml; uploading output.log; uploading wandb-summary.json
wandb: uploading history steps 0-1, summary, console lines 2-5
wandb:
wandb: Run history:
wandb:  eval/spellingbee_accuracy ▁
wandb: final/spellingbee_accuracy ▁
wandb:                 task_index ▁
wandb:
wandb: Run summary:
wandb:  eval/spellingbee_accuracy 0
wandb: final/spellingbee_accuracy 0
wandb:                 task_index 1
wandb:
wandb: 🚀 View run d24_r32_lora_maxoom_2026-03-27_2007_s2048_gc_confirm_s500_spe
llingbee at: https://wandb.ai/sunshines-gmail-com/nanochat-eval/runs/hhf5qp3w
wandb: ⭐️ View project at: https://wandb.ai/sunshines-gmail-com/nanochat-eval
wandb: Synced 5 W&B file(s), 0 media file(s), 0 artifact file(s) and 0 other fil
e(s)
wandb: Find logs at: ./wandb/run-20260328_003614-hhf5qp3w/logs
[W328 01:07:31.189425989 AllocatorConfig.cpp:28] Warning: PYTORCH_CUDA_ALLOC_CON
F is deprecated, use PYTORCH_ALLOC_CONF instead (function operator())
SpellingBee: 0/256 = 0.00% | Wilson95% [0.00%, 1.48%]
[done] confirmation eval complete
summary=/home/sun0115/nanochat-learn/notes/d24_r32_lora_maxoom_2026-03-27_2007_s
2048_gc_best_s500_confirm_summary_1000_2026-03-27_2020.txt
[done] confirm eval finished for d24_r32_lora_maxoom_2026-03-27_2007_s2048_gc
[done] completed at s2048_gc
sun0115@DESKTOP-L4C74MD:~/nanochat-learn/nanochat$

[autopilot]
[2026-03-28 01:07:52] Current summary complete: /home/sun0115/nanochat-learn/not
es/d24_r32_lora_maxoom_2026-03-27_2007_s2048_gc_best_s500_confirm_summary_1000_2
026-03-27_2020.txt
[2026-03-28 01:07:52] Current score=21.6000 (gsm8k=0.00, mmlu=21.60, spelling=0.
00)
















[gpu]
NVIDIA GeForce RTX 4070, 43 %, 8159 MiB, 12282 MiB

=== 2026-03-28 04:43:38 ===
[chain]
f5qp3w
2026-03-28 00:36:15,236 - nanochat.checkpoint_manager - INFO - Loading model fro
m /home/sun0115/.cache/nanochat/chatsft_checkpoints/d24_r32_lora_maxoom_2026-03-
27_2007_s2048_gc/best with step 500
2026-03-28 00:36:16,102 - nanochat.checkpoint_manager - INFO - Building model wi
th config: {'sequence_len': 2048, 'vocab_size': 32768, 'n_layer': 24, 'n_head':
9, 'n_kv_head': 9, 'n_embd': 1152, 'window_pattern': 'L'}
Rank 0 | 0/256 (0.00%)
==================================================
Final: 0/256 (0.00%)
SpellingBee accuracy: 0.00%
wandb: updating run metadata
wandb: uploading config.yaml; uploading output.log; uploading wandb-summary.json
wandb: uploading history steps 0-1, summary, console lines 2-5
wandb:
wandb: Run history:
wandb:  eval/spellingbee_accuracy ▁
wandb: final/spellingbee_accuracy ▁
wandb:                 task_index ▁
wandb:
wandb: Run summary:
wandb:  eval/spellingbee_accuracy 0
wandb: final/spellingbee_accuracy 0
wandb:                 task_index 1
wandb:
wandb: 🚀 View run d24_r32_lora_maxoom_2026-03-27_2007_s2048_gc_confirm_s500_spe
llingbee at: https://wandb.ai/sunshines-gmail-com/nanochat-eval/runs/hhf5qp3w
wandb: ⭐️ View project at: https://wandb.ai/sunshines-gmail-com/nanochat-eval
wandb: Synced 5 W&B file(s), 0 media file(s), 0 artifact file(s) and 0 other fil
e(s)
wandb: Find logs at: ./wandb/run-20260328_003614-hhf5qp3w/logs
[W328 01:07:31.189425989 AllocatorConfig.cpp:28] Warning: PYTORCH_CUDA_ALLOC_CON
F is deprecated, use PYTORCH_ALLOC_CONF instead (function operator())
SpellingBee: 0/256 = 0.00% | Wilson95% [0.00%, 1.48%]
[done] confirmation eval complete
summary=/home/sun0115/nanochat-learn/notes/d24_r32_lora_maxoom_2026-03-27_2007_s
2048_gc_best_s500_confirm_summary_1000_2026-03-27_2020.txt
[done] confirm eval finished for d24_r32_lora_maxoom_2026-03-27_2007_s2048_gc
[done] completed at s2048_gc
sun0115@DESKTOP-L4C74MD:~/nanochat-learn/nanochat$

[autopilot]
[2026-03-28 01:07:52] Current summary complete: /home/sun0115/nanochat-learn/not
es/d24_r32_lora_maxoom_2026-03-27_2007_s2048_gc_best_s500_confirm_summary_1000_2
026-03-27_2020.txt
[2026-03-28 01:07:52] Current score=21.6000 (gsm8k=0.00, mmlu=21.60, spelling=0.
00)
















[gpu]
NVIDIA GeForce RTX 4070, 39 %, 8159 MiB, 12282 MiB

=== 2026-03-28 04:48:52 ===
[chain]
f5qp3w
2026-03-28 00:36:15,236 - nanochat.checkpoint_manager - INFO - Loading model fro
m /home/sun0115/.cache/nanochat/chatsft_checkpoints/d24_r32_lora_maxoom_2026-03-
27_2007_s2048_gc/best with step 500
2026-03-28 00:36:16,102 - nanochat.checkpoint_manager - INFO - Building model wi
th config: {'sequence_len': 2048, 'vocab_size': 32768, 'n_layer': 24, 'n_head':
9, 'n_kv_head': 9, 'n_embd': 1152, 'window_pattern': 'L'}
Rank 0 | 0/256 (0.00%)
==================================================
Final: 0/256 (0.00%)
SpellingBee accuracy: 0.00%
wandb: updating run metadata
wandb: uploading config.yaml; uploading output.log; uploading wandb-summary.json
wandb: uploading history steps 0-1, summary, console lines 2-5
wandb:
wandb: Run history:
wandb:  eval/spellingbee_accuracy ▁
wandb: final/spellingbee_accuracy ▁
wandb:                 task_index ▁
wandb:
wandb: Run summary:
wandb:  eval/spellingbee_accuracy 0
wandb: final/spellingbee_accuracy 0
wandb:                 task_index 1
wandb:
wandb: 🚀 View run d24_r32_lora_maxoom_2026-03-27_2007_s2048_gc_confirm_s500_spe
llingbee at: https://wandb.ai/sunshines-gmail-com/nanochat-eval/runs/hhf5qp3w
wandb: ⭐️ View project at: https://wandb.ai/sunshines-gmail-com/nanochat-eval
wandb: Synced 5 W&B file(s), 0 media file(s), 0 artifact file(s) and 0 other fil
e(s)
wandb: Find logs at: ./wandb/run-20260328_003614-hhf5qp3w/logs
[W328 01:07:31.189425989 AllocatorConfig.cpp:28] Warning: PYTORCH_CUDA_ALLOC_CON
F is deprecated, use PYTORCH_ALLOC_CONF instead (function operator())
SpellingBee: 0/256 = 0.00% | Wilson95% [0.00%, 1.48%]
[done] confirmation eval complete
summary=/home/sun0115/nanochat-learn/notes/d24_r32_lora_maxoom_2026-03-27_2007_s
2048_gc_best_s500_confirm_summary_1000_2026-03-27_2020.txt
[done] confirm eval finished for d24_r32_lora_maxoom_2026-03-27_2007_s2048_gc
[done] completed at s2048_gc
sun0115@DESKTOP-L4C74MD:~/nanochat-learn/nanochat$

[autopilot]
[2026-03-28 01:07:52] Current summary complete: /home/sun0115/nanochat-learn/not
es/d24_r32_lora_maxoom_2026-03-27_2007_s2048_gc_best_s500_confirm_summary_1000_2
026-03-27_2020.txt
[2026-03-28 01:07:52] Current score=21.6000 (gsm8k=0.00, mmlu=21.60, spelling=0.
00)
















[gpu]
NVIDIA GeForce RTX 4070, 52 %, 8159 MiB, 12282 MiB

=== 2026-03-28 04:54:07 ===
[chain]
f5qp3w
2026-03-28 00:36:15,236 - nanochat.checkpoint_manager - INFO - Loading model fro
m /home/sun0115/.cache/nanochat/chatsft_checkpoints/d24_r32_lora_maxoom_2026-03-
27_2007_s2048_gc/best with step 500
2026-03-28 00:36:16,102 - nanochat.checkpoint_manager - INFO - Building model wi
th config: {'sequence_len': 2048, 'vocab_size': 32768, 'n_layer': 24, 'n_head':
9, 'n_kv_head': 9, 'n_embd': 1152, 'window_pattern': 'L'}
Rank 0 | 0/256 (0.00%)
==================================================
Final: 0/256 (0.00%)
SpellingBee accuracy: 0.00%
wandb: updating run metadata
wandb: uploading config.yaml; uploading output.log; uploading wandb-summary.json
wandb: uploading history steps 0-1, summary, console lines 2-5
wandb:
wandb: Run history:
wandb:  eval/spellingbee_accuracy ▁
wandb: final/spellingbee_accuracy ▁
wandb:                 task_index ▁
wandb:
wandb: Run summary:
wandb:  eval/spellingbee_accuracy 0
wandb: final/spellingbee_accuracy 0
wandb:                 task_index 1
wandb:
wandb: 🚀 View run d24_r32_lora_maxoom_2026-03-27_2007_s2048_gc_confirm_s500_spe
llingbee at: https://wandb.ai/sunshines-gmail-com/nanochat-eval/runs/hhf5qp3w
wandb: ⭐️ View project at: https://wandb.ai/sunshines-gmail-com/nanochat-eval
wandb: Synced 5 W&B file(s), 0 media file(s), 0 artifact file(s) and 0 other fil
e(s)
wandb: Find logs at: ./wandb/run-20260328_003614-hhf5qp3w/logs
[W328 01:07:31.189425989 AllocatorConfig.cpp:28] Warning: PYTORCH_CUDA_ALLOC_CON
F is deprecated, use PYTORCH_ALLOC_CONF instead (function operator())
SpellingBee: 0/256 = 0.00% | Wilson95% [0.00%, 1.48%]
[done] confirmation eval complete
summary=/home/sun0115/nanochat-learn/notes/d24_r32_lora_maxoom_2026-03-27_2007_s
2048_gc_best_s500_confirm_summary_1000_2026-03-27_2020.txt
[done] confirm eval finished for d24_r32_lora_maxoom_2026-03-27_2007_s2048_gc
[done] completed at s2048_gc
sun0115@DESKTOP-L4C74MD:~/nanochat-learn/nanochat$

[autopilot]
[2026-03-28 01:07:52] Current summary complete: /home/sun0115/nanochat-learn/not
es/d24_r32_lora_maxoom_2026-03-27_2007_s2048_gc_best_s500_confirm_summary_1000_2
026-03-27_2020.txt
[2026-03-28 01:07:52] Current score=21.6000 (gsm8k=0.00, mmlu=21.60, spelling=0.
00)
















[gpu]
NVIDIA GeForce RTX 4070, 55 %, 8159 MiB, 12282 MiB

=== 2026-03-28 04:59:20 ===
[chain]
f5qp3w
2026-03-28 00:36:15,236 - nanochat.checkpoint_manager - INFO - Loading model fro
m /home/sun0115/.cache/nanochat/chatsft_checkpoints/d24_r32_lora_maxoom_2026-03-
27_2007_s2048_gc/best with step 500
2026-03-28 00:36:16,102 - nanochat.checkpoint_manager - INFO - Building model wi
th config: {'sequence_len': 2048, 'vocab_size': 32768, 'n_layer': 24, 'n_head':
9, 'n_kv_head': 9, 'n_embd': 1152, 'window_pattern': 'L'}
Rank 0 | 0/256 (0.00%)
==================================================
Final: 0/256 (0.00%)
SpellingBee accuracy: 0.00%
wandb: updating run metadata
wandb: uploading config.yaml; uploading output.log; uploading wandb-summary.json
wandb: uploading history steps 0-1, summary, console lines 2-5
wandb:
wandb: Run history:
wandb:  eval/spellingbee_accuracy ▁
wandb: final/spellingbee_accuracy ▁
wandb:                 task_index ▁
wandb:
wandb: Run summary:
wandb:  eval/spellingbee_accuracy 0
wandb: final/spellingbee_accuracy 0
wandb:                 task_index 1
wandb:
wandb: 🚀 View run d24_r32_lora_maxoom_2026-03-27_2007_s2048_gc_confirm_s500_spe
llingbee at: https://wandb.ai/sunshines-gmail-com/nanochat-eval/runs/hhf5qp3w
wandb: ⭐️ View project at: https://wandb.ai/sunshines-gmail-com/nanochat-eval
wandb: Synced 5 W&B file(s), 0 media file(s), 0 artifact file(s) and 0 other fil
e(s)
wandb: Find logs at: ./wandb/run-20260328_003614-hhf5qp3w/logs
[W328 01:07:31.189425989 AllocatorConfig.cpp:28] Warning: PYTORCH_CUDA_ALLOC_CON
F is deprecated, use PYTORCH_ALLOC_CONF instead (function operator())
SpellingBee: 0/256 = 0.00% | Wilson95% [0.00%, 1.48%]
[done] confirmation eval complete
summary=/home/sun0115/nanochat-learn/notes/d24_r32_lora_maxoom_2026-03-27_2007_s
2048_gc_best_s500_confirm_summary_1000_2026-03-27_2020.txt
[done] confirm eval finished for d24_r32_lora_maxoom_2026-03-27_2007_s2048_gc
[done] completed at s2048_gc
sun0115@DESKTOP-L4C74MD:~/nanochat-learn/nanochat$

[autopilot]
[2026-03-28 01:07:52] Current summary complete: /home/sun0115/nanochat-learn/not
es/d24_r32_lora_maxoom_2026-03-27_2007_s2048_gc_best_s500_confirm_summary_1000_2
026-03-27_2020.txt
[2026-03-28 01:07:52] Current score=21.6000 (gsm8k=0.00, mmlu=21.60, spelling=0.
00)
















[gpu]
NVIDIA GeForce RTX 4070, 53 %, 8159 MiB, 12282 MiB

=== 2026-03-28 05:04:34 ===
[chain]
f5qp3w
2026-03-28 00:36:15,236 - nanochat.checkpoint_manager - INFO - Loading model fro
m /home/sun0115/.cache/nanochat/chatsft_checkpoints/d24_r32_lora_maxoom_2026-03-
27_2007_s2048_gc/best with step 500
2026-03-28 00:36:16,102 - nanochat.checkpoint_manager - INFO - Building model wi
th config: {'sequence_len': 2048, 'vocab_size': 32768, 'n_layer': 24, 'n_head':
9, 'n_kv_head': 9, 'n_embd': 1152, 'window_pattern': 'L'}
Rank 0 | 0/256 (0.00%)
==================================================
Final: 0/256 (0.00%)
SpellingBee accuracy: 0.00%
wandb: updating run metadata
wandb: uploading config.yaml; uploading output.log; uploading wandb-summary.json
wandb: uploading history steps 0-1, summary, console lines 2-5
wandb:
wandb: Run history:
wandb:  eval/spellingbee_accuracy ▁
wandb: final/spellingbee_accuracy ▁
wandb:                 task_index ▁
wandb:
wandb: Run summary:
wandb:  eval/spellingbee_accuracy 0
wandb: final/spellingbee_accuracy 0
wandb:                 task_index 1
wandb:
wandb: 🚀 View run d24_r32_lora_maxoom_2026-03-27_2007_s2048_gc_confirm_s500_spe
llingbee at: https://wandb.ai/sunshines-gmail-com/nanochat-eval/runs/hhf5qp3w
wandb: ⭐️ View project at: https://wandb.ai/sunshines-gmail-com/nanochat-eval
wandb: Synced 5 W&B file(s), 0 media file(s), 0 artifact file(s) and 0 other fil
e(s)
wandb: Find logs at: ./wandb/run-20260328_003614-hhf5qp3w/logs
[W328 01:07:31.189425989 AllocatorConfig.cpp:28] Warning: PYTORCH_CUDA_ALLOC_CON
F is deprecated, use PYTORCH_ALLOC_CONF instead (function operator())
SpellingBee: 0/256 = 0.00% | Wilson95% [0.00%, 1.48%]
[done] confirmation eval complete
summary=/home/sun0115/nanochat-learn/notes/d24_r32_lora_maxoom_2026-03-27_2007_s
2048_gc_best_s500_confirm_summary_1000_2026-03-27_2020.txt
[done] confirm eval finished for d24_r32_lora_maxoom_2026-03-27_2007_s2048_gc
[done] completed at s2048_gc
sun0115@DESKTOP-L4C74MD:~/nanochat-learn/nanochat$

[autopilot]
[2026-03-28 01:07:52] Current summary complete: /home/sun0115/nanochat-learn/not
es/d24_r32_lora_maxoom_2026-03-27_2007_s2048_gc_best_s500_confirm_summary_1000_2
026-03-27_2020.txt
[2026-03-28 01:07:52] Current score=21.6000 (gsm8k=0.00, mmlu=21.60, spelling=0.
00)
















[gpu]
NVIDIA GeForce RTX 4070, 43 %, 8159 MiB, 12282 MiB

=== 2026-03-28 05:09:49 ===
[chain]
f5qp3w
2026-03-28 00:36:15,236 - nanochat.checkpoint_manager - INFO - Loading model fro
m /home/sun0115/.cache/nanochat/chatsft_checkpoints/d24_r32_lora_maxoom_2026-03-
27_2007_s2048_gc/best with step 500
2026-03-28 00:36:16,102 - nanochat.checkpoint_manager - INFO - Building model wi
th config: {'sequence_len': 2048, 'vocab_size': 32768, 'n_layer': 24, 'n_head':
9, 'n_kv_head': 9, 'n_embd': 1152, 'window_pattern': 'L'}
Rank 0 | 0/256 (0.00%)
==================================================
Final: 0/256 (0.00%)
SpellingBee accuracy: 0.00%
wandb: updating run metadata
wandb: uploading config.yaml; uploading output.log; uploading wandb-summary.json
wandb: uploading history steps 0-1, summary, console lines 2-5
wandb:
wandb: Run history:
wandb:  eval/spellingbee_accuracy ▁
wandb: final/spellingbee_accuracy ▁
wandb:                 task_index ▁
wandb:
wandb: Run summary:
wandb:  eval/spellingbee_accuracy 0
wandb: final/spellingbee_accuracy 0
wandb:                 task_index 1
wandb:
wandb: 🚀 View run d24_r32_lora_maxoom_2026-03-27_2007_s2048_gc_confirm_s500_spe
llingbee at: https://wandb.ai/sunshines-gmail-com/nanochat-eval/runs/hhf5qp3w
wandb: ⭐️ View project at: https://wandb.ai/sunshines-gmail-com/nanochat-eval
wandb: Synced 5 W&B file(s), 0 media file(s), 0 artifact file(s) and 0 other fil
e(s)
wandb: Find logs at: ./wandb/run-20260328_003614-hhf5qp3w/logs
[W328 01:07:31.189425989 AllocatorConfig.cpp:28] Warning: PYTORCH_CUDA_ALLOC_CON
F is deprecated, use PYTORCH_ALLOC_CONF instead (function operator())
SpellingBee: 0/256 = 0.00% | Wilson95% [0.00%, 1.48%]
[done] confirmation eval complete
summary=/home/sun0115/nanochat-learn/notes/d24_r32_lora_maxoom_2026-03-27_2007_s
2048_gc_best_s500_confirm_summary_1000_2026-03-27_2020.txt
[done] confirm eval finished for d24_r32_lora_maxoom_2026-03-27_2007_s2048_gc
[done] completed at s2048_gc
sun0115@DESKTOP-L4C74MD:~/nanochat-learn/nanochat$

[autopilot]
[2026-03-28 01:07:52] Current summary complete: /home/sun0115/nanochat-learn/not
es/d24_r32_lora_maxoom_2026-03-27_2007_s2048_gc_best_s500_confirm_summary_1000_2
026-03-27_2020.txt
[2026-03-28 01:07:52] Current score=21.6000 (gsm8k=0.00, mmlu=21.60, spelling=0.
00)
















[gpu]
NVIDIA GeForce RTX 4070, 39 %, 8159 MiB, 12282 MiB

=== 2026-03-28 05:15:03 ===
[chain]
f5qp3w
2026-03-28 00:36:15,236 - nanochat.checkpoint_manager - INFO - Loading model fro
m /home/sun0115/.cache/nanochat/chatsft_checkpoints/d24_r32_lora_maxoom_2026-03-
27_2007_s2048_gc/best with step 500
2026-03-28 00:36:16,102 - nanochat.checkpoint_manager - INFO - Building model wi
th config: {'sequence_len': 2048, 'vocab_size': 32768, 'n_layer': 24, 'n_head':
9, 'n_kv_head': 9, 'n_embd': 1152, 'window_pattern': 'L'}
Rank 0 | 0/256 (0.00%)
==================================================
Final: 0/256 (0.00%)
SpellingBee accuracy: 0.00%
wandb: updating run metadata
wandb: uploading config.yaml; uploading output.log; uploading wandb-summary.json
wandb: uploading history steps 0-1, summary, console lines 2-5
wandb:
wandb: Run history:
wandb:  eval/spellingbee_accuracy ▁
wandb: final/spellingbee_accuracy ▁
wandb:                 task_index ▁
wandb:
wandb: Run summary:
wandb:  eval/spellingbee_accuracy 0
wandb: final/spellingbee_accuracy 0
wandb:                 task_index 1
wandb:
wandb: 🚀 View run d24_r32_lora_maxoom_2026-03-27_2007_s2048_gc_confirm_s500_spe
llingbee at: https://wandb.ai/sunshines-gmail-com/nanochat-eval/runs/hhf5qp3w
wandb: ⭐️ View project at: https://wandb.ai/sunshines-gmail-com/nanochat-eval
wandb: Synced 5 W&B file(s), 0 media file(s), 0 artifact file(s) and 0 other fil
e(s)
wandb: Find logs at: ./wandb/run-20260328_003614-hhf5qp3w/logs
[W328 01:07:31.189425989 AllocatorConfig.cpp:28] Warning: PYTORCH_CUDA_ALLOC_CON
F is deprecated, use PYTORCH_ALLOC_CONF instead (function operator())
SpellingBee: 0/256 = 0.00% | Wilson95% [0.00%, 1.48%]
[done] confirmation eval complete
summary=/home/sun0115/nanochat-learn/notes/d24_r32_lora_maxoom_2026-03-27_2007_s
2048_gc_best_s500_confirm_summary_1000_2026-03-27_2020.txt
[done] confirm eval finished for d24_r32_lora_maxoom_2026-03-27_2007_s2048_gc
[done] completed at s2048_gc
sun0115@DESKTOP-L4C74MD:~/nanochat-learn/nanochat$

[autopilot]
[2026-03-28 01:07:52] Current summary complete: /home/sun0115/nanochat-learn/not
es/d24_r32_lora_maxoom_2026-03-27_2007_s2048_gc_best_s500_confirm_summary_1000_2
026-03-27_2020.txt
[2026-03-28 01:07:52] Current score=21.6000 (gsm8k=0.00, mmlu=21.60, spelling=0.
00)
















[gpu]
NVIDIA GeForce RTX 4070, 51 %, 8159 MiB, 12282 MiB

=== 2026-03-28 05:20:17 ===
[chain]
f5qp3w
2026-03-28 00:36:15,236 - nanochat.checkpoint_manager - INFO - Loading model fro
m /home/sun0115/.cache/nanochat/chatsft_checkpoints/d24_r32_lora_maxoom_2026-03-
27_2007_s2048_gc/best with step 500
2026-03-28 00:36:16,102 - nanochat.checkpoint_manager - INFO - Building model wi
th config: {'sequence_len': 2048, 'vocab_size': 32768, 'n_layer': 24, 'n_head':
9, 'n_kv_head': 9, 'n_embd': 1152, 'window_pattern': 'L'}
Rank 0 | 0/256 (0.00%)
==================================================
Final: 0/256 (0.00%)
SpellingBee accuracy: 0.00%
wandb: updating run metadata
wandb: uploading config.yaml; uploading output.log; uploading wandb-summary.json
wandb: uploading history steps 0-1, summary, console lines 2-5
wandb:
wandb: Run history:
wandb:  eval/spellingbee_accuracy ▁
wandb: final/spellingbee_accuracy ▁
wandb:                 task_index ▁
wandb:
wandb: Run summary:
wandb:  eval/spellingbee_accuracy 0
wandb: final/spellingbee_accuracy 0
wandb:                 task_index 1
wandb:
wandb: 🚀 View run d24_r32_lora_maxoom_2026-03-27_2007_s2048_gc_confirm_s500_spe
llingbee at: https://wandb.ai/sunshines-gmail-com/nanochat-eval/runs/hhf5qp3w
wandb: ⭐️ View project at: https://wandb.ai/sunshines-gmail-com/nanochat-eval
wandb: Synced 5 W&B file(s), 0 media file(s), 0 artifact file(s) and 0 other fil
e(s)
wandb: Find logs at: ./wandb/run-20260328_003614-hhf5qp3w/logs
[W328 01:07:31.189425989 AllocatorConfig.cpp:28] Warning: PYTORCH_CUDA_ALLOC_CON
F is deprecated, use PYTORCH_ALLOC_CONF instead (function operator())
SpellingBee: 0/256 = 0.00% | Wilson95% [0.00%, 1.48%]
[done] confirmation eval complete
summary=/home/sun0115/nanochat-learn/notes/d24_r32_lora_maxoom_2026-03-27_2007_s
2048_gc_best_s500_confirm_summary_1000_2026-03-27_2020.txt
[done] confirm eval finished for d24_r32_lora_maxoom_2026-03-27_2007_s2048_gc
[done] completed at s2048_gc
sun0115@DESKTOP-L4C74MD:~/nanochat-learn/nanochat$

[autopilot]
[2026-03-28 01:07:52] Current summary complete: /home/sun0115/nanochat-learn/not
es/d24_r32_lora_maxoom_2026-03-27_2007_s2048_gc_best_s500_confirm_summary_1000_2
026-03-27_2020.txt
[2026-03-28 01:07:52] Current score=21.6000 (gsm8k=0.00, mmlu=21.60, spelling=0.
00)
















[gpu]
NVIDIA GeForce RTX 4070, 41 %, 8159 MiB, 12282 MiB

=== 2026-03-28 05:25:33 ===
[chain]
f5qp3w
2026-03-28 00:36:15,236 - nanochat.checkpoint_manager - INFO - Loading model fro
m /home/sun0115/.cache/nanochat/chatsft_checkpoints/d24_r32_lora_maxoom_2026-03-
27_2007_s2048_gc/best with step 500
2026-03-28 00:36:16,102 - nanochat.checkpoint_manager - INFO - Building model wi
th config: {'sequence_len': 2048, 'vocab_size': 32768, 'n_layer': 24, 'n_head':
9, 'n_kv_head': 9, 'n_embd': 1152, 'window_pattern': 'L'}
Rank 0 | 0/256 (0.00%)
==================================================
Final: 0/256 (0.00%)
SpellingBee accuracy: 0.00%
wandb: updating run metadata
wandb: uploading config.yaml; uploading output.log; uploading wandb-summary.json
wandb: uploading history steps 0-1, summary, console lines 2-5
wandb:
wandb: Run history:
wandb:  eval/spellingbee_accuracy ▁
wandb: final/spellingbee_accuracy ▁
wandb:                 task_index ▁
wandb:
wandb: Run summary:
wandb:  eval/spellingbee_accuracy 0
wandb: final/spellingbee_accuracy 0
wandb:                 task_index 1
wandb:
wandb: 🚀 View run d24_r32_lora_maxoom_2026-03-27_2007_s2048_gc_confirm_s500_spe
llingbee at: https://wandb.ai/sunshines-gmail-com/nanochat-eval/runs/hhf5qp3w
wandb: ⭐️ View project at: https://wandb.ai/sunshines-gmail-com/nanochat-eval
wandb: Synced 5 W&B file(s), 0 media file(s), 0 artifact file(s) and 0 other fil
e(s)
wandb: Find logs at: ./wandb/run-20260328_003614-hhf5qp3w/logs
[W328 01:07:31.189425989 AllocatorConfig.cpp:28] Warning: PYTORCH_CUDA_ALLOC_CON
F is deprecated, use PYTORCH_ALLOC_CONF instead (function operator())
SpellingBee: 0/256 = 0.00% | Wilson95% [0.00%, 1.48%]
[done] confirmation eval complete
summary=/home/sun0115/nanochat-learn/notes/d24_r32_lora_maxoom_2026-03-27_2007_s
2048_gc_best_s500_confirm_summary_1000_2026-03-27_2020.txt
[done] confirm eval finished for d24_r32_lora_maxoom_2026-03-27_2007_s2048_gc
[done] completed at s2048_gc
sun0115@DESKTOP-L4C74MD:~/nanochat-learn/nanochat$

[autopilot]
[2026-03-28 01:07:52] Current summary complete: /home/sun0115/nanochat-learn/not
es/d24_r32_lora_maxoom_2026-03-27_2007_s2048_gc_best_s500_confirm_summary_1000_2
026-03-27_2020.txt
[2026-03-28 01:07:52] Current score=21.6000 (gsm8k=0.00, mmlu=21.60, spelling=0.
00)
















[gpu]
NVIDIA GeForce RTX 4070, 29 %, 8159 MiB, 12282 MiB

=== 2026-03-28 05:30:46 ===
[chain]
f5qp3w
2026-03-28 00:36:15,236 - nanochat.checkpoint_manager - INFO - Loading model fro
m /home/sun0115/.cache/nanochat/chatsft_checkpoints/d24_r32_lora_maxoom_2026-03-
27_2007_s2048_gc/best with step 500
2026-03-28 00:36:16,102 - nanochat.checkpoint_manager - INFO - Building model wi
th config: {'sequence_len': 2048, 'vocab_size': 32768, 'n_layer': 24, 'n_head':
9, 'n_kv_head': 9, 'n_embd': 1152, 'window_pattern': 'L'}
Rank 0 | 0/256 (0.00%)
==================================================
Final: 0/256 (0.00%)
SpellingBee accuracy: 0.00%
wandb: updating run metadata
wandb: uploading config.yaml; uploading output.log; uploading wandb-summary.json
wandb: uploading history steps 0-1, summary, console lines 2-5
wandb:
wandb: Run history:
wandb:  eval/spellingbee_accuracy ▁
wandb: final/spellingbee_accuracy ▁
wandb:                 task_index ▁
wandb:
wandb: Run summary:
wandb:  eval/spellingbee_accuracy 0
wandb: final/spellingbee_accuracy 0
wandb:                 task_index 1
wandb:
wandb: 🚀 View run d24_r32_lora_maxoom_2026-03-27_2007_s2048_gc_confirm_s500_spe
llingbee at: https://wandb.ai/sunshines-gmail-com/nanochat-eval/runs/hhf5qp3w
wandb: ⭐️ View project at: https://wandb.ai/sunshines-gmail-com/nanochat-eval
wandb: Synced 5 W&B file(s), 0 media file(s), 0 artifact file(s) and 0 other fil
e(s)
wandb: Find logs at: ./wandb/run-20260328_003614-hhf5qp3w/logs
[W328 01:07:31.189425989 AllocatorConfig.cpp:28] Warning: PYTORCH_CUDA_ALLOC_CON
F is deprecated, use PYTORCH_ALLOC_CONF instead (function operator())
SpellingBee: 0/256 = 0.00% | Wilson95% [0.00%, 1.48%]
[done] confirmation eval complete
summary=/home/sun0115/nanochat-learn/notes/d24_r32_lora_maxoom_2026-03-27_2007_s
2048_gc_best_s500_confirm_summary_1000_2026-03-27_2020.txt
[done] confirm eval finished for d24_r32_lora_maxoom_2026-03-27_2007_s2048_gc
[done] completed at s2048_gc
sun0115@DESKTOP-L4C74MD:~/nanochat-learn/nanochat$

[autopilot]
[2026-03-28 01:07:52] Current summary complete: /home/sun0115/nanochat-learn/not
es/d24_r32_lora_maxoom_2026-03-27_2007_s2048_gc_best_s500_confirm_summary_1000_2
026-03-27_2020.txt
[2026-03-28 01:07:52] Current score=21.6000 (gsm8k=0.00, mmlu=21.60, spelling=0.
00)
















[gpu]
NVIDIA GeForce RTX 4070, 42 %, 8159 MiB, 12282 MiB

=== 2026-03-28 05:35:59 ===
[chain]
f5qp3w
2026-03-28 00:36:15,236 - nanochat.checkpoint_manager - INFO - Loading model fro
m /home/sun0115/.cache/nanochat/chatsft_checkpoints/d24_r32_lora_maxoom_2026-03-
27_2007_s2048_gc/best with step 500
2026-03-28 00:36:16,102 - nanochat.checkpoint_manager - INFO - Building model wi
th config: {'sequence_len': 2048, 'vocab_size': 32768, 'n_layer': 24, 'n_head':
9, 'n_kv_head': 9, 'n_embd': 1152, 'window_pattern': 'L'}
Rank 0 | 0/256 (0.00%)
==================================================
Final: 0/256 (0.00%)
SpellingBee accuracy: 0.00%
wandb: updating run metadata
wandb: uploading config.yaml; uploading output.log; uploading wandb-summary.json
wandb: uploading history steps 0-1, summary, console lines 2-5
wandb:
wandb: Run history:
wandb:  eval/spellingbee_accuracy ▁
wandb: final/spellingbee_accuracy ▁
wandb:                 task_index ▁
wandb:
wandb: Run summary:
wandb:  eval/spellingbee_accuracy 0
wandb: final/spellingbee_accuracy 0
wandb:                 task_index 1
wandb:
wandb: 🚀 View run d24_r32_lora_maxoom_2026-03-27_2007_s2048_gc_confirm_s500_spe
llingbee at: https://wandb.ai/sunshines-gmail-com/nanochat-eval/runs/hhf5qp3w
wandb: ⭐️ View project at: https://wandb.ai/sunshines-gmail-com/nanochat-eval
wandb: Synced 5 W&B file(s), 0 media file(s), 0 artifact file(s) and 0 other fil
e(s)
wandb: Find logs at: ./wandb/run-20260328_003614-hhf5qp3w/logs
[W328 01:07:31.189425989 AllocatorConfig.cpp:28] Warning: PYTORCH_CUDA_ALLOC_CON
F is deprecated, use PYTORCH_ALLOC_CONF instead (function operator())
SpellingBee: 0/256 = 0.00% | Wilson95% [0.00%, 1.48%]
[done] confirmation eval complete
summary=/home/sun0115/nanochat-learn/notes/d24_r32_lora_maxoom_2026-03-27_2007_s
2048_gc_best_s500_confirm_summary_1000_2026-03-27_2020.txt
[done] confirm eval finished for d24_r32_lora_maxoom_2026-03-27_2007_s2048_gc
[done] completed at s2048_gc
sun0115@DESKTOP-L4C74MD:~/nanochat-learn/nanochat$

[autopilot]
[2026-03-28 01:07:52] Current summary complete: /home/sun0115/nanochat-learn/not
es/d24_r32_lora_maxoom_2026-03-27_2007_s2048_gc_best_s500_confirm_summary_1000_2
026-03-27_2020.txt
[2026-03-28 01:07:52] Current score=21.6000 (gsm8k=0.00, mmlu=21.60, spelling=0.
00)
















[gpu]
NVIDIA GeForce RTX 4070, 30 %, 7177 MiB, 12282 MiB

=== 2026-03-28 05:41:12 ===
[chain]
f5qp3w
2026-03-28 00:36:15,236 - nanochat.checkpoint_manager - INFO - Loading model fro
m /home/sun0115/.cache/nanochat/chatsft_checkpoints/d24_r32_lora_maxoom_2026-03-
27_2007_s2048_gc/best with step 500
2026-03-28 00:36:16,102 - nanochat.checkpoint_manager - INFO - Building model wi
th config: {'sequence_len': 2048, 'vocab_size': 32768, 'n_layer': 24, 'n_head':
9, 'n_kv_head': 9, 'n_embd': 1152, 'window_pattern': 'L'}
Rank 0 | 0/256 (0.00%)
==================================================
Final: 0/256 (0.00%)
SpellingBee accuracy: 0.00%
wandb: updating run metadata
wandb: uploading config.yaml; uploading output.log; uploading wandb-summary.json
wandb: uploading history steps 0-1, summary, console lines 2-5
wandb:
wandb: Run history:
wandb:  eval/spellingbee_accuracy ▁
wandb: final/spellingbee_accuracy ▁
wandb:                 task_index ▁
wandb:
wandb: Run summary:
wandb:  eval/spellingbee_accuracy 0
wandb: final/spellingbee_accuracy 0
wandb:                 task_index 1
wandb:
wandb: 🚀 View run d24_r32_lora_maxoom_2026-03-27_2007_s2048_gc_confirm_s500_spe
llingbee at: https://wandb.ai/sunshines-gmail-com/nanochat-eval/runs/hhf5qp3w
wandb: ⭐️ View project at: https://wandb.ai/sunshines-gmail-com/nanochat-eval
wandb: Synced 5 W&B file(s), 0 media file(s), 0 artifact file(s) and 0 other fil
e(s)
wandb: Find logs at: ./wandb/run-20260328_003614-hhf5qp3w/logs
[W328 01:07:31.189425989 AllocatorConfig.cpp:28] Warning: PYTORCH_CUDA_ALLOC_CON
F is deprecated, use PYTORCH_ALLOC_CONF instead (function operator())
SpellingBee: 0/256 = 0.00% | Wilson95% [0.00%, 1.48%]
[done] confirmation eval complete
summary=/home/sun0115/nanochat-learn/notes/d24_r32_lora_maxoom_2026-03-27_2007_s
2048_gc_best_s500_confirm_summary_1000_2026-03-27_2020.txt
[done] confirm eval finished for d24_r32_lora_maxoom_2026-03-27_2007_s2048_gc
[done] completed at s2048_gc
sun0115@DESKTOP-L4C74MD:~/nanochat-learn/nanochat$

[autopilot]
[2026-03-28 01:07:52] Current summary complete: /home/sun0115/nanochat-learn/not
es/d24_r32_lora_maxoom_2026-03-27_2007_s2048_gc_best_s500_confirm_summary_1000_2
026-03-27_2020.txt
[2026-03-28 01:07:52] Current score=21.6000 (gsm8k=0.00, mmlu=21.60, spelling=0.
00)
















[gpu]
NVIDIA GeForce RTX 4070, 38 %, 7177 MiB, 12282 MiB

=== 2026-03-28 05:46:28 ===
[chain]
f5qp3w
2026-03-28 00:36:15,236 - nanochat.checkpoint_manager - INFO - Loading model fro
m /home/sun0115/.cache/nanochat/chatsft_checkpoints/d24_r32_lora_maxoom_2026-03-
27_2007_s2048_gc/best with step 500
2026-03-28 00:36:16,102 - nanochat.checkpoint_manager - INFO - Building model wi
th config: {'sequence_len': 2048, 'vocab_size': 32768, 'n_layer': 24, 'n_head':
9, 'n_kv_head': 9, 'n_embd': 1152, 'window_pattern': 'L'}
Rank 0 | 0/256 (0.00%)
==================================================
Final: 0/256 (0.00%)
SpellingBee accuracy: 0.00%
wandb: updating run metadata
wandb: uploading config.yaml; uploading output.log; uploading wandb-summary.json
wandb: uploading history steps 0-1, summary, console lines 2-5
wandb:
wandb: Run history:
wandb:  eval/spellingbee_accuracy ▁
wandb: final/spellingbee_accuracy ▁
wandb:                 task_index ▁
wandb:
wandb: Run summary:
wandb:  eval/spellingbee_accuracy 0
wandb: final/spellingbee_accuracy 0
wandb:                 task_index 1
wandb:
wandb: 🚀 View run d24_r32_lora_maxoom_2026-03-27_2007_s2048_gc_confirm_s500_spe
llingbee at: https://wandb.ai/sunshines-gmail-com/nanochat-eval/runs/hhf5qp3w
wandb: ⭐️ View project at: https://wandb.ai/sunshines-gmail-com/nanochat-eval
wandb: Synced 5 W&B file(s), 0 media file(s), 0 artifact file(s) and 0 other fil
e(s)
wandb: Find logs at: ./wandb/run-20260328_003614-hhf5qp3w/logs
[W328 01:07:31.189425989 AllocatorConfig.cpp:28] Warning: PYTORCH_CUDA_ALLOC_CON
F is deprecated, use PYTORCH_ALLOC_CONF instead (function operator())
SpellingBee: 0/256 = 0.00% | Wilson95% [0.00%, 1.48%]
[done] confirmation eval complete
summary=/home/sun0115/nanochat-learn/notes/d24_r32_lora_maxoom_2026-03-27_2007_s
2048_gc_best_s500_confirm_summary_1000_2026-03-27_2020.txt
[done] confirm eval finished for d24_r32_lora_maxoom_2026-03-27_2007_s2048_gc
[done] completed at s2048_gc
sun0115@DESKTOP-L4C74MD:~/nanochat-learn/nanochat$

[autopilot]
[2026-03-28 01:07:52] Current summary complete: /home/sun0115/nanochat-learn/not
es/d24_r32_lora_maxoom_2026-03-27_2007_s2048_gc_best_s500_confirm_summary_1000_2
026-03-27_2020.txt
[2026-03-28 01:07:52] Current score=21.6000 (gsm8k=0.00, mmlu=21.60, spelling=0.
00)
















[gpu]
NVIDIA GeForce RTX 4070, 38 %, 7177 MiB, 12282 MiB

=== 2026-03-28 05:51:42 ===
[chain]
f5qp3w
2026-03-28 00:36:15,236 - nanochat.checkpoint_manager - INFO - Loading model fro
m /home/sun0115/.cache/nanochat/chatsft_checkpoints/d24_r32_lora_maxoom_2026-03-
27_2007_s2048_gc/best with step 500
2026-03-28 00:36:16,102 - nanochat.checkpoint_manager - INFO - Building model wi
th config: {'sequence_len': 2048, 'vocab_size': 32768, 'n_layer': 24, 'n_head':
9, 'n_kv_head': 9, 'n_embd': 1152, 'window_pattern': 'L'}
Rank 0 | 0/256 (0.00%)
==================================================
Final: 0/256 (0.00%)
SpellingBee accuracy: 0.00%
wandb: updating run metadata
wandb: uploading config.yaml; uploading output.log; uploading wandb-summary.json
wandb: uploading history steps 0-1, summary, console lines 2-5
wandb:
wandb: Run history:
wandb:  eval/spellingbee_accuracy ▁
wandb: final/spellingbee_accuracy ▁
wandb:                 task_index ▁
wandb:
wandb: Run summary:
wandb:  eval/spellingbee_accuracy 0
wandb: final/spellingbee_accuracy 0
wandb:                 task_index 1
wandb:
wandb: 🚀 View run d24_r32_lora_maxoom_2026-03-27_2007_s2048_gc_confirm_s500_spe
llingbee at: https://wandb.ai/sunshines-gmail-com/nanochat-eval/runs/hhf5qp3w
wandb: ⭐️ View project at: https://wandb.ai/sunshines-gmail-com/nanochat-eval
wandb: Synced 5 W&B file(s), 0 media file(s), 0 artifact file(s) and 0 other fil
e(s)
wandb: Find logs at: ./wandb/run-20260328_003614-hhf5qp3w/logs
[W328 01:07:31.189425989 AllocatorConfig.cpp:28] Warning: PYTORCH_CUDA_ALLOC_CON
F is deprecated, use PYTORCH_ALLOC_CONF instead (function operator())
SpellingBee: 0/256 = 0.00% | Wilson95% [0.00%, 1.48%]
[done] confirmation eval complete
summary=/home/sun0115/nanochat-learn/notes/d24_r32_lora_maxoom_2026-03-27_2007_s
2048_gc_best_s500_confirm_summary_1000_2026-03-27_2020.txt
[done] confirm eval finished for d24_r32_lora_maxoom_2026-03-27_2007_s2048_gc
[done] completed at s2048_gc
sun0115@DESKTOP-L4C74MD:~/nanochat-learn/nanochat$

[autopilot]
[2026-03-28 01:07:52] Current summary complete: /home/sun0115/nanochat-learn/not
es/d24_r32_lora_maxoom_2026-03-27_2007_s2048_gc_best_s500_confirm_summary_1000_2
026-03-27_2020.txt
[2026-03-28 01:07:52] Current score=21.6000 (gsm8k=0.00, mmlu=21.60, spelling=0.
00)
















[gpu]
NVIDIA GeForce RTX 4070, 39 %, 7177 MiB, 12282 MiB

=== 2026-03-28 05:56:55 ===
[chain]
f5qp3w
2026-03-28 00:36:15,236 - nanochat.checkpoint_manager - INFO - Loading model fro
m /home/sun0115/.cache/nanochat/chatsft_checkpoints/d24_r32_lora_maxoom_2026-03-
27_2007_s2048_gc/best with step 500
2026-03-28 00:36:16,102 - nanochat.checkpoint_manager - INFO - Building model wi
th config: {'sequence_len': 2048, 'vocab_size': 32768, 'n_layer': 24, 'n_head':
9, 'n_kv_head': 9, 'n_embd': 1152, 'window_pattern': 'L'}
Rank 0 | 0/256 (0.00%)
==================================================
Final: 0/256 (0.00%)
SpellingBee accuracy: 0.00%
wandb: updating run metadata
wandb: uploading config.yaml; uploading output.log; uploading wandb-summary.json
wandb: uploading history steps 0-1, summary, console lines 2-5
wandb:
wandb: Run history:
wandb:  eval/spellingbee_accuracy ▁
wandb: final/spellingbee_accuracy ▁
wandb:                 task_index ▁
wandb:
wandb: Run summary:
wandb:  eval/spellingbee_accuracy 0
wandb: final/spellingbee_accuracy 0
wandb:                 task_index 1
wandb:
wandb: 🚀 View run d24_r32_lora_maxoom_2026-03-27_2007_s2048_gc_confirm_s500_spe
llingbee at: https://wandb.ai/sunshines-gmail-com/nanochat-eval/runs/hhf5qp3w
wandb: ⭐️ View project at: https://wandb.ai/sunshines-gmail-com/nanochat-eval
wandb: Synced 5 W&B file(s), 0 media file(s), 0 artifact file(s) and 0 other fil
e(s)
wandb: Find logs at: ./wandb/run-20260328_003614-hhf5qp3w/logs
[W328 01:07:31.189425989 AllocatorConfig.cpp:28] Warning: PYTORCH_CUDA_ALLOC_CON
F is deprecated, use PYTORCH_ALLOC_CONF instead (function operator())
SpellingBee: 0/256 = 0.00% | Wilson95% [0.00%, 1.48%]
[done] confirmation eval complete
summary=/home/sun0115/nanochat-learn/notes/d24_r32_lora_maxoom_2026-03-27_2007_s
2048_gc_best_s500_confirm_summary_1000_2026-03-27_2020.txt
[done] confirm eval finished for d24_r32_lora_maxoom_2026-03-27_2007_s2048_gc
[done] completed at s2048_gc
sun0115@DESKTOP-L4C74MD:~/nanochat-learn/nanochat$

[autopilot]
[2026-03-28 01:07:52] Current summary complete: /home/sun0115/nanochat-learn/not
es/d24_r32_lora_maxoom_2026-03-27_2007_s2048_gc_best_s500_confirm_summary_1000_2
026-03-27_2020.txt
[2026-03-28 01:07:52] Current score=21.6000 (gsm8k=0.00, mmlu=21.60, spelling=0.
00)
















[gpu]
NVIDIA GeForce RTX 4070, 34 %, 7177 MiB, 12282 MiB

=== 2026-03-28 06:02:07 ===
[chain]
f5qp3w
2026-03-28 00:36:15,236 - nanochat.checkpoint_manager - INFO - Loading model fro
m /home/sun0115/.cache/nanochat/chatsft_checkpoints/d24_r32_lora_maxoom_2026-03-
27_2007_s2048_gc/best with step 500
2026-03-28 00:36:16,102 - nanochat.checkpoint_manager - INFO - Building model wi
th config: {'sequence_len': 2048, 'vocab_size': 32768, 'n_layer': 24, 'n_head':
9, 'n_kv_head': 9, 'n_embd': 1152, 'window_pattern': 'L'}
Rank 0 | 0/256 (0.00%)
==================================================
Final: 0/256 (0.00%)
SpellingBee accuracy: 0.00%
wandb: updating run metadata
wandb: uploading config.yaml; uploading output.log; uploading wandb-summary.json
wandb: uploading history steps 0-1, summary, console lines 2-5
wandb:
wandb: Run history:
wandb:  eval/spellingbee_accuracy ▁
wandb: final/spellingbee_accuracy ▁
wandb:                 task_index ▁
wandb:
wandb: Run summary:
wandb:  eval/spellingbee_accuracy 0
wandb: final/spellingbee_accuracy 0
wandb:                 task_index 1
wandb:
wandb: 🚀 View run d24_r32_lora_maxoom_2026-03-27_2007_s2048_gc_confirm_s500_spe
llingbee at: https://wandb.ai/sunshines-gmail-com/nanochat-eval/runs/hhf5qp3w
wandb: ⭐️ View project at: https://wandb.ai/sunshines-gmail-com/nanochat-eval
wandb: Synced 5 W&B file(s), 0 media file(s), 0 artifact file(s) and 0 other fil
e(s)
wandb: Find logs at: ./wandb/run-20260328_003614-hhf5qp3w/logs
[W328 01:07:31.189425989 AllocatorConfig.cpp:28] Warning: PYTORCH_CUDA_ALLOC_CON
F is deprecated, use PYTORCH_ALLOC_CONF instead (function operator())
SpellingBee: 0/256 = 0.00% | Wilson95% [0.00%, 1.48%]
[done] confirmation eval complete
summary=/home/sun0115/nanochat-learn/notes/d24_r32_lora_maxoom_2026-03-27_2007_s
2048_gc_best_s500_confirm_summary_1000_2026-03-27_2020.txt
[done] confirm eval finished for d24_r32_lora_maxoom_2026-03-27_2007_s2048_gc
[done] completed at s2048_gc
sun0115@DESKTOP-L4C74MD:~/nanochat-learn/nanochat$

[autopilot]
[2026-03-28 01:07:52] Current summary complete: /home/sun0115/nanochat-learn/not
es/d24_r32_lora_maxoom_2026-03-27_2007_s2048_gc_best_s500_confirm_summary_1000_2
026-03-27_2020.txt
[2026-03-28 01:07:52] Current score=21.6000 (gsm8k=0.00, mmlu=21.60, spelling=0.
00)
















[gpu]
NVIDIA GeForce RTX 4070, 34 %, 7177 MiB, 12282 MiB

=== 2026-03-28 06:07:22 ===
[chain]
f5qp3w
2026-03-28 00:36:15,236 - nanochat.checkpoint_manager - INFO - Loading model fro
m /home/sun0115/.cache/nanochat/chatsft_checkpoints/d24_r32_lora_maxoom_2026-03-
27_2007_s2048_gc/best with step 500
2026-03-28 00:36:16,102 - nanochat.checkpoint_manager - INFO - Building model wi
th config: {'sequence_len': 2048, 'vocab_size': 32768, 'n_layer': 24, 'n_head':
9, 'n_kv_head': 9, 'n_embd': 1152, 'window_pattern': 'L'}
Rank 0 | 0/256 (0.00%)
==================================================
Final: 0/256 (0.00%)
SpellingBee accuracy: 0.00%
wandb: updating run metadata
wandb: uploading config.yaml; uploading output.log; uploading wandb-summary.json
wandb: uploading history steps 0-1, summary, console lines 2-5
wandb:
wandb: Run history:
wandb:  eval/spellingbee_accuracy ▁
wandb: final/spellingbee_accuracy ▁
wandb:                 task_index ▁
wandb:
wandb: Run summary:
wandb:  eval/spellingbee_accuracy 0
wandb: final/spellingbee_accuracy 0
wandb:                 task_index 1
wandb:
wandb: 🚀 View run d24_r32_lora_maxoom_2026-03-27_2007_s2048_gc_confirm_s500_spe
llingbee at: https://wandb.ai/sunshines-gmail-com/nanochat-eval/runs/hhf5qp3w
wandb: ⭐️ View project at: https://wandb.ai/sunshines-gmail-com/nanochat-eval
wandb: Synced 5 W&B file(s), 0 media file(s), 0 artifact file(s) and 0 other fil
e(s)
wandb: Find logs at: ./wandb/run-20260328_003614-hhf5qp3w/logs
[W328 01:07:31.189425989 AllocatorConfig.cpp:28] Warning: PYTORCH_CUDA_ALLOC_CON
F is deprecated, use PYTORCH_ALLOC_CONF instead (function operator())
SpellingBee: 0/256 = 0.00% | Wilson95% [0.00%, 1.48%]
[done] confirmation eval complete
summary=/home/sun0115/nanochat-learn/notes/d24_r32_lora_maxoom_2026-03-27_2007_s
2048_gc_best_s500_confirm_summary_1000_2026-03-27_2020.txt
[done] confirm eval finished for d24_r32_lora_maxoom_2026-03-27_2007_s2048_gc
[done] completed at s2048_gc
sun0115@DESKTOP-L4C74MD:~/nanochat-learn/nanochat$

[autopilot]
e(s)
wandb: Find logs at: ./wandb/run-20260328_053323-50wywf0f/logs
[W328 06:04:45.347347321 AllocatorConfig.cpp:28] Warning: PYTORCH_CUDA_ALLOC_CON
F is deprecated, use PYTORCH_ALLOC_CONF instead (function operator())
SpellingBee: 0/256 = 0.00% | Wilson95% [0.00%, 1.48%]
[done] confirmation eval complete
summary=/home/sun0115/nanochat-learn/notes/d24_r32_lora_maxoom_lr5e5_2026-03-28_
0107_s2048_gc_best_s500_confirm_summary_1000_2026-03-28_0120.txt
[done] confirm eval finished for d24_r32_lora_maxoom_lr5e5_2026-03-28_0107_s2048
_gc
[done] completed at s2048_gc
/home/sun0115/nanochat-learn/notes/d24_r32_lora_maxoom_lr5e5_2026-03-28_0107_s20
48_gc_best_s500_confirm_summary_1000_2026-03-28_0120.txt: Filename too long (os
error 36)
[2026-03-28 06:04:45] Could not parse follow-up summary metrics
[2026-03-28 06:04:45] Wrote decision note: /home/sun0115/nanochat-learn/notes/au
to_continue_r32_sft_ablation_2026-03-27_2059_decision.md
[2026-03-28 06:04:45] Autopilot finished. Final action=hold_recipe_change, best_
label=d24_r32_lora_maxoom_2026-03-27_2007, best_score=21.6000
sun0115@DESKTOP-L4C74MD:~/nanochat-learn/nanochat$

[gpu]
NVIDIA GeForce RTX 4070, 0 %, 0 MiB, 12282 MiB

=== 2026-03-28 06:12:37 ===
[chain]
f5qp3w
2026-03-28 00:36:15,236 - nanochat.checkpoint_manager - INFO - Loading model fro
m /home/sun0115/.cache/nanochat/chatsft_checkpoints/d24_r32_lora_maxoom_2026-03-
27_2007_s2048_gc/best with step 500
2026-03-28 00:36:16,102 - nanochat.checkpoint_manager - INFO - Building model wi
th config: {'sequence_len': 2048, 'vocab_size': 32768, 'n_layer': 24, 'n_head':
9, 'n_kv_head': 9, 'n_embd': 1152, 'window_pattern': 'L'}
Rank 0 | 0/256 (0.00%)
==================================================
Final: 0/256 (0.00%)
SpellingBee accuracy: 0.00%
wandb: updating run metadata
wandb: uploading config.yaml; uploading output.log; uploading wandb-summary.json
wandb: uploading history steps 0-1, summary, console lines 2-5
wandb:
wandb: Run history:
wandb:  eval/spellingbee_accuracy ▁
wandb: final/spellingbee_accuracy ▁
wandb:                 task_index ▁
wandb:
wandb: Run summary:
wandb:  eval/spellingbee_accuracy 0
wandb: final/spellingbee_accuracy 0
wandb:                 task_index 1
wandb:
wandb: 🚀 View run d24_r32_lora_maxoom_2026-03-27_2007_s2048_gc_confirm_s500_spe
llingbee at: https://wandb.ai/sunshines-gmail-com/nanochat-eval/runs/hhf5qp3w
wandb: ⭐️ View project at: https://wandb.ai/sunshines-gmail-com/nanochat-eval
wandb: Synced 5 W&B file(s), 0 media file(s), 0 artifact file(s) and 0 other fil
e(s)
wandb: Find logs at: ./wandb/run-20260328_003614-hhf5qp3w/logs
[W328 01:07:31.189425989 AllocatorConfig.cpp:28] Warning: PYTORCH_CUDA_ALLOC_CON
F is deprecated, use PYTORCH_ALLOC_CONF instead (function operator())
SpellingBee: 0/256 = 0.00% | Wilson95% [0.00%, 1.48%]
[done] confirmation eval complete
summary=/home/sun0115/nanochat-learn/notes/d24_r32_lora_maxoom_2026-03-27_2007_s
2048_gc_best_s500_confirm_summary_1000_2026-03-27_2020.txt
[done] confirm eval finished for d24_r32_lora_maxoom_2026-03-27_2007_s2048_gc
[done] completed at s2048_gc
sun0115@DESKTOP-L4C74MD:~/nanochat-learn/nanochat$

[autopilot]
e(s)
wandb: Find logs at: ./wandb/run-20260328_053323-50wywf0f/logs
[W328 06:04:45.347347321 AllocatorConfig.cpp:28] Warning: PYTORCH_CUDA_ALLOC_CON
F is deprecated, use PYTORCH_ALLOC_CONF instead (function operator())
SpellingBee: 0/256 = 0.00% | Wilson95% [0.00%, 1.48%]
[done] confirmation eval complete
summary=/home/sun0115/nanochat-learn/notes/d24_r32_lora_maxoom_lr5e5_2026-03-28_
0107_s2048_gc_best_s500_confirm_summary_1000_2026-03-28_0120.txt
[done] confirm eval finished for d24_r32_lora_maxoom_lr5e5_2026-03-28_0107_s2048
_gc
[done] completed at s2048_gc
/home/sun0115/nanochat-learn/notes/d24_r32_lora_maxoom_lr5e5_2026-03-28_0107_s20
48_gc_best_s500_confirm_summary_1000_2026-03-28_0120.txt: Filename too long (os
error 36)
[2026-03-28 06:04:45] Could not parse follow-up summary metrics
[2026-03-28 06:04:45] Wrote decision note: /home/sun0115/nanochat-learn/notes/au
to_continue_r32_sft_ablation_2026-03-27_2059_decision.md
[2026-03-28 06:04:45] Autopilot finished. Final action=hold_recipe_change, best_
label=d24_r32_lora_maxoom_2026-03-27_2007, best_score=21.6000
sun0115@DESKTOP-L4C74MD:~/nanochat-learn/nanochat$

[gpu]
NVIDIA GeForce RTX 4070, 0 %, 0 MiB, 12282 MiB

=== 2026-03-28 06:17:51 ===
[chain]
f5qp3w
2026-03-28 00:36:15,236 - nanochat.checkpoint_manager - INFO - Loading model fro
m /home/sun0115/.cache/nanochat/chatsft_checkpoints/d24_r32_lora_maxoom_2026-03-
27_2007_s2048_gc/best with step 500
2026-03-28 00:36:16,102 - nanochat.checkpoint_manager - INFO - Building model wi
th config: {'sequence_len': 2048, 'vocab_size': 32768, 'n_layer': 24, 'n_head':
9, 'n_kv_head': 9, 'n_embd': 1152, 'window_pattern': 'L'}
Rank 0 | 0/256 (0.00%)
==================================================
Final: 0/256 (0.00%)
SpellingBee accuracy: 0.00%
wandb: updating run metadata
wandb: uploading config.yaml; uploading output.log; uploading wandb-summary.json
wandb: uploading history steps 0-1, summary, console lines 2-5
wandb:
wandb: Run history:
wandb:  eval/spellingbee_accuracy ▁
wandb: final/spellingbee_accuracy ▁
wandb:                 task_index ▁
wandb:
wandb: Run summary:
wandb:  eval/spellingbee_accuracy 0
wandb: final/spellingbee_accuracy 0
wandb:                 task_index 1
wandb:
wandb: 🚀 View run d24_r32_lora_maxoom_2026-03-27_2007_s2048_gc_confirm_s500_spe
llingbee at: https://wandb.ai/sunshines-gmail-com/nanochat-eval/runs/hhf5qp3w
wandb: ⭐️ View project at: https://wandb.ai/sunshines-gmail-com/nanochat-eval
wandb: Synced 5 W&B file(s), 0 media file(s), 0 artifact file(s) and 0 other fil
e(s)
wandb: Find logs at: ./wandb/run-20260328_003614-hhf5qp3w/logs
[W328 01:07:31.189425989 AllocatorConfig.cpp:28] Warning: PYTORCH_CUDA_ALLOC_CON
F is deprecated, use PYTORCH_ALLOC_CONF instead (function operator())
SpellingBee: 0/256 = 0.00% | Wilson95% [0.00%, 1.48%]
[done] confirmation eval complete
summary=/home/sun0115/nanochat-learn/notes/d24_r32_lora_maxoom_2026-03-27_2007_s
2048_gc_best_s500_confirm_summary_1000_2026-03-27_2020.txt
[done] confirm eval finished for d24_r32_lora_maxoom_2026-03-27_2007_s2048_gc
[done] completed at s2048_gc
sun0115@DESKTOP-L4C74MD:~/nanochat-learn/nanochat$

[autopilot]
e(s)
wandb: Find logs at: ./wandb/run-20260328_053323-50wywf0f/logs
[W328 06:04:45.347347321 AllocatorConfig.cpp:28] Warning: PYTORCH_CUDA_ALLOC_CON
F is deprecated, use PYTORCH_ALLOC_CONF instead (function operator())
SpellingBee: 0/256 = 0.00% | Wilson95% [0.00%, 1.48%]
[done] confirmation eval complete
summary=/home/sun0115/nanochat-learn/notes/d24_r32_lora_maxoom_lr5e5_2026-03-28_
0107_s2048_gc_best_s500_confirm_summary_1000_2026-03-28_0120.txt
[done] confirm eval finished for d24_r32_lora_maxoom_lr5e5_2026-03-28_0107_s2048
_gc
[done] completed at s2048_gc
/home/sun0115/nanochat-learn/notes/d24_r32_lora_maxoom_lr5e5_2026-03-28_0107_s20
48_gc_best_s500_confirm_summary_1000_2026-03-28_0120.txt: Filename too long (os
error 36)
[2026-03-28 06:04:45] Could not parse follow-up summary metrics
[2026-03-28 06:04:45] Wrote decision note: /home/sun0115/nanochat-learn/notes/au
to_continue_r32_sft_ablation_2026-03-27_2059_decision.md
[2026-03-28 06:04:45] Autopilot finished. Final action=hold_recipe_change, best_
label=d24_r32_lora_maxoom_2026-03-27_2007, best_score=21.6000
sun0115@DESKTOP-L4C74MD:~/nanochat-learn/nanochat$

[gpu]
NVIDIA GeForce RTX 4070, 0 %, 0 MiB, 12282 MiB

=== 2026-03-28 06:23:05 ===
[chain]
f5qp3w
2026-03-28 00:36:15,236 - nanochat.checkpoint_manager - INFO - Loading model fro
m /home/sun0115/.cache/nanochat/chatsft_checkpoints/d24_r32_lora_maxoom_2026-03-
27_2007_s2048_gc/best with step 500
2026-03-28 00:36:16,102 - nanochat.checkpoint_manager - INFO - Building model wi
th config: {'sequence_len': 2048, 'vocab_size': 32768, 'n_layer': 24, 'n_head':
9, 'n_kv_head': 9, 'n_embd': 1152, 'window_pattern': 'L'}
Rank 0 | 0/256 (0.00%)
==================================================
Final: 0/256 (0.00%)
SpellingBee accuracy: 0.00%
wandb: updating run metadata
wandb: uploading config.yaml; uploading output.log; uploading wandb-summary.json
wandb: uploading history steps 0-1, summary, console lines 2-5
wandb:
wandb: Run history:
wandb:  eval/spellingbee_accuracy ▁
wandb: final/spellingbee_accuracy ▁
wandb:                 task_index ▁
wandb:
wandb: Run summary:
wandb:  eval/spellingbee_accuracy 0
wandb: final/spellingbee_accuracy 0
wandb:                 task_index 1
wandb:
wandb: 🚀 View run d24_r32_lora_maxoom_2026-03-27_2007_s2048_gc_confirm_s500_spe
llingbee at: https://wandb.ai/sunshines-gmail-com/nanochat-eval/runs/hhf5qp3w
wandb: ⭐️ View project at: https://wandb.ai/sunshines-gmail-com/nanochat-eval
wandb: Synced 5 W&B file(s), 0 media file(s), 0 artifact file(s) and 0 other fil
e(s)
wandb: Find logs at: ./wandb/run-20260328_003614-hhf5qp3w/logs
[W328 01:07:31.189425989 AllocatorConfig.cpp:28] Warning: PYTORCH_CUDA_ALLOC_CON
F is deprecated, use PYTORCH_ALLOC_CONF instead (function operator())
SpellingBee: 0/256 = 0.00% | Wilson95% [0.00%, 1.48%]
[done] confirmation eval complete
summary=/home/sun0115/nanochat-learn/notes/d24_r32_lora_maxoom_2026-03-27_2007_s
2048_gc_best_s500_confirm_summary_1000_2026-03-27_2020.txt
[done] confirm eval finished for d24_r32_lora_maxoom_2026-03-27_2007_s2048_gc
[done] completed at s2048_gc
sun0115@DESKTOP-L4C74MD:~/nanochat-learn/nanochat$

[autopilot]
e(s)
wandb: Find logs at: ./wandb/run-20260328_053323-50wywf0f/logs
[W328 06:04:45.347347321 AllocatorConfig.cpp:28] Warning: PYTORCH_CUDA_ALLOC_CON
F is deprecated, use PYTORCH_ALLOC_CONF instead (function operator())
SpellingBee: 0/256 = 0.00% | Wilson95% [0.00%, 1.48%]
[done] confirmation eval complete
summary=/home/sun0115/nanochat-learn/notes/d24_r32_lora_maxoom_lr5e5_2026-03-28_
0107_s2048_gc_best_s500_confirm_summary_1000_2026-03-28_0120.txt
[done] confirm eval finished for d24_r32_lora_maxoom_lr5e5_2026-03-28_0107_s2048
_gc
[done] completed at s2048_gc
/home/sun0115/nanochat-learn/notes/d24_r32_lora_maxoom_lr5e5_2026-03-28_0107_s20
48_gc_best_s500_confirm_summary_1000_2026-03-28_0120.txt: Filename too long (os
error 36)
[2026-03-28 06:04:45] Could not parse follow-up summary metrics
[2026-03-28 06:04:45] Wrote decision note: /home/sun0115/nanochat-learn/notes/au
to_continue_r32_sft_ablation_2026-03-27_2059_decision.md
[2026-03-28 06:04:45] Autopilot finished. Final action=hold_recipe_change, best_
label=d24_r32_lora_maxoom_2026-03-27_2007, best_score=21.6000
sun0115@DESKTOP-L4C74MD:~/nanochat-learn/nanochat$

[gpu]
NVIDIA GeForce RTX 4070, 0 %, 0 MiB, 12282 MiB

=== 2026-03-28 06:28:21 ===
[chain]
f5qp3w
2026-03-28 00:36:15,236 - nanochat.checkpoint_manager - INFO - Loading model fro
m /home/sun0115/.cache/nanochat/chatsft_checkpoints/d24_r32_lora_maxoom_2026-03-
27_2007_s2048_gc/best with step 500
2026-03-28 00:36:16,102 - nanochat.checkpoint_manager - INFO - Building model wi
th config: {'sequence_len': 2048, 'vocab_size': 32768, 'n_layer': 24, 'n_head':
9, 'n_kv_head': 9, 'n_embd': 1152, 'window_pattern': 'L'}
Rank 0 | 0/256 (0.00%)
==================================================
Final: 0/256 (0.00%)
SpellingBee accuracy: 0.00%
wandb: updating run metadata
wandb: uploading config.yaml; uploading output.log; uploading wandb-summary.json
wandb: uploading history steps 0-1, summary, console lines 2-5
wandb:
wandb: Run history:
wandb:  eval/spellingbee_accuracy ▁
wandb: final/spellingbee_accuracy ▁
wandb:                 task_index ▁
wandb:
wandb: Run summary:
wandb:  eval/spellingbee_accuracy 0
wandb: final/spellingbee_accuracy 0
wandb:                 task_index 1
wandb:
wandb: 🚀 View run d24_r32_lora_maxoom_2026-03-27_2007_s2048_gc_confirm_s500_spe
llingbee at: https://wandb.ai/sunshines-gmail-com/nanochat-eval/runs/hhf5qp3w
wandb: ⭐️ View project at: https://wandb.ai/sunshines-gmail-com/nanochat-eval
wandb: Synced 5 W&B file(s), 0 media file(s), 0 artifact file(s) and 0 other fil
e(s)
wandb: Find logs at: ./wandb/run-20260328_003614-hhf5qp3w/logs
[W328 01:07:31.189425989 AllocatorConfig.cpp:28] Warning: PYTORCH_CUDA_ALLOC_CON
F is deprecated, use PYTORCH_ALLOC_CONF instead (function operator())
SpellingBee: 0/256 = 0.00% | Wilson95% [0.00%, 1.48%]
[done] confirmation eval complete
summary=/home/sun0115/nanochat-learn/notes/d24_r32_lora_maxoom_2026-03-27_2007_s
2048_gc_best_s500_confirm_summary_1000_2026-03-27_2020.txt
[done] confirm eval finished for d24_r32_lora_maxoom_2026-03-27_2007_s2048_gc
[done] completed at s2048_gc
sun0115@DESKTOP-L4C74MD:~/nanochat-learn/nanochat$

[autopilot]
e(s)
wandb: Find logs at: ./wandb/run-20260328_053323-50wywf0f/logs
[W328 06:04:45.347347321 AllocatorConfig.cpp:28] Warning: PYTORCH_CUDA_ALLOC_CON
F is deprecated, use PYTORCH_ALLOC_CONF instead (function operator())
SpellingBee: 0/256 = 0.00% | Wilson95% [0.00%, 1.48%]
[done] confirmation eval complete
summary=/home/sun0115/nanochat-learn/notes/d24_r32_lora_maxoom_lr5e5_2026-03-28_
0107_s2048_gc_best_s500_confirm_summary_1000_2026-03-28_0120.txt
[done] confirm eval finished for d24_r32_lora_maxoom_lr5e5_2026-03-28_0107_s2048
_gc
[done] completed at s2048_gc
/home/sun0115/nanochat-learn/notes/d24_r32_lora_maxoom_lr5e5_2026-03-28_0107_s20
48_gc_best_s500_confirm_summary_1000_2026-03-28_0120.txt: Filename too long (os
error 36)
[2026-03-28 06:04:45] Could not parse follow-up summary metrics
[2026-03-28 06:04:45] Wrote decision note: /home/sun0115/nanochat-learn/notes/au
to_continue_r32_sft_ablation_2026-03-27_2059_decision.md
[2026-03-28 06:04:45] Autopilot finished. Final action=hold_recipe_change, best_
label=d24_r32_lora_maxoom_2026-03-27_2007, best_score=21.6000
sun0115@DESKTOP-L4C74MD:~/nanochat-learn/nanochat$

[gpu]
NVIDIA GeForce RTX 4070, 0 %, 0 MiB, 12282 MiB

=== 2026-03-28 06:33:36 ===
[chain]
f5qp3w
2026-03-28 00:36:15,236 - nanochat.checkpoint_manager - INFO - Loading model fro
m /home/sun0115/.cache/nanochat/chatsft_checkpoints/d24_r32_lora_maxoom_2026-03-
27_2007_s2048_gc/best with step 500
2026-03-28 00:36:16,102 - nanochat.checkpoint_manager - INFO - Building model wi
th config: {'sequence_len': 2048, 'vocab_size': 32768, 'n_layer': 24, 'n_head':
9, 'n_kv_head': 9, 'n_embd': 1152, 'window_pattern': 'L'}
Rank 0 | 0/256 (0.00%)
==================================================
Final: 0/256 (0.00%)
SpellingBee accuracy: 0.00%
wandb: updating run metadata
wandb: uploading config.yaml; uploading output.log; uploading wandb-summary.json
wandb: uploading history steps 0-1, summary, console lines 2-5
wandb:
wandb: Run history:
wandb:  eval/spellingbee_accuracy ▁
wandb: final/spellingbee_accuracy ▁
wandb:                 task_index ▁
wandb:
wandb: Run summary:
wandb:  eval/spellingbee_accuracy 0
wandb: final/spellingbee_accuracy 0
wandb:                 task_index 1
wandb:
wandb: 🚀 View run d24_r32_lora_maxoom_2026-03-27_2007_s2048_gc_confirm_s500_spe
llingbee at: https://wandb.ai/sunshines-gmail-com/nanochat-eval/runs/hhf5qp3w
wandb: ⭐️ View project at: https://wandb.ai/sunshines-gmail-com/nanochat-eval
wandb: Synced 5 W&B file(s), 0 media file(s), 0 artifact file(s) and 0 other fil
e(s)
wandb: Find logs at: ./wandb/run-20260328_003614-hhf5qp3w/logs
[W328 01:07:31.189425989 AllocatorConfig.cpp:28] Warning: PYTORCH_CUDA_ALLOC_CON
F is deprecated, use PYTORCH_ALLOC_CONF instead (function operator())
SpellingBee: 0/256 = 0.00% | Wilson95% [0.00%, 1.48%]
[done] confirmation eval complete
summary=/home/sun0115/nanochat-learn/notes/d24_r32_lora_maxoom_2026-03-27_2007_s
2048_gc_best_s500_confirm_summary_1000_2026-03-27_2020.txt
[done] confirm eval finished for d24_r32_lora_maxoom_2026-03-27_2007_s2048_gc
[done] completed at s2048_gc
sun0115@DESKTOP-L4C74MD:~/nanochat-learn/nanochat$

[autopilot]
e(s)
wandb: Find logs at: ./wandb/run-20260328_053323-50wywf0f/logs
[W328 06:04:45.347347321 AllocatorConfig.cpp:28] Warning: PYTORCH_CUDA_ALLOC_CON
F is deprecated, use PYTORCH_ALLOC_CONF instead (function operator())
SpellingBee: 0/256 = 0.00% | Wilson95% [0.00%, 1.48%]
[done] confirmation eval complete
summary=/home/sun0115/nanochat-learn/notes/d24_r32_lora_maxoom_lr5e5_2026-03-28_
0107_s2048_gc_best_s500_confirm_summary_1000_2026-03-28_0120.txt
[done] confirm eval finished for d24_r32_lora_maxoom_lr5e5_2026-03-28_0107_s2048
_gc
[done] completed at s2048_gc
/home/sun0115/nanochat-learn/notes/d24_r32_lora_maxoom_lr5e5_2026-03-28_0107_s20
48_gc_best_s500_confirm_summary_1000_2026-03-28_0120.txt: Filename too long (os
error 36)
[2026-03-28 06:04:45] Could not parse follow-up summary metrics
[2026-03-28 06:04:45] Wrote decision note: /home/sun0115/nanochat-learn/notes/au
to_continue_r32_sft_ablation_2026-03-27_2059_decision.md
[2026-03-28 06:04:45] Autopilot finished. Final action=hold_recipe_change, best_
label=d24_r32_lora_maxoom_2026-03-27_2007, best_score=21.6000
sun0115@DESKTOP-L4C74MD:~/nanochat-learn/nanochat$

[gpu]
NVIDIA GeForce RTX 4070, 0 %, 0 MiB, 12282 MiB

=== 2026-03-28 06:38:51 ===
[chain]
f5qp3w
2026-03-28 00:36:15,236 - nanochat.checkpoint_manager - INFO - Loading model fro
m /home/sun0115/.cache/nanochat/chatsft_checkpoints/d24_r32_lora_maxoom_2026-03-
27_2007_s2048_gc/best with step 500
2026-03-28 00:36:16,102 - nanochat.checkpoint_manager - INFO - Building model wi
th config: {'sequence_len': 2048, 'vocab_size': 32768, 'n_layer': 24, 'n_head':
9, 'n_kv_head': 9, 'n_embd': 1152, 'window_pattern': 'L'}
Rank 0 | 0/256 (0.00%)
==================================================
Final: 0/256 (0.00%)
SpellingBee accuracy: 0.00%
wandb: updating run metadata
wandb: uploading config.yaml; uploading output.log; uploading wandb-summary.json
wandb: uploading history steps 0-1, summary, console lines 2-5
wandb:
wandb: Run history:
wandb:  eval/spellingbee_accuracy ▁
wandb: final/spellingbee_accuracy ▁
wandb:                 task_index ▁
wandb:
wandb: Run summary:
wandb:  eval/spellingbee_accuracy 0
wandb: final/spellingbee_accuracy 0
wandb:                 task_index 1
wandb:
wandb: 🚀 View run d24_r32_lora_maxoom_2026-03-27_2007_s2048_gc_confirm_s500_spe
llingbee at: https://wandb.ai/sunshines-gmail-com/nanochat-eval/runs/hhf5qp3w
wandb: ⭐️ View project at: https://wandb.ai/sunshines-gmail-com/nanochat-eval
wandb: Synced 5 W&B file(s), 0 media file(s), 0 artifact file(s) and 0 other fil
e(s)
wandb: Find logs at: ./wandb/run-20260328_003614-hhf5qp3w/logs
[W328 01:07:31.189425989 AllocatorConfig.cpp:28] Warning: PYTORCH_CUDA_ALLOC_CON
F is deprecated, use PYTORCH_ALLOC_CONF instead (function operator())
SpellingBee: 0/256 = 0.00% | Wilson95% [0.00%, 1.48%]
[done] confirmation eval complete
summary=/home/sun0115/nanochat-learn/notes/d24_r32_lora_maxoom_2026-03-27_2007_s
2048_gc_best_s500_confirm_summary_1000_2026-03-27_2020.txt
[done] confirm eval finished for d24_r32_lora_maxoom_2026-03-27_2007_s2048_gc
[done] completed at s2048_gc
sun0115@DESKTOP-L4C74MD:~/nanochat-learn/nanochat$

[autopilot]
e(s)
wandb: Find logs at: ./wandb/run-20260328_053323-50wywf0f/logs
[W328 06:04:45.347347321 AllocatorConfig.cpp:28] Warning: PYTORCH_CUDA_ALLOC_CON
F is deprecated, use PYTORCH_ALLOC_CONF instead (function operator())
SpellingBee: 0/256 = 0.00% | Wilson95% [0.00%, 1.48%]
[done] confirmation eval complete
summary=/home/sun0115/nanochat-learn/notes/d24_r32_lora_maxoom_lr5e5_2026-03-28_
0107_s2048_gc_best_s500_confirm_summary_1000_2026-03-28_0120.txt
[done] confirm eval finished for d24_r32_lora_maxoom_lr5e5_2026-03-28_0107_s2048
_gc
[done] completed at s2048_gc
/home/sun0115/nanochat-learn/notes/d24_r32_lora_maxoom_lr5e5_2026-03-28_0107_s20
48_gc_best_s500_confirm_summary_1000_2026-03-28_0120.txt: Filename too long (os
error 36)
[2026-03-28 06:04:45] Could not parse follow-up summary metrics
[2026-03-28 06:04:45] Wrote decision note: /home/sun0115/nanochat-learn/notes/au
to_continue_r32_sft_ablation_2026-03-27_2059_decision.md
[2026-03-28 06:04:45] Autopilot finished. Final action=hold_recipe_change, best_
label=d24_r32_lora_maxoom_2026-03-27_2007, best_score=21.6000
sun0115@DESKTOP-L4C74MD:~/nanochat-learn/nanochat$

[gpu]
NVIDIA GeForce RTX 4070, 0 %, 0 MiB, 12282 MiB

=== 2026-03-28 06:44:07 ===
[chain]
f5qp3w
2026-03-28 00:36:15,236 - nanochat.checkpoint_manager - INFO - Loading model fro
m /home/sun0115/.cache/nanochat/chatsft_checkpoints/d24_r32_lora_maxoom_2026-03-
27_2007_s2048_gc/best with step 500
2026-03-28 00:36:16,102 - nanochat.checkpoint_manager - INFO - Building model wi
th config: {'sequence_len': 2048, 'vocab_size': 32768, 'n_layer': 24, 'n_head':
9, 'n_kv_head': 9, 'n_embd': 1152, 'window_pattern': 'L'}
Rank 0 | 0/256 (0.00%)
==================================================
Final: 0/256 (0.00%)
SpellingBee accuracy: 0.00%
wandb: updating run metadata
wandb: uploading config.yaml; uploading output.log; uploading wandb-summary.json
wandb: uploading history steps 0-1, summary, console lines 2-5
wandb:
wandb: Run history:
wandb:  eval/spellingbee_accuracy ▁
wandb: final/spellingbee_accuracy ▁
wandb:                 task_index ▁
wandb:
wandb: Run summary:
wandb:  eval/spellingbee_accuracy 0
wandb: final/spellingbee_accuracy 0
wandb:                 task_index 1
wandb:
wandb: 🚀 View run d24_r32_lora_maxoom_2026-03-27_2007_s2048_gc_confirm_s500_spe
llingbee at: https://wandb.ai/sunshines-gmail-com/nanochat-eval/runs/hhf5qp3w
wandb: ⭐️ View project at: https://wandb.ai/sunshines-gmail-com/nanochat-eval
wandb: Synced 5 W&B file(s), 0 media file(s), 0 artifact file(s) and 0 other fil
e(s)
wandb: Find logs at: ./wandb/run-20260328_003614-hhf5qp3w/logs
[W328 01:07:31.189425989 AllocatorConfig.cpp:28] Warning: PYTORCH_CUDA_ALLOC_CON
F is deprecated, use PYTORCH_ALLOC_CONF instead (function operator())
SpellingBee: 0/256 = 0.00% | Wilson95% [0.00%, 1.48%]
[done] confirmation eval complete
summary=/home/sun0115/nanochat-learn/notes/d24_r32_lora_maxoom_2026-03-27_2007_s
2048_gc_best_s500_confirm_summary_1000_2026-03-27_2020.txt
[done] confirm eval finished for d24_r32_lora_maxoom_2026-03-27_2007_s2048_gc
[done] completed at s2048_gc
sun0115@DESKTOP-L4C74MD:~/nanochat-learn/nanochat$

[autopilot]
e(s)
wandb: Find logs at: ./wandb/run-20260328_053323-50wywf0f/logs
[W328 06:04:45.347347321 AllocatorConfig.cpp:28] Warning: PYTORCH_CUDA_ALLOC_CON
F is deprecated, use PYTORCH_ALLOC_CONF instead (function operator())
SpellingBee: 0/256 = 0.00% | Wilson95% [0.00%, 1.48%]
[done] confirmation eval complete
summary=/home/sun0115/nanochat-learn/notes/d24_r32_lora_maxoom_lr5e5_2026-03-28_
0107_s2048_gc_best_s500_confirm_summary_1000_2026-03-28_0120.txt
[done] confirm eval finished for d24_r32_lora_maxoom_lr5e5_2026-03-28_0107_s2048
_gc
[done] completed at s2048_gc
/home/sun0115/nanochat-learn/notes/d24_r32_lora_maxoom_lr5e5_2026-03-28_0107_s20
48_gc_best_s500_confirm_summary_1000_2026-03-28_0120.txt: Filename too long (os
error 36)
[2026-03-28 06:04:45] Could not parse follow-up summary metrics
[2026-03-28 06:04:45] Wrote decision note: /home/sun0115/nanochat-learn/notes/au
to_continue_r32_sft_ablation_2026-03-27_2059_decision.md
[2026-03-28 06:04:45] Autopilot finished. Final action=hold_recipe_change, best_
label=d24_r32_lora_maxoom_2026-03-27_2007, best_score=21.6000
sun0115@DESKTOP-L4C74MD:~/nanochat-learn/nanochat$

[gpu]
NVIDIA GeForce RTX 4070, 0 %, 0 MiB, 12282 MiB

=== 2026-03-28 06:49:22 ===
[chain]
f5qp3w
2026-03-28 00:36:15,236 - nanochat.checkpoint_manager - INFO - Loading model fro
m /home/sun0115/.cache/nanochat/chatsft_checkpoints/d24_r32_lora_maxoom_2026-03-
27_2007_s2048_gc/best with step 500
2026-03-28 00:36:16,102 - nanochat.checkpoint_manager - INFO - Building model wi
th config: {'sequence_len': 2048, 'vocab_size': 32768, 'n_layer': 24, 'n_head':
9, 'n_kv_head': 9, 'n_embd': 1152, 'window_pattern': 'L'}
Rank 0 | 0/256 (0.00%)
==================================================
Final: 0/256 (0.00%)
SpellingBee accuracy: 0.00%
wandb: updating run metadata
wandb: uploading config.yaml; uploading output.log; uploading wandb-summary.json
wandb: uploading history steps 0-1, summary, console lines 2-5
wandb:
wandb: Run history:
wandb:  eval/spellingbee_accuracy ▁
wandb: final/spellingbee_accuracy ▁
wandb:                 task_index ▁
wandb:
wandb: Run summary:
wandb:  eval/spellingbee_accuracy 0
wandb: final/spellingbee_accuracy 0
wandb:                 task_index 1
wandb:
wandb: 🚀 View run d24_r32_lora_maxoom_2026-03-27_2007_s2048_gc_confirm_s500_spe
llingbee at: https://wandb.ai/sunshines-gmail-com/nanochat-eval/runs/hhf5qp3w
wandb: ⭐️ View project at: https://wandb.ai/sunshines-gmail-com/nanochat-eval
wandb: Synced 5 W&B file(s), 0 media file(s), 0 artifact file(s) and 0 other fil
e(s)
wandb: Find logs at: ./wandb/run-20260328_003614-hhf5qp3w/logs
[W328 01:07:31.189425989 AllocatorConfig.cpp:28] Warning: PYTORCH_CUDA_ALLOC_CON
F is deprecated, use PYTORCH_ALLOC_CONF instead (function operator())
SpellingBee: 0/256 = 0.00% | Wilson95% [0.00%, 1.48%]
[done] confirmation eval complete
summary=/home/sun0115/nanochat-learn/notes/d24_r32_lora_maxoom_2026-03-27_2007_s
2048_gc_best_s500_confirm_summary_1000_2026-03-27_2020.txt
[done] confirm eval finished for d24_r32_lora_maxoom_2026-03-27_2007_s2048_gc
[done] completed at s2048_gc
sun0115@DESKTOP-L4C74MD:~/nanochat-learn/nanochat$

[autopilot]
e(s)
wandb: Find logs at: ./wandb/run-20260328_053323-50wywf0f/logs
[W328 06:04:45.347347321 AllocatorConfig.cpp:28] Warning: PYTORCH_CUDA_ALLOC_CON
F is deprecated, use PYTORCH_ALLOC_CONF instead (function operator())
SpellingBee: 0/256 = 0.00% | Wilson95% [0.00%, 1.48%]
[done] confirmation eval complete
summary=/home/sun0115/nanochat-learn/notes/d24_r32_lora_maxoom_lr5e5_2026-03-28_
0107_s2048_gc_best_s500_confirm_summary_1000_2026-03-28_0120.txt
[done] confirm eval finished for d24_r32_lora_maxoom_lr5e5_2026-03-28_0107_s2048
_gc
[done] completed at s2048_gc
/home/sun0115/nanochat-learn/notes/d24_r32_lora_maxoom_lr5e5_2026-03-28_0107_s20
48_gc_best_s500_confirm_summary_1000_2026-03-28_0120.txt: Filename too long (os
error 36)
[2026-03-28 06:04:45] Could not parse follow-up summary metrics
[2026-03-28 06:04:45] Wrote decision note: /home/sun0115/nanochat-learn/notes/au
to_continue_r32_sft_ablation_2026-03-27_2059_decision.md
[2026-03-28 06:04:45] Autopilot finished. Final action=hold_recipe_change, best_
label=d24_r32_lora_maxoom_2026-03-27_2007, best_score=21.6000
sun0115@DESKTOP-L4C74MD:~/nanochat-learn/nanochat$

[gpu]
NVIDIA GeForce RTX 4070, 0 %, 0 MiB, 12282 MiB

=== 2026-03-28 06:54:37 ===
[chain]
f5qp3w
2026-03-28 00:36:15,236 - nanochat.checkpoint_manager - INFO - Loading model fro
m /home/sun0115/.cache/nanochat/chatsft_checkpoints/d24_r32_lora_maxoom_2026-03-
27_2007_s2048_gc/best with step 500
2026-03-28 00:36:16,102 - nanochat.checkpoint_manager - INFO - Building model wi
th config: {'sequence_len': 2048, 'vocab_size': 32768, 'n_layer': 24, 'n_head':
9, 'n_kv_head': 9, 'n_embd': 1152, 'window_pattern': 'L'}
Rank 0 | 0/256 (0.00%)
==================================================
Final: 0/256 (0.00%)
SpellingBee accuracy: 0.00%
wandb: updating run metadata
wandb: uploading config.yaml; uploading output.log; uploading wandb-summary.json
wandb: uploading history steps 0-1, summary, console lines 2-5
wandb:
wandb: Run history:
wandb:  eval/spellingbee_accuracy ▁
wandb: final/spellingbee_accuracy ▁
wandb:                 task_index ▁
wandb:
wandb: Run summary:
wandb:  eval/spellingbee_accuracy 0
wandb: final/spellingbee_accuracy 0
wandb:                 task_index 1
wandb:
wandb: 🚀 View run d24_r32_lora_maxoom_2026-03-27_2007_s2048_gc_confirm_s500_spe
llingbee at: https://wandb.ai/sunshines-gmail-com/nanochat-eval/runs/hhf5qp3w
wandb: ⭐️ View project at: https://wandb.ai/sunshines-gmail-com/nanochat-eval
wandb: Synced 5 W&B file(s), 0 media file(s), 0 artifact file(s) and 0 other fil
e(s)
wandb: Find logs at: ./wandb/run-20260328_003614-hhf5qp3w/logs
[W328 01:07:31.189425989 AllocatorConfig.cpp:28] Warning: PYTORCH_CUDA_ALLOC_CON
F is deprecated, use PYTORCH_ALLOC_CONF instead (function operator())
SpellingBee: 0/256 = 0.00% | Wilson95% [0.00%, 1.48%]
[done] confirmation eval complete
summary=/home/sun0115/nanochat-learn/notes/d24_r32_lora_maxoom_2026-03-27_2007_s
2048_gc_best_s500_confirm_summary_1000_2026-03-27_2020.txt
[done] confirm eval finished for d24_r32_lora_maxoom_2026-03-27_2007_s2048_gc
[done] completed at s2048_gc
sun0115@DESKTOP-L4C74MD:~/nanochat-learn/nanochat$

[autopilot]
e(s)
wandb: Find logs at: ./wandb/run-20260328_053323-50wywf0f/logs
[W328 06:04:45.347347321 AllocatorConfig.cpp:28] Warning: PYTORCH_CUDA_ALLOC_CON
F is deprecated, use PYTORCH_ALLOC_CONF instead (function operator())
SpellingBee: 0/256 = 0.00% | Wilson95% [0.00%, 1.48%]
[done] confirmation eval complete
summary=/home/sun0115/nanochat-learn/notes/d24_r32_lora_maxoom_lr5e5_2026-03-28_
0107_s2048_gc_best_s500_confirm_summary_1000_2026-03-28_0120.txt
[done] confirm eval finished for d24_r32_lora_maxoom_lr5e5_2026-03-28_0107_s2048
_gc
[done] completed at s2048_gc
/home/sun0115/nanochat-learn/notes/d24_r32_lora_maxoom_lr5e5_2026-03-28_0107_s20
48_gc_best_s500_confirm_summary_1000_2026-03-28_0120.txt: Filename too long (os
error 36)
[2026-03-28 06:04:45] Could not parse follow-up summary metrics
[2026-03-28 06:04:45] Wrote decision note: /home/sun0115/nanochat-learn/notes/au
to_continue_r32_sft_ablation_2026-03-27_2059_decision.md
[2026-03-28 06:04:45] Autopilot finished. Final action=hold_recipe_change, best_
label=d24_r32_lora_maxoom_2026-03-27_2007, best_score=21.6000
sun0115@DESKTOP-L4C74MD:~/nanochat-learn/nanochat$

[gpu]
NVIDIA GeForce RTX 4070, 0 %, 0 MiB, 12282 MiB

=== 2026-03-28 06:59:54 ===
[chain]
f5qp3w
2026-03-28 00:36:15,236 - nanochat.checkpoint_manager - INFO - Loading model fro
m /home/sun0115/.cache/nanochat/chatsft_checkpoints/d24_r32_lora_maxoom_2026-03-
27_2007_s2048_gc/best with step 500
2026-03-28 00:36:16,102 - nanochat.checkpoint_manager - INFO - Building model wi
th config: {'sequence_len': 2048, 'vocab_size': 32768, 'n_layer': 24, 'n_head':
9, 'n_kv_head': 9, 'n_embd': 1152, 'window_pattern': 'L'}
Rank 0 | 0/256 (0.00%)
==================================================
Final: 0/256 (0.00%)
SpellingBee accuracy: 0.00%
wandb: updating run metadata
wandb: uploading config.yaml; uploading output.log; uploading wandb-summary.json
wandb: uploading history steps 0-1, summary, console lines 2-5
wandb:
wandb: Run history:
wandb:  eval/spellingbee_accuracy ▁
wandb: final/spellingbee_accuracy ▁
wandb:                 task_index ▁
wandb:
wandb: Run summary:
wandb:  eval/spellingbee_accuracy 0
wandb: final/spellingbee_accuracy 0
wandb:                 task_index 1
wandb:
wandb: 🚀 View run d24_r32_lora_maxoom_2026-03-27_2007_s2048_gc_confirm_s500_spe
llingbee at: https://wandb.ai/sunshines-gmail-com/nanochat-eval/runs/hhf5qp3w
wandb: ⭐️ View project at: https://wandb.ai/sunshines-gmail-com/nanochat-eval
wandb: Synced 5 W&B file(s), 0 media file(s), 0 artifact file(s) and 0 other fil
e(s)
wandb: Find logs at: ./wandb/run-20260328_003614-hhf5qp3w/logs
[W328 01:07:31.189425989 AllocatorConfig.cpp:28] Warning: PYTORCH_CUDA_ALLOC_CON
F is deprecated, use PYTORCH_ALLOC_CONF instead (function operator())
SpellingBee: 0/256 = 0.00% | Wilson95% [0.00%, 1.48%]
[done] confirmation eval complete
summary=/home/sun0115/nanochat-learn/notes/d24_r32_lora_maxoom_2026-03-27_2007_s
2048_gc_best_s500_confirm_summary_1000_2026-03-27_2020.txt
[done] confirm eval finished for d24_r32_lora_maxoom_2026-03-27_2007_s2048_gc
[done] completed at s2048_gc
sun0115@DESKTOP-L4C74MD:~/nanochat-learn/nanochat$

[autopilot]
e(s)
wandb: Find logs at: ./wandb/run-20260328_053323-50wywf0f/logs
[W328 06:04:45.347347321 AllocatorConfig.cpp:28] Warning: PYTORCH_CUDA_ALLOC_CON
F is deprecated, use PYTORCH_ALLOC_CONF instead (function operator())
SpellingBee: 0/256 = 0.00% | Wilson95% [0.00%, 1.48%]
[done] confirmation eval complete
summary=/home/sun0115/nanochat-learn/notes/d24_r32_lora_maxoom_lr5e5_2026-03-28_
0107_s2048_gc_best_s500_confirm_summary_1000_2026-03-28_0120.txt
[done] confirm eval finished for d24_r32_lora_maxoom_lr5e5_2026-03-28_0107_s2048
_gc
[done] completed at s2048_gc
/home/sun0115/nanochat-learn/notes/d24_r32_lora_maxoom_lr5e5_2026-03-28_0107_s20
48_gc_best_s500_confirm_summary_1000_2026-03-28_0120.txt: Filename too long (os
error 36)
[2026-03-28 06:04:45] Could not parse follow-up summary metrics
[2026-03-28 06:04:45] Wrote decision note: /home/sun0115/nanochat-learn/notes/au
to_continue_r32_sft_ablation_2026-03-27_2059_decision.md
[2026-03-28 06:04:45] Autopilot finished. Final action=hold_recipe_change, best_
label=d24_r32_lora_maxoom_2026-03-27_2007, best_score=21.6000
sun0115@DESKTOP-L4C74MD:~/nanochat-learn/nanochat$

[gpu]
NVIDIA GeForce RTX 4070, 0 %, 0 MiB, 12282 MiB

=== 2026-03-28 07:05:09 ===
[chain]
f5qp3w
2026-03-28 00:36:15,236 - nanochat.checkpoint_manager - INFO - Loading model fro
m /home/sun0115/.cache/nanochat/chatsft_checkpoints/d24_r32_lora_maxoom_2026-03-
27_2007_s2048_gc/best with step 500
2026-03-28 00:36:16,102 - nanochat.checkpoint_manager - INFO - Building model wi
th config: {'sequence_len': 2048, 'vocab_size': 32768, 'n_layer': 24, 'n_head':
9, 'n_kv_head': 9, 'n_embd': 1152, 'window_pattern': 'L'}
Rank 0 | 0/256 (0.00%)
==================================================
Final: 0/256 (0.00%)
SpellingBee accuracy: 0.00%
wandb: updating run metadata
wandb: uploading config.yaml; uploading output.log; uploading wandb-summary.json
wandb: uploading history steps 0-1, summary, console lines 2-5
wandb:
wandb: Run history:
wandb:  eval/spellingbee_accuracy ▁
wandb: final/spellingbee_accuracy ▁
wandb:                 task_index ▁
wandb:
wandb: Run summary:
wandb:  eval/spellingbee_accuracy 0
wandb: final/spellingbee_accuracy 0
wandb:                 task_index 1
wandb:
wandb: 🚀 View run d24_r32_lora_maxoom_2026-03-27_2007_s2048_gc_confirm_s500_spe
llingbee at: https://wandb.ai/sunshines-gmail-com/nanochat-eval/runs/hhf5qp3w
wandb: ⭐️ View project at: https://wandb.ai/sunshines-gmail-com/nanochat-eval
wandb: Synced 5 W&B file(s), 0 media file(s), 0 artifact file(s) and 0 other fil
e(s)
wandb: Find logs at: ./wandb/run-20260328_003614-hhf5qp3w/logs
[W328 01:07:31.189425989 AllocatorConfig.cpp:28] Warning: PYTORCH_CUDA_ALLOC_CON
F is deprecated, use PYTORCH_ALLOC_CONF instead (function operator())
SpellingBee: 0/256 = 0.00% | Wilson95% [0.00%, 1.48%]
[done] confirmation eval complete
summary=/home/sun0115/nanochat-learn/notes/d24_r32_lora_maxoom_2026-03-27_2007_s
2048_gc_best_s500_confirm_summary_1000_2026-03-27_2020.txt
[done] confirm eval finished for d24_r32_lora_maxoom_2026-03-27_2007_s2048_gc
[done] completed at s2048_gc
sun0115@DESKTOP-L4C74MD:~/nanochat-learn/nanochat$

[autopilot]
e(s)
wandb: Find logs at: ./wandb/run-20260328_053323-50wywf0f/logs
[W328 06:04:45.347347321 AllocatorConfig.cpp:28] Warning: PYTORCH_CUDA_ALLOC_CON
F is deprecated, use PYTORCH_ALLOC_CONF instead (function operator())
SpellingBee: 0/256 = 0.00% | Wilson95% [0.00%, 1.48%]
[done] confirmation eval complete
summary=/home/sun0115/nanochat-learn/notes/d24_r32_lora_maxoom_lr5e5_2026-03-28_
0107_s2048_gc_best_s500_confirm_summary_1000_2026-03-28_0120.txt
[done] confirm eval finished for d24_r32_lora_maxoom_lr5e5_2026-03-28_0107_s2048
_gc
[done] completed at s2048_gc
/home/sun0115/nanochat-learn/notes/d24_r32_lora_maxoom_lr5e5_2026-03-28_0107_s20
48_gc_best_s500_confirm_summary_1000_2026-03-28_0120.txt: Filename too long (os
error 36)
[2026-03-28 06:04:45] Could not parse follow-up summary metrics
[2026-03-28 06:04:45] Wrote decision note: /home/sun0115/nanochat-learn/notes/au
to_continue_r32_sft_ablation_2026-03-27_2059_decision.md
[2026-03-28 06:04:45] Autopilot finished. Final action=hold_recipe_change, best_
label=d24_r32_lora_maxoom_2026-03-27_2007, best_score=21.6000
sun0115@DESKTOP-L4C74MD:~/nanochat-learn/nanochat$

[gpu]
NVIDIA GeForce RTX 4070, 0 %, 0 MiB, 12282 MiB

=== 2026-03-28 07:10:24 ===
[chain]
f5qp3w
2026-03-28 00:36:15,236 - nanochat.checkpoint_manager - INFO - Loading model fro
m /home/sun0115/.cache/nanochat/chatsft_checkpoints/d24_r32_lora_maxoom_2026-03-
27_2007_s2048_gc/best with step 500
2026-03-28 00:36:16,102 - nanochat.checkpoint_manager - INFO - Building model wi
th config: {'sequence_len': 2048, 'vocab_size': 32768, 'n_layer': 24, 'n_head':
9, 'n_kv_head': 9, 'n_embd': 1152, 'window_pattern': 'L'}
Rank 0 | 0/256 (0.00%)
==================================================
Final: 0/256 (0.00%)
SpellingBee accuracy: 0.00%
wandb: updating run metadata
wandb: uploading config.yaml; uploading output.log; uploading wandb-summary.json
wandb: uploading history steps 0-1, summary, console lines 2-5
wandb:
wandb: Run history:
wandb:  eval/spellingbee_accuracy ▁
wandb: final/spellingbee_accuracy ▁
wandb:                 task_index ▁
wandb:
wandb: Run summary:
wandb:  eval/spellingbee_accuracy 0
wandb: final/spellingbee_accuracy 0
wandb:                 task_index 1
wandb:
wandb: 🚀 View run d24_r32_lora_maxoom_2026-03-27_2007_s2048_gc_confirm_s500_spe
llingbee at: https://wandb.ai/sunshines-gmail-com/nanochat-eval/runs/hhf5qp3w
wandb: ⭐️ View project at: https://wandb.ai/sunshines-gmail-com/nanochat-eval
wandb: Synced 5 W&B file(s), 0 media file(s), 0 artifact file(s) and 0 other fil
e(s)
wandb: Find logs at: ./wandb/run-20260328_003614-hhf5qp3w/logs
[W328 01:07:31.189425989 AllocatorConfig.cpp:28] Warning: PYTORCH_CUDA_ALLOC_CON
F is deprecated, use PYTORCH_ALLOC_CONF instead (function operator())
SpellingBee: 0/256 = 0.00% | Wilson95% [0.00%, 1.48%]
[done] confirmation eval complete
summary=/home/sun0115/nanochat-learn/notes/d24_r32_lora_maxoom_2026-03-27_2007_s
2048_gc_best_s500_confirm_summary_1000_2026-03-27_2020.txt
[done] confirm eval finished for d24_r32_lora_maxoom_2026-03-27_2007_s2048_gc
[done] completed at s2048_gc
sun0115@DESKTOP-L4C74MD:~/nanochat-learn/nanochat$

[autopilot]
e(s)
wandb: Find logs at: ./wandb/run-20260328_053323-50wywf0f/logs
[W328 06:04:45.347347321 AllocatorConfig.cpp:28] Warning: PYTORCH_CUDA_ALLOC_CON
F is deprecated, use PYTORCH_ALLOC_CONF instead (function operator())
SpellingBee: 0/256 = 0.00% | Wilson95% [0.00%, 1.48%]
[done] confirmation eval complete
summary=/home/sun0115/nanochat-learn/notes/d24_r32_lora_maxoom_lr5e5_2026-03-28_
0107_s2048_gc_best_s500_confirm_summary_1000_2026-03-28_0120.txt
[done] confirm eval finished for d24_r32_lora_maxoom_lr5e5_2026-03-28_0107_s2048
_gc
[done] completed at s2048_gc
/home/sun0115/nanochat-learn/notes/d24_r32_lora_maxoom_lr5e5_2026-03-28_0107_s20
48_gc_best_s500_confirm_summary_1000_2026-03-28_0120.txt: Filename too long (os
error 36)
[2026-03-28 06:04:45] Could not parse follow-up summary metrics
[2026-03-28 06:04:45] Wrote decision note: /home/sun0115/nanochat-learn/notes/au
to_continue_r32_sft_ablation_2026-03-27_2059_decision.md
[2026-03-28 06:04:45] Autopilot finished. Final action=hold_recipe_change, best_
label=d24_r32_lora_maxoom_2026-03-27_2007, best_score=21.6000
sun0115@DESKTOP-L4C74MD:~/nanochat-learn/nanochat$

[gpu]
NVIDIA GeForce RTX 4070, 0 %, 0 MiB, 12282 MiB

=== 2026-03-28 07:15:40 ===
[chain]
f5qp3w
2026-03-28 00:36:15,236 - nanochat.checkpoint_manager - INFO - Loading model fro
m /home/sun0115/.cache/nanochat/chatsft_checkpoints/d24_r32_lora_maxoom_2026-03-
27_2007_s2048_gc/best with step 500
2026-03-28 00:36:16,102 - nanochat.checkpoint_manager - INFO - Building model wi
th config: {'sequence_len': 2048, 'vocab_size': 32768, 'n_layer': 24, 'n_head':
9, 'n_kv_head': 9, 'n_embd': 1152, 'window_pattern': 'L'}
Rank 0 | 0/256 (0.00%)
==================================================
Final: 0/256 (0.00%)
SpellingBee accuracy: 0.00%
wandb: updating run metadata
wandb: uploading config.yaml; uploading output.log; uploading wandb-summary.json
wandb: uploading history steps 0-1, summary, console lines 2-5
wandb:
wandb: Run history:
wandb:  eval/spellingbee_accuracy ▁
wandb: final/spellingbee_accuracy ▁
wandb:                 task_index ▁
wandb:
wandb: Run summary:
wandb:  eval/spellingbee_accuracy 0
wandb: final/spellingbee_accuracy 0
wandb:                 task_index 1
wandb:
wandb: 🚀 View run d24_r32_lora_maxoom_2026-03-27_2007_s2048_gc_confirm_s500_spe
llingbee at: https://wandb.ai/sunshines-gmail-com/nanochat-eval/runs/hhf5qp3w
wandb: ⭐️ View project at: https://wandb.ai/sunshines-gmail-com/nanochat-eval
wandb: Synced 5 W&B file(s), 0 media file(s), 0 artifact file(s) and 0 other fil
e(s)
wandb: Find logs at: ./wandb/run-20260328_003614-hhf5qp3w/logs
[W328 01:07:31.189425989 AllocatorConfig.cpp:28] Warning: PYTORCH_CUDA_ALLOC_CON
F is deprecated, use PYTORCH_ALLOC_CONF instead (function operator())
SpellingBee: 0/256 = 0.00% | Wilson95% [0.00%, 1.48%]
[done] confirmation eval complete
summary=/home/sun0115/nanochat-learn/notes/d24_r32_lora_maxoom_2026-03-27_2007_s
2048_gc_best_s500_confirm_summary_1000_2026-03-27_2020.txt
[done] confirm eval finished for d24_r32_lora_maxoom_2026-03-27_2007_s2048_gc
[done] completed at s2048_gc
sun0115@DESKTOP-L4C74MD:~/nanochat-learn/nanochat$

[autopilot]
e(s)
wandb: Find logs at: ./wandb/run-20260328_053323-50wywf0f/logs
[W328 06:04:45.347347321 AllocatorConfig.cpp:28] Warning: PYTORCH_CUDA_ALLOC_CON
F is deprecated, use PYTORCH_ALLOC_CONF instead (function operator())
SpellingBee: 0/256 = 0.00% | Wilson95% [0.00%, 1.48%]
[done] confirmation eval complete
summary=/home/sun0115/nanochat-learn/notes/d24_r32_lora_maxoom_lr5e5_2026-03-28_
0107_s2048_gc_best_s500_confirm_summary_1000_2026-03-28_0120.txt
[done] confirm eval finished for d24_r32_lora_maxoom_lr5e5_2026-03-28_0107_s2048
_gc
[done] completed at s2048_gc
/home/sun0115/nanochat-learn/notes/d24_r32_lora_maxoom_lr5e5_2026-03-28_0107_s20
48_gc_best_s500_confirm_summary_1000_2026-03-28_0120.txt: Filename too long (os
error 36)
[2026-03-28 06:04:45] Could not parse follow-up summary metrics
[2026-03-28 06:04:45] Wrote decision note: /home/sun0115/nanochat-learn/notes/au
to_continue_r32_sft_ablation_2026-03-27_2059_decision.md
[2026-03-28 06:04:45] Autopilot finished. Final action=hold_recipe_change, best_
label=d24_r32_lora_maxoom_2026-03-27_2007, best_score=21.6000
sun0115@DESKTOP-L4C74MD:~/nanochat-learn/nanochat$

[gpu]
NVIDIA GeForce RTX 4070, 0 %, 0 MiB, 12282 MiB

=== 2026-03-28 07:20:57 ===
[chain]
f5qp3w
2026-03-28 00:36:15,236 - nanochat.checkpoint_manager - INFO - Loading model fro
m /home/sun0115/.cache/nanochat/chatsft_checkpoints/d24_r32_lora_maxoom_2026-03-
27_2007_s2048_gc/best with step 500
2026-03-28 00:36:16,102 - nanochat.checkpoint_manager - INFO - Building model wi
th config: {'sequence_len': 2048, 'vocab_size': 32768, 'n_layer': 24, 'n_head':
9, 'n_kv_head': 9, 'n_embd': 1152, 'window_pattern': 'L'}
Rank 0 | 0/256 (0.00%)
==================================================
Final: 0/256 (0.00%)
SpellingBee accuracy: 0.00%
wandb: updating run metadata
wandb: uploading config.yaml; uploading output.log; uploading wandb-summary.json
wandb: uploading history steps 0-1, summary, console lines 2-5
wandb:
wandb: Run history:
wandb:  eval/spellingbee_accuracy ▁
wandb: final/spellingbee_accuracy ▁
wandb:                 task_index ▁
wandb:
wandb: Run summary:
wandb:  eval/spellingbee_accuracy 0
wandb: final/spellingbee_accuracy 0
wandb:                 task_index 1
wandb:
wandb: 🚀 View run d24_r32_lora_maxoom_2026-03-27_2007_s2048_gc_confirm_s500_spe
llingbee at: https://wandb.ai/sunshines-gmail-com/nanochat-eval/runs/hhf5qp3w
wandb: ⭐️ View project at: https://wandb.ai/sunshines-gmail-com/nanochat-eval
wandb: Synced 5 W&B file(s), 0 media file(s), 0 artifact file(s) and 0 other fil
e(s)
wandb: Find logs at: ./wandb/run-20260328_003614-hhf5qp3w/logs
[W328 01:07:31.189425989 AllocatorConfig.cpp:28] Warning: PYTORCH_CUDA_ALLOC_CON
F is deprecated, use PYTORCH_ALLOC_CONF instead (function operator())
SpellingBee: 0/256 = 0.00% | Wilson95% [0.00%, 1.48%]
[done] confirmation eval complete
summary=/home/sun0115/nanochat-learn/notes/d24_r32_lora_maxoom_2026-03-27_2007_s
2048_gc_best_s500_confirm_summary_1000_2026-03-27_2020.txt
[done] confirm eval finished for d24_r32_lora_maxoom_2026-03-27_2007_s2048_gc
[done] completed at s2048_gc
sun0115@DESKTOP-L4C74MD:~/nanochat-learn/nanochat$

[autopilot]
e(s)
wandb: Find logs at: ./wandb/run-20260328_053323-50wywf0f/logs
[W328 06:04:45.347347321 AllocatorConfig.cpp:28] Warning: PYTORCH_CUDA_ALLOC_CON
F is deprecated, use PYTORCH_ALLOC_CONF instead (function operator())
SpellingBee: 0/256 = 0.00% | Wilson95% [0.00%, 1.48%]
[done] confirmation eval complete
summary=/home/sun0115/nanochat-learn/notes/d24_r32_lora_maxoom_lr5e5_2026-03-28_
0107_s2048_gc_best_s500_confirm_summary_1000_2026-03-28_0120.txt
[done] confirm eval finished for d24_r32_lora_maxoom_lr5e5_2026-03-28_0107_s2048
_gc
[done] completed at s2048_gc
/home/sun0115/nanochat-learn/notes/d24_r32_lora_maxoom_lr5e5_2026-03-28_0107_s20
48_gc_best_s500_confirm_summary_1000_2026-03-28_0120.txt: Filename too long (os
error 36)
[2026-03-28 06:04:45] Could not parse follow-up summary metrics
[2026-03-28 06:04:45] Wrote decision note: /home/sun0115/nanochat-learn/notes/au
to_continue_r32_sft_ablation_2026-03-27_2059_decision.md
[2026-03-28 06:04:45] Autopilot finished. Final action=hold_recipe_change, best_
label=d24_r32_lora_maxoom_2026-03-27_2007, best_score=21.6000
sun0115@DESKTOP-L4C74MD:~/nanochat-learn/nanochat$

[gpu]
NVIDIA GeForce RTX 4070, 0 %, 0 MiB, 12282 MiB

=== 2026-03-28 07:26:06 ===
[chain]
f5qp3w
2026-03-28 00:36:15,236 - nanochat.checkpoint_manager - INFO - Loading model fro
m /home/sun0115/.cache/nanochat/chatsft_checkpoints/d24_r32_lora_maxoom_2026-03-
27_2007_s2048_gc/best with step 500
2026-03-28 00:36:16,102 - nanochat.checkpoint_manager - INFO - Building model wi
th config: {'sequence_len': 2048, 'vocab_size': 32768, 'n_layer': 24, 'n_head':
9, 'n_kv_head': 9, 'n_embd': 1152, 'window_pattern': 'L'}
Rank 0 | 0/256 (0.00%)
==================================================
Final: 0/256 (0.00%)
SpellingBee accuracy: 0.00%
wandb: updating run metadata
wandb: uploading config.yaml; uploading output.log; uploading wandb-summary.json
wandb: uploading history steps 0-1, summary, console lines 2-5
wandb:
wandb: Run history:
wandb:  eval/spellingbee_accuracy ▁
wandb: final/spellingbee_accuracy ▁
wandb:                 task_index ▁
wandb:
wandb: Run summary:
wandb:  eval/spellingbee_accuracy 0
wandb: final/spellingbee_accuracy 0
wandb:                 task_index 1
wandb:
wandb: 🚀 View run d24_r32_lora_maxoom_2026-03-27_2007_s2048_gc_confirm_s500_spe
llingbee at: https://wandb.ai/sunshines-gmail-com/nanochat-eval/runs/hhf5qp3w
wandb: ⭐️ View project at: https://wandb.ai/sunshines-gmail-com/nanochat-eval
wandb: Synced 5 W&B file(s), 0 media file(s), 0 artifact file(s) and 0 other fil
e(s)
wandb: Find logs at: ./wandb/run-20260328_003614-hhf5qp3w/logs
[W328 01:07:31.189425989 AllocatorConfig.cpp:28] Warning: PYTORCH_CUDA_ALLOC_CON
F is deprecated, use PYTORCH_ALLOC_CONF instead (function operator())
SpellingBee: 0/256 = 0.00% | Wilson95% [0.00%, 1.48%]
[done] confirmation eval complete
summary=/home/sun0115/nanochat-learn/notes/d24_r32_lora_maxoom_2026-03-27_2007_s
2048_gc_best_s500_confirm_summary_1000_2026-03-27_2020.txt
[done] confirm eval finished for d24_r32_lora_maxoom_2026-03-27_2007_s2048_gc
[done] completed at s2048_gc
sun0115@DESKTOP-L4C74MD:~/nanochat-learn/nanochat$

[autopilot]
e(s)
wandb: Find logs at: ./wandb/run-20260328_053323-50wywf0f/logs
[W328 06:04:45.347347321 AllocatorConfig.cpp:28] Warning: PYTORCH_CUDA_ALLOC_CON
F is deprecated, use PYTORCH_ALLOC_CONF instead (function operator())
SpellingBee: 0/256 = 0.00% | Wilson95% [0.00%, 1.48%]
[done] confirmation eval complete
summary=/home/sun0115/nanochat-learn/notes/d24_r32_lora_maxoom_lr5e5_2026-03-28_
0107_s2048_gc_best_s500_confirm_summary_1000_2026-03-28_0120.txt
[done] confirm eval finished for d24_r32_lora_maxoom_lr5e5_2026-03-28_0107_s2048
_gc
[done] completed at s2048_gc
/home/sun0115/nanochat-learn/notes/d24_r32_lora_maxoom_lr5e5_2026-03-28_0107_s20
48_gc_best_s500_confirm_summary_1000_2026-03-28_0120.txt: Filename too long (os
error 36)
[2026-03-28 06:04:45] Could not parse follow-up summary metrics
[2026-03-28 06:04:45] Wrote decision note: /home/sun0115/nanochat-learn/notes/au
to_continue_r32_sft_ablation_2026-03-27_2059_decision.md
[2026-03-28 06:04:45] Autopilot finished. Final action=hold_recipe_change, best_
label=d24_r32_lora_maxoom_2026-03-27_2007, best_score=21.6000
sun0115@DESKTOP-L4C74MD:~/nanochat-learn/nanochat$

[gpu]
NVIDIA GeForce RTX 4070, 0 %, 0 MiB, 12282 MiB

=== 2026-03-28 07:31:15 ===
[chain]
f5qp3w
2026-03-28 00:36:15,236 - nanochat.checkpoint_manager - INFO - Loading model fro
m /home/sun0115/.cache/nanochat/chatsft_checkpoints/d24_r32_lora_maxoom_2026-03-
27_2007_s2048_gc/best with step 500
2026-03-28 00:36:16,102 - nanochat.checkpoint_manager - INFO - Building model wi
th config: {'sequence_len': 2048, 'vocab_size': 32768, 'n_layer': 24, 'n_head':
9, 'n_kv_head': 9, 'n_embd': 1152, 'window_pattern': 'L'}
Rank 0 | 0/256 (0.00%)
==================================================
Final: 0/256 (0.00%)
SpellingBee accuracy: 0.00%
wandb: updating run metadata
wandb: uploading config.yaml; uploading output.log; uploading wandb-summary.json
wandb: uploading history steps 0-1, summary, console lines 2-5
wandb:
wandb: Run history:
wandb:  eval/spellingbee_accuracy ▁
wandb: final/spellingbee_accuracy ▁
wandb:                 task_index ▁
wandb:
wandb: Run summary:
wandb:  eval/spellingbee_accuracy 0
wandb: final/spellingbee_accuracy 0
wandb:                 task_index 1
wandb:
wandb: 🚀 View run d24_r32_lora_maxoom_2026-03-27_2007_s2048_gc_confirm_s500_spe
llingbee at: https://wandb.ai/sunshines-gmail-com/nanochat-eval/runs/hhf5qp3w
wandb: ⭐️ View project at: https://wandb.ai/sunshines-gmail-com/nanochat-eval
wandb: Synced 5 W&B file(s), 0 media file(s), 0 artifact file(s) and 0 other fil
e(s)
wandb: Find logs at: ./wandb/run-20260328_003614-hhf5qp3w/logs
[W328 01:07:31.189425989 AllocatorConfig.cpp:28] Warning: PYTORCH_CUDA_ALLOC_CON
F is deprecated, use PYTORCH_ALLOC_CONF instead (function operator())
SpellingBee: 0/256 = 0.00% | Wilson95% [0.00%, 1.48%]
[done] confirmation eval complete
summary=/home/sun0115/nanochat-learn/notes/d24_r32_lora_maxoom_2026-03-27_2007_s
2048_gc_best_s500_confirm_summary_1000_2026-03-27_2020.txt
[done] confirm eval finished for d24_r32_lora_maxoom_2026-03-27_2007_s2048_gc
[done] completed at s2048_gc
sun0115@DESKTOP-L4C74MD:~/nanochat-learn/nanochat$

[autopilot]
e(s)
wandb: Find logs at: ./wandb/run-20260328_053323-50wywf0f/logs
[W328 06:04:45.347347321 AllocatorConfig.cpp:28] Warning: PYTORCH_CUDA_ALLOC_CON
F is deprecated, use PYTORCH_ALLOC_CONF instead (function operator())
SpellingBee: 0/256 = 0.00% | Wilson95% [0.00%, 1.48%]
[done] confirmation eval complete
summary=/home/sun0115/nanochat-learn/notes/d24_r32_lora_maxoom_lr5e5_2026-03-28_
0107_s2048_gc_best_s500_confirm_summary_1000_2026-03-28_0120.txt
[done] confirm eval finished for d24_r32_lora_maxoom_lr5e5_2026-03-28_0107_s2048
_gc
[done] completed at s2048_gc
/home/sun0115/nanochat-learn/notes/d24_r32_lora_maxoom_lr5e5_2026-03-28_0107_s20
48_gc_best_s500_confirm_summary_1000_2026-03-28_0120.txt: Filename too long (os
error 36)
[2026-03-28 06:04:45] Could not parse follow-up summary metrics
[2026-03-28 06:04:45] Wrote decision note: /home/sun0115/nanochat-learn/notes/au
to_continue_r32_sft_ablation_2026-03-27_2059_decision.md
[2026-03-28 06:04:45] Autopilot finished. Final action=hold_recipe_change, best_
label=d24_r32_lora_maxoom_2026-03-27_2007, best_score=21.6000
sun0115@DESKTOP-L4C74MD:~/nanochat-learn/nanochat$

[gpu]
NVIDIA GeForce RTX 4070, 0 %, 0 MiB, 12282 MiB

=== 2026-03-28 07:36:28 ===
[chain]
f5qp3w
2026-03-28 00:36:15,236 - nanochat.checkpoint_manager - INFO - Loading model fro
m /home/sun0115/.cache/nanochat/chatsft_checkpoints/d24_r32_lora_maxoom_2026-03-
27_2007_s2048_gc/best with step 500
2026-03-28 00:36:16,102 - nanochat.checkpoint_manager - INFO - Building model wi
th config: {'sequence_len': 2048, 'vocab_size': 32768, 'n_layer': 24, 'n_head':
9, 'n_kv_head': 9, 'n_embd': 1152, 'window_pattern': 'L'}
Rank 0 | 0/256 (0.00%)
==================================================
Final: 0/256 (0.00%)
SpellingBee accuracy: 0.00%
wandb: updating run metadata
wandb: uploading config.yaml; uploading output.log; uploading wandb-summary.json
wandb: uploading history steps 0-1, summary, console lines 2-5
wandb:
wandb: Run history:
wandb:  eval/spellingbee_accuracy ▁
wandb: final/spellingbee_accuracy ▁
wandb:                 task_index ▁
wandb:
wandb: Run summary:
wandb:  eval/spellingbee_accuracy 0
wandb: final/spellingbee_accuracy 0
wandb:                 task_index 1
wandb:
wandb: 🚀 View run d24_r32_lora_maxoom_2026-03-27_2007_s2048_gc_confirm_s500_spe
llingbee at: https://wandb.ai/sunshines-gmail-com/nanochat-eval/runs/hhf5qp3w
wandb: ⭐️ View project at: https://wandb.ai/sunshines-gmail-com/nanochat-eval
wandb: Synced 5 W&B file(s), 0 media file(s), 0 artifact file(s) and 0 other fil
e(s)
wandb: Find logs at: ./wandb/run-20260328_003614-hhf5qp3w/logs
[W328 01:07:31.189425989 AllocatorConfig.cpp:28] Warning: PYTORCH_CUDA_ALLOC_CON
F is deprecated, use PYTORCH_ALLOC_CONF instead (function operator())
SpellingBee: 0/256 = 0.00% | Wilson95% [0.00%, 1.48%]
[done] confirmation eval complete
summary=/home/sun0115/nanochat-learn/notes/d24_r32_lora_maxoom_2026-03-27_2007_s
2048_gc_best_s500_confirm_summary_1000_2026-03-27_2020.txt
[done] confirm eval finished for d24_r32_lora_maxoom_2026-03-27_2007_s2048_gc
[done] completed at s2048_gc
sun0115@DESKTOP-L4C74MD:~/nanochat-learn/nanochat$

[autopilot]
e(s)
wandb: Find logs at: ./wandb/run-20260328_053323-50wywf0f/logs
[W328 06:04:45.347347321 AllocatorConfig.cpp:28] Warning: PYTORCH_CUDA_ALLOC_CON
F is deprecated, use PYTORCH_ALLOC_CONF instead (function operator())
SpellingBee: 0/256 = 0.00% | Wilson95% [0.00%, 1.48%]
[done] confirmation eval complete
summary=/home/sun0115/nanochat-learn/notes/d24_r32_lora_maxoom_lr5e5_2026-03-28_
0107_s2048_gc_best_s500_confirm_summary_1000_2026-03-28_0120.txt
[done] confirm eval finished for d24_r32_lora_maxoom_lr5e5_2026-03-28_0107_s2048
_gc
[done] completed at s2048_gc
/home/sun0115/nanochat-learn/notes/d24_r32_lora_maxoom_lr5e5_2026-03-28_0107_s20
48_gc_best_s500_confirm_summary_1000_2026-03-28_0120.txt: Filename too long (os
error 36)
[2026-03-28 06:04:45] Could not parse follow-up summary metrics
[2026-03-28 06:04:45] Wrote decision note: /home/sun0115/nanochat-learn/notes/au
to_continue_r32_sft_ablation_2026-03-27_2059_decision.md
[2026-03-28 06:04:45] Autopilot finished. Final action=hold_recipe_change, best_
label=d24_r32_lora_maxoom_2026-03-27_2007, best_score=21.6000
sun0115@DESKTOP-L4C74MD:~/nanochat-learn/nanochat$

[gpu]
NVIDIA GeForce RTX 4070, 0 %, 0 MiB, 12282 MiB

=== 2026-03-28 07:41:40 ===
[chain]
f5qp3w
2026-03-28 00:36:15,236 - nanochat.checkpoint_manager - INFO - Loading model fro
m /home/sun0115/.cache/nanochat/chatsft_checkpoints/d24_r32_lora_maxoom_2026-03-
27_2007_s2048_gc/best with step 500
2026-03-28 00:36:16,102 - nanochat.checkpoint_manager - INFO - Building model wi
th config: {'sequence_len': 2048, 'vocab_size': 32768, 'n_layer': 24, 'n_head':
9, 'n_kv_head': 9, 'n_embd': 1152, 'window_pattern': 'L'}
Rank 0 | 0/256 (0.00%)
==================================================
Final: 0/256 (0.00%)
SpellingBee accuracy: 0.00%
wandb: updating run metadata
wandb: uploading config.yaml; uploading output.log; uploading wandb-summary.json
wandb: uploading history steps 0-1, summary, console lines 2-5
wandb:
wandb: Run history:
wandb:  eval/spellingbee_accuracy ▁
wandb: final/spellingbee_accuracy ▁
wandb:                 task_index ▁
wandb:
wandb: Run summary:
wandb:  eval/spellingbee_accuracy 0
wandb: final/spellingbee_accuracy 0
wandb:                 task_index 1
wandb:
wandb: 🚀 View run d24_r32_lora_maxoom_2026-03-27_2007_s2048_gc_confirm_s500_spe
llingbee at: https://wandb.ai/sunshines-gmail-com/nanochat-eval/runs/hhf5qp3w
wandb: ⭐️ View project at: https://wandb.ai/sunshines-gmail-com/nanochat-eval
wandb: Synced 5 W&B file(s), 0 media file(s), 0 artifact file(s) and 0 other fil
e(s)
wandb: Find logs at: ./wandb/run-20260328_003614-hhf5qp3w/logs
[W328 01:07:31.189425989 AllocatorConfig.cpp:28] Warning: PYTORCH_CUDA_ALLOC_CON
F is deprecated, use PYTORCH_ALLOC_CONF instead (function operator())
SpellingBee: 0/256 = 0.00% | Wilson95% [0.00%, 1.48%]
[done] confirmation eval complete
summary=/home/sun0115/nanochat-learn/notes/d24_r32_lora_maxoom_2026-03-27_2007_s
2048_gc_best_s500_confirm_summary_1000_2026-03-27_2020.txt
[done] confirm eval finished for d24_r32_lora_maxoom_2026-03-27_2007_s2048_gc
[done] completed at s2048_gc
sun0115@DESKTOP-L4C74MD:~/nanochat-learn/nanochat$

[autopilot]
e(s)
wandb: Find logs at: ./wandb/run-20260328_053323-50wywf0f/logs
[W328 06:04:45.347347321 AllocatorConfig.cpp:28] Warning: PYTORCH_CUDA_ALLOC_CON
F is deprecated, use PYTORCH_ALLOC_CONF instead (function operator())
SpellingBee: 0/256 = 0.00% | Wilson95% [0.00%, 1.48%]
[done] confirmation eval complete
summary=/home/sun0115/nanochat-learn/notes/d24_r32_lora_maxoom_lr5e5_2026-03-28_
0107_s2048_gc_best_s500_confirm_summary_1000_2026-03-28_0120.txt
[done] confirm eval finished for d24_r32_lora_maxoom_lr5e5_2026-03-28_0107_s2048
_gc
[done] completed at s2048_gc
/home/sun0115/nanochat-learn/notes/d24_r32_lora_maxoom_lr5e5_2026-03-28_0107_s20
48_gc_best_s500_confirm_summary_1000_2026-03-28_0120.txt: Filename too long (os
error 36)
[2026-03-28 06:04:45] Could not parse follow-up summary metrics
[2026-03-28 06:04:45] Wrote decision note: /home/sun0115/nanochat-learn/notes/au
to_continue_r32_sft_ablation_2026-03-27_2059_decision.md
[2026-03-28 06:04:45] Autopilot finished. Final action=hold_recipe_change, best_
label=d24_r32_lora_maxoom_2026-03-27_2007, best_score=21.6000
sun0115@DESKTOP-L4C74MD:~/nanochat-learn/nanochat$

[gpu]
NVIDIA GeForce RTX 4070, 0 %, 0 MiB, 12282 MiB

=== 2026-03-28 07:46:56 ===
[chain]
f5qp3w
2026-03-28 00:36:15,236 - nanochat.checkpoint_manager - INFO - Loading model fro
m /home/sun0115/.cache/nanochat/chatsft_checkpoints/d24_r32_lora_maxoom_2026-03-
27_2007_s2048_gc/best with step 500
2026-03-28 00:36:16,102 - nanochat.checkpoint_manager - INFO - Building model wi
th config: {'sequence_len': 2048, 'vocab_size': 32768, 'n_layer': 24, 'n_head':
9, 'n_kv_head': 9, 'n_embd': 1152, 'window_pattern': 'L'}
Rank 0 | 0/256 (0.00%)
==================================================
Final: 0/256 (0.00%)
SpellingBee accuracy: 0.00%
wandb: updating run metadata
wandb: uploading config.yaml; uploading output.log; uploading wandb-summary.json
wandb: uploading history steps 0-1, summary, console lines 2-5
wandb:
wandb: Run history:
wandb:  eval/spellingbee_accuracy ▁
wandb: final/spellingbee_accuracy ▁
wandb:                 task_index ▁
wandb:
wandb: Run summary:
wandb:  eval/spellingbee_accuracy 0
wandb: final/spellingbee_accuracy 0
wandb:                 task_index 1
wandb:
wandb: 🚀 View run d24_r32_lora_maxoom_2026-03-27_2007_s2048_gc_confirm_s500_spe
llingbee at: https://wandb.ai/sunshines-gmail-com/nanochat-eval/runs/hhf5qp3w
wandb: ⭐️ View project at: https://wandb.ai/sunshines-gmail-com/nanochat-eval
wandb: Synced 5 W&B file(s), 0 media file(s), 0 artifact file(s) and 0 other fil
e(s)
wandb: Find logs at: ./wandb/run-20260328_003614-hhf5qp3w/logs
[W328 01:07:31.189425989 AllocatorConfig.cpp:28] Warning: PYTORCH_CUDA_ALLOC_CON
F is deprecated, use PYTORCH_ALLOC_CONF instead (function operator())
SpellingBee: 0/256 = 0.00% | Wilson95% [0.00%, 1.48%]
[done] confirmation eval complete
summary=/home/sun0115/nanochat-learn/notes/d24_r32_lora_maxoom_2026-03-27_2007_s
2048_gc_best_s500_confirm_summary_1000_2026-03-27_2020.txt
[done] confirm eval finished for d24_r32_lora_maxoom_2026-03-27_2007_s2048_gc
[done] completed at s2048_gc
sun0115@DESKTOP-L4C74MD:~/nanochat-learn/nanochat$

[autopilot]
e(s)
wandb: Find logs at: ./wandb/run-20260328_053323-50wywf0f/logs
[W328 06:04:45.347347321 AllocatorConfig.cpp:28] Warning: PYTORCH_CUDA_ALLOC_CON
F is deprecated, use PYTORCH_ALLOC_CONF instead (function operator())
SpellingBee: 0/256 = 0.00% | Wilson95% [0.00%, 1.48%]
[done] confirmation eval complete
summary=/home/sun0115/nanochat-learn/notes/d24_r32_lora_maxoom_lr5e5_2026-03-28_
0107_s2048_gc_best_s500_confirm_summary_1000_2026-03-28_0120.txt
[done] confirm eval finished for d24_r32_lora_maxoom_lr5e5_2026-03-28_0107_s2048
_gc
[done] completed at s2048_gc
/home/sun0115/nanochat-learn/notes/d24_r32_lora_maxoom_lr5e5_2026-03-28_0107_s20
48_gc_best_s500_confirm_summary_1000_2026-03-28_0120.txt: Filename too long (os
error 36)
[2026-03-28 06:04:45] Could not parse follow-up summary metrics
[2026-03-28 06:04:45] Wrote decision note: /home/sun0115/nanochat-learn/notes/au
to_continue_r32_sft_ablation_2026-03-27_2059_decision.md
[2026-03-28 06:04:45] Autopilot finished. Final action=hold_recipe_change, best_
label=d24_r32_lora_maxoom_2026-03-27_2007, best_score=21.6000
sun0115@DESKTOP-L4C74MD:~/nanochat-learn/nanochat$

[gpu]
NVIDIA GeForce RTX 4070, 0 %, 0 MiB, 12282 MiB

=== 2026-03-28 07:52:12 ===
[chain]
f5qp3w
2026-03-28 00:36:15,236 - nanochat.checkpoint_manager - INFO - Loading model fro
m /home/sun0115/.cache/nanochat/chatsft_checkpoints/d24_r32_lora_maxoom_2026-03-
27_2007_s2048_gc/best with step 500
2026-03-28 00:36:16,102 - nanochat.checkpoint_manager - INFO - Building model wi
th config: {'sequence_len': 2048, 'vocab_size': 32768, 'n_layer': 24, 'n_head':
9, 'n_kv_head': 9, 'n_embd': 1152, 'window_pattern': 'L'}
Rank 0 | 0/256 (0.00%)
==================================================
Final: 0/256 (0.00%)
SpellingBee accuracy: 0.00%
wandb: updating run metadata
wandb: uploading config.yaml; uploading output.log; uploading wandb-summary.json
wandb: uploading history steps 0-1, summary, console lines 2-5
wandb:
wandb: Run history:
wandb:  eval/spellingbee_accuracy ▁
wandb: final/spellingbee_accuracy ▁
wandb:                 task_index ▁
wandb:
wandb: Run summary:
wandb:  eval/spellingbee_accuracy 0
wandb: final/spellingbee_accuracy 0
wandb:                 task_index 1
wandb:
wandb: 🚀 View run d24_r32_lora_maxoom_2026-03-27_2007_s2048_gc_confirm_s500_spe
llingbee at: https://wandb.ai/sunshines-gmail-com/nanochat-eval/runs/hhf5qp3w
wandb: ⭐️ View project at: https://wandb.ai/sunshines-gmail-com/nanochat-eval
wandb: Synced 5 W&B file(s), 0 media file(s), 0 artifact file(s) and 0 other fil
e(s)
wandb: Find logs at: ./wandb/run-20260328_003614-hhf5qp3w/logs
[W328 01:07:31.189425989 AllocatorConfig.cpp:28] Warning: PYTORCH_CUDA_ALLOC_CON
F is deprecated, use PYTORCH_ALLOC_CONF instead (function operator())
SpellingBee: 0/256 = 0.00% | Wilson95% [0.00%, 1.48%]
[done] confirmation eval complete
summary=/home/sun0115/nanochat-learn/notes/d24_r32_lora_maxoom_2026-03-27_2007_s
2048_gc_best_s500_confirm_summary_1000_2026-03-27_2020.txt
[done] confirm eval finished for d24_r32_lora_maxoom_2026-03-27_2007_s2048_gc
[done] completed at s2048_gc
sun0115@DESKTOP-L4C74MD:~/nanochat-learn/nanochat$

[autopilot]
e(s)
wandb: Find logs at: ./wandb/run-20260328_053323-50wywf0f/logs
[W328 06:04:45.347347321 AllocatorConfig.cpp:28] Warning: PYTORCH_CUDA_ALLOC_CON
F is deprecated, use PYTORCH_ALLOC_CONF instead (function operator())
SpellingBee: 0/256 = 0.00% | Wilson95% [0.00%, 1.48%]
[done] confirmation eval complete
summary=/home/sun0115/nanochat-learn/notes/d24_r32_lora_maxoom_lr5e5_2026-03-28_
0107_s2048_gc_best_s500_confirm_summary_1000_2026-03-28_0120.txt
[done] confirm eval finished for d24_r32_lora_maxoom_lr5e5_2026-03-28_0107_s2048
_gc
[done] completed at s2048_gc
/home/sun0115/nanochat-learn/notes/d24_r32_lora_maxoom_lr5e5_2026-03-28_0107_s20
48_gc_best_s500_confirm_summary_1000_2026-03-28_0120.txt: Filename too long (os
error 36)
[2026-03-28 06:04:45] Could not parse follow-up summary metrics
[2026-03-28 06:04:45] Wrote decision note: /home/sun0115/nanochat-learn/notes/au
to_continue_r32_sft_ablation_2026-03-27_2059_decision.md
[2026-03-28 06:04:45] Autopilot finished. Final action=hold_recipe_change, best_
label=d24_r32_lora_maxoom_2026-03-27_2007, best_score=21.6000
sun0115@DESKTOP-L4C74MD:~/nanochat-learn/nanochat$

[gpu]
NVIDIA GeForce RTX 4070, 0 %, 0 MiB, 12282 MiB

=== 2026-03-28 07:57:22 ===
[chain]
f5qp3w
2026-03-28 00:36:15,236 - nanochat.checkpoint_manager - INFO - Loading model fro
m /home/sun0115/.cache/nanochat/chatsft_checkpoints/d24_r32_lora_maxoom_2026-03-
27_2007_s2048_gc/best with step 500
2026-03-28 00:36:16,102 - nanochat.checkpoint_manager - INFO - Building model wi
th config: {'sequence_len': 2048, 'vocab_size': 32768, 'n_layer': 24, 'n_head':
9, 'n_kv_head': 9, 'n_embd': 1152, 'window_pattern': 'L'}
Rank 0 | 0/256 (0.00%)
==================================================
Final: 0/256 (0.00%)
SpellingBee accuracy: 0.00%
wandb: updating run metadata
wandb: uploading config.yaml; uploading output.log; uploading wandb-summary.json
wandb: uploading history steps 0-1, summary, console lines 2-5
wandb:
wandb: Run history:
wandb:  eval/spellingbee_accuracy ▁
wandb: final/spellingbee_accuracy ▁
wandb:                 task_index ▁
wandb:
wandb: Run summary:
wandb:  eval/spellingbee_accuracy 0
wandb: final/spellingbee_accuracy 0
wandb:                 task_index 1
wandb:
wandb: 🚀 View run d24_r32_lora_maxoom_2026-03-27_2007_s2048_gc_confirm_s500_spe
llingbee at: https://wandb.ai/sunshines-gmail-com/nanochat-eval/runs/hhf5qp3w
wandb: ⭐️ View project at: https://wandb.ai/sunshines-gmail-com/nanochat-eval
wandb: Synced 5 W&B file(s), 0 media file(s), 0 artifact file(s) and 0 other fil
e(s)
wandb: Find logs at: ./wandb/run-20260328_003614-hhf5qp3w/logs
[W328 01:07:31.189425989 AllocatorConfig.cpp:28] Warning: PYTORCH_CUDA_ALLOC_CON
F is deprecated, use PYTORCH_ALLOC_CONF instead (function operator())
SpellingBee: 0/256 = 0.00% | Wilson95% [0.00%, 1.48%]
[done] confirmation eval complete
summary=/home/sun0115/nanochat-learn/notes/d24_r32_lora_maxoom_2026-03-27_2007_s
2048_gc_best_s500_confirm_summary_1000_2026-03-27_2020.txt
[done] confirm eval finished for d24_r32_lora_maxoom_2026-03-27_2007_s2048_gc
[done] completed at s2048_gc
sun0115@DESKTOP-L4C74MD:~/nanochat-learn/nanochat$

[autopilot]
e(s)
wandb: Find logs at: ./wandb/run-20260328_053323-50wywf0f/logs
[W328 06:04:45.347347321 AllocatorConfig.cpp:28] Warning: PYTORCH_CUDA_ALLOC_CON
F is deprecated, use PYTORCH_ALLOC_CONF instead (function operator())
SpellingBee: 0/256 = 0.00% | Wilson95% [0.00%, 1.48%]
[done] confirmation eval complete
summary=/home/sun0115/nanochat-learn/notes/d24_r32_lora_maxoom_lr5e5_2026-03-28_
0107_s2048_gc_best_s500_confirm_summary_1000_2026-03-28_0120.txt
[done] confirm eval finished for d24_r32_lora_maxoom_lr5e5_2026-03-28_0107_s2048
_gc
[done] completed at s2048_gc
/home/sun0115/nanochat-learn/notes/d24_r32_lora_maxoom_lr5e5_2026-03-28_0107_s20
48_gc_best_s500_confirm_summary_1000_2026-03-28_0120.txt: Filename too long (os
error 36)
[2026-03-28 06:04:45] Could not parse follow-up summary metrics
[2026-03-28 06:04:45] Wrote decision note: /home/sun0115/nanochat-learn/notes/au
to_continue_r32_sft_ablation_2026-03-27_2059_decision.md
[2026-03-28 06:04:45] Autopilot finished. Final action=hold_recipe_change, best_
label=d24_r32_lora_maxoom_2026-03-27_2007, best_score=21.6000
sun0115@DESKTOP-L4C74MD:~/nanochat-learn/nanochat$

[gpu]
NVIDIA GeForce RTX 4070, 0 %, 0 MiB, 12282 MiB

=== 2026-03-28 08:02:32 ===
[chain]
f5qp3w
2026-03-28 00:36:15,236 - nanochat.checkpoint_manager - INFO - Loading model fro
m /home/sun0115/.cache/nanochat/chatsft_checkpoints/d24_r32_lora_maxoom_2026-03-
27_2007_s2048_gc/best with step 500
2026-03-28 00:36:16,102 - nanochat.checkpoint_manager - INFO - Building model wi
th config: {'sequence_len': 2048, 'vocab_size': 32768, 'n_layer': 24, 'n_head':
9, 'n_kv_head': 9, 'n_embd': 1152, 'window_pattern': 'L'}
Rank 0 | 0/256 (0.00%)
==================================================
Final: 0/256 (0.00%)
SpellingBee accuracy: 0.00%
wandb: updating run metadata
wandb: uploading config.yaml; uploading output.log; uploading wandb-summary.json
wandb: uploading history steps 0-1, summary, console lines 2-5
wandb:
wandb: Run history:
wandb:  eval/spellingbee_accuracy ▁
wandb: final/spellingbee_accuracy ▁
wandb:                 task_index ▁
wandb:
wandb: Run summary:
wandb:  eval/spellingbee_accuracy 0
wandb: final/spellingbee_accuracy 0
wandb:                 task_index 1
wandb:
wandb: 🚀 View run d24_r32_lora_maxoom_2026-03-27_2007_s2048_gc_confirm_s500_spe
llingbee at: https://wandb.ai/sunshines-gmail-com/nanochat-eval/runs/hhf5qp3w
wandb: ⭐️ View project at: https://wandb.ai/sunshines-gmail-com/nanochat-eval
wandb: Synced 5 W&B file(s), 0 media file(s), 0 artifact file(s) and 0 other fil
e(s)
wandb: Find logs at: ./wandb/run-20260328_003614-hhf5qp3w/logs
[W328 01:07:31.189425989 AllocatorConfig.cpp:28] Warning: PYTORCH_CUDA_ALLOC_CON
F is deprecated, use PYTORCH_ALLOC_CONF instead (function operator())
SpellingBee: 0/256 = 0.00% | Wilson95% [0.00%, 1.48%]
[done] confirmation eval complete
summary=/home/sun0115/nanochat-learn/notes/d24_r32_lora_maxoom_2026-03-27_2007_s
2048_gc_best_s500_confirm_summary_1000_2026-03-27_2020.txt
[done] confirm eval finished for d24_r32_lora_maxoom_2026-03-27_2007_s2048_gc
[done] completed at s2048_gc
sun0115@DESKTOP-L4C74MD:~/nanochat-learn/nanochat$

[autopilot]
e(s)
wandb: Find logs at: ./wandb/run-20260328_053323-50wywf0f/logs
[W328 06:04:45.347347321 AllocatorConfig.cpp:28] Warning: PYTORCH_CUDA_ALLOC_CON
F is deprecated, use PYTORCH_ALLOC_CONF instead (function operator())
SpellingBee: 0/256 = 0.00% | Wilson95% [0.00%, 1.48%]
[done] confirmation eval complete
summary=/home/sun0115/nanochat-learn/notes/d24_r32_lora_maxoom_lr5e5_2026-03-28_
0107_s2048_gc_best_s500_confirm_summary_1000_2026-03-28_0120.txt
[done] confirm eval finished for d24_r32_lora_maxoom_lr5e5_2026-03-28_0107_s2048
_gc
[done] completed at s2048_gc
/home/sun0115/nanochat-learn/notes/d24_r32_lora_maxoom_lr5e5_2026-03-28_0107_s20
48_gc_best_s500_confirm_summary_1000_2026-03-28_0120.txt: Filename too long (os
error 36)
[2026-03-28 06:04:45] Could not parse follow-up summary metrics
[2026-03-28 06:04:45] Wrote decision note: /home/sun0115/nanochat-learn/notes/au
to_continue_r32_sft_ablation_2026-03-27_2059_decision.md
[2026-03-28 06:04:45] Autopilot finished. Final action=hold_recipe_change, best_
label=d24_r32_lora_maxoom_2026-03-27_2007, best_score=21.6000
sun0115@DESKTOP-L4C74MD:~/nanochat-learn/nanochat$

[gpu]
NVIDIA GeForce RTX 4070, 0 %, 0 MiB, 12282 MiB

=== 2026-03-28 08:07:46 ===
[chain]
f5qp3w
2026-03-28 00:36:15,236 - nanochat.checkpoint_manager - INFO - Loading model fro
m /home/sun0115/.cache/nanochat/chatsft_checkpoints/d24_r32_lora_maxoom_2026-03-
27_2007_s2048_gc/best with step 500
2026-03-28 00:36:16,102 - nanochat.checkpoint_manager - INFO - Building model wi
th config: {'sequence_len': 2048, 'vocab_size': 32768, 'n_layer': 24, 'n_head':
9, 'n_kv_head': 9, 'n_embd': 1152, 'window_pattern': 'L'}
Rank 0 | 0/256 (0.00%)
==================================================
Final: 0/256 (0.00%)
SpellingBee accuracy: 0.00%
wandb: updating run metadata
wandb: uploading config.yaml; uploading output.log; uploading wandb-summary.json
wandb: uploading history steps 0-1, summary, console lines 2-5
wandb:
wandb: Run history:
wandb:  eval/spellingbee_accuracy ▁
wandb: final/spellingbee_accuracy ▁
wandb:                 task_index ▁
wandb:
wandb: Run summary:
wandb:  eval/spellingbee_accuracy 0
wandb: final/spellingbee_accuracy 0
wandb:                 task_index 1
wandb:
wandb: 🚀 View run d24_r32_lora_maxoom_2026-03-27_2007_s2048_gc_confirm_s500_spe
llingbee at: https://wandb.ai/sunshines-gmail-com/nanochat-eval/runs/hhf5qp3w
wandb: ⭐️ View project at: https://wandb.ai/sunshines-gmail-com/nanochat-eval
wandb: Synced 5 W&B file(s), 0 media file(s), 0 artifact file(s) and 0 other fil
e(s)
wandb: Find logs at: ./wandb/run-20260328_003614-hhf5qp3w/logs
[W328 01:07:31.189425989 AllocatorConfig.cpp:28] Warning: PYTORCH_CUDA_ALLOC_CON
F is deprecated, use PYTORCH_ALLOC_CONF instead (function operator())
SpellingBee: 0/256 = 0.00% | Wilson95% [0.00%, 1.48%]
[done] confirmation eval complete
summary=/home/sun0115/nanochat-learn/notes/d24_r32_lora_maxoom_2026-03-27_2007_s
2048_gc_best_s500_confirm_summary_1000_2026-03-27_2020.txt
[done] confirm eval finished for d24_r32_lora_maxoom_2026-03-27_2007_s2048_gc
[done] completed at s2048_gc
sun0115@DESKTOP-L4C74MD:~/nanochat-learn/nanochat$

[autopilot]
e(s)
wandb: Find logs at: ./wandb/run-20260328_053323-50wywf0f/logs
[W328 06:04:45.347347321 AllocatorConfig.cpp:28] Warning: PYTORCH_CUDA_ALLOC_CON
F is deprecated, use PYTORCH_ALLOC_CONF instead (function operator())
SpellingBee: 0/256 = 0.00% | Wilson95% [0.00%, 1.48%]
[done] confirmation eval complete
summary=/home/sun0115/nanochat-learn/notes/d24_r32_lora_maxoom_lr5e5_2026-03-28_
0107_s2048_gc_best_s500_confirm_summary_1000_2026-03-28_0120.txt
[done] confirm eval finished for d24_r32_lora_maxoom_lr5e5_2026-03-28_0107_s2048
_gc
[done] completed at s2048_gc
/home/sun0115/nanochat-learn/notes/d24_r32_lora_maxoom_lr5e5_2026-03-28_0107_s20
48_gc_best_s500_confirm_summary_1000_2026-03-28_0120.txt: Filename too long (os
error 36)
[2026-03-28 06:04:45] Could not parse follow-up summary metrics
[2026-03-28 06:04:45] Wrote decision note: /home/sun0115/nanochat-learn/notes/au
to_continue_r32_sft_ablation_2026-03-27_2059_decision.md
[2026-03-28 06:04:45] Autopilot finished. Final action=hold_recipe_change, best_
label=d24_r32_lora_maxoom_2026-03-27_2007, best_score=21.6000
sun0115@DESKTOP-L4C74MD:~/nanochat-learn/nanochat$

[gpu]
NVIDIA GeForce RTX 4070, 0 %, 0 MiB, 12282 MiB

=== 2026-03-28 08:12:58 ===
[chain]
f5qp3w
2026-03-28 00:36:15,236 - nanochat.checkpoint_manager - INFO - Loading model fro
m /home/sun0115/.cache/nanochat/chatsft_checkpoints/d24_r32_lora_maxoom_2026-03-
27_2007_s2048_gc/best with step 500
2026-03-28 00:36:16,102 - nanochat.checkpoint_manager - INFO - Building model wi
th config: {'sequence_len': 2048, 'vocab_size': 32768, 'n_layer': 24, 'n_head':
9, 'n_kv_head': 9, 'n_embd': 1152, 'window_pattern': 'L'}
Rank 0 | 0/256 (0.00%)
==================================================
Final: 0/256 (0.00%)
SpellingBee accuracy: 0.00%
wandb: updating run metadata
wandb: uploading config.yaml; uploading output.log; uploading wandb-summary.json
wandb: uploading history steps 0-1, summary, console lines 2-5
wandb:
wandb: Run history:
wandb:  eval/spellingbee_accuracy ▁
wandb: final/spellingbee_accuracy ▁
wandb:                 task_index ▁
wandb:
wandb: Run summary:
wandb:  eval/spellingbee_accuracy 0
wandb: final/spellingbee_accuracy 0
wandb:                 task_index 1
wandb:
wandb: 🚀 View run d24_r32_lora_maxoom_2026-03-27_2007_s2048_gc_confirm_s500_spe
llingbee at: https://wandb.ai/sunshines-gmail-com/nanochat-eval/runs/hhf5qp3w
wandb: ⭐️ View project at: https://wandb.ai/sunshines-gmail-com/nanochat-eval
wandb: Synced 5 W&B file(s), 0 media file(s), 0 artifact file(s) and 0 other fil
e(s)
wandb: Find logs at: ./wandb/run-20260328_003614-hhf5qp3w/logs
[W328 01:07:31.189425989 AllocatorConfig.cpp:28] Warning: PYTORCH_CUDA_ALLOC_CON
F is deprecated, use PYTORCH_ALLOC_CONF instead (function operator())
SpellingBee: 0/256 = 0.00% | Wilson95% [0.00%, 1.48%]
[done] confirmation eval complete
summary=/home/sun0115/nanochat-learn/notes/d24_r32_lora_maxoom_2026-03-27_2007_s
2048_gc_best_s500_confirm_summary_1000_2026-03-27_2020.txt
[done] confirm eval finished for d24_r32_lora_maxoom_2026-03-27_2007_s2048_gc
[done] completed at s2048_gc
sun0115@DESKTOP-L4C74MD:~/nanochat-learn/nanochat$

[autopilot]
e(s)
wandb: Find logs at: ./wandb/run-20260328_053323-50wywf0f/logs
[W328 06:04:45.347347321 AllocatorConfig.cpp:28] Warning: PYTORCH_CUDA_ALLOC_CON
F is deprecated, use PYTORCH_ALLOC_CONF instead (function operator())
SpellingBee: 0/256 = 0.00% | Wilson95% [0.00%, 1.48%]
[done] confirmation eval complete
summary=/home/sun0115/nanochat-learn/notes/d24_r32_lora_maxoom_lr5e5_2026-03-28_
0107_s2048_gc_best_s500_confirm_summary_1000_2026-03-28_0120.txt
[done] confirm eval finished for d24_r32_lora_maxoom_lr5e5_2026-03-28_0107_s2048
_gc
[done] completed at s2048_gc
/home/sun0115/nanochat-learn/notes/d24_r32_lora_maxoom_lr5e5_2026-03-28_0107_s20
48_gc_best_s500_confirm_summary_1000_2026-03-28_0120.txt: Filename too long (os
error 36)
[2026-03-28 06:04:45] Could not parse follow-up summary metrics
[2026-03-28 06:04:45] Wrote decision note: /home/sun0115/nanochat-learn/notes/au
to_continue_r32_sft_ablation_2026-03-27_2059_decision.md
[2026-03-28 06:04:45] Autopilot finished. Final action=hold_recipe_change, best_
label=d24_r32_lora_maxoom_2026-03-27_2007, best_score=21.6000
sun0115@DESKTOP-L4C74MD:~/nanochat-learn/nanochat$

[gpu]
NVIDIA GeForce RTX 4070, 0 %, 0 MiB, 12282 MiB

=== 2026-03-28 08:18:14 ===
[chain]
f5qp3w
2026-03-28 00:36:15,236 - nanochat.checkpoint_manager - INFO - Loading model fro
m /home/sun0115/.cache/nanochat/chatsft_checkpoints/d24_r32_lora_maxoom_2026-03-
27_2007_s2048_gc/best with step 500
2026-03-28 00:36:16,102 - nanochat.checkpoint_manager - INFO - Building model wi
th config: {'sequence_len': 2048, 'vocab_size': 32768, 'n_layer': 24, 'n_head':
9, 'n_kv_head': 9, 'n_embd': 1152, 'window_pattern': 'L'}
Rank 0 | 0/256 (0.00%)
==================================================
Final: 0/256 (0.00%)
SpellingBee accuracy: 0.00%
wandb: updating run metadata
wandb: uploading config.yaml; uploading output.log; uploading wandb-summary.json
wandb: uploading history steps 0-1, summary, console lines 2-5
wandb:
wandb: Run history:
wandb:  eval/spellingbee_accuracy ▁
wandb: final/spellingbee_accuracy ▁
wandb:                 task_index ▁
wandb:
wandb: Run summary:
wandb:  eval/spellingbee_accuracy 0
wandb: final/spellingbee_accuracy 0
wandb:                 task_index 1
wandb:
wandb: 🚀 View run d24_r32_lora_maxoom_2026-03-27_2007_s2048_gc_confirm_s500_spe
llingbee at: https://wandb.ai/sunshines-gmail-com/nanochat-eval/runs/hhf5qp3w
wandb: ⭐️ View project at: https://wandb.ai/sunshines-gmail-com/nanochat-eval
wandb: Synced 5 W&B file(s), 0 media file(s), 0 artifact file(s) and 0 other fil
e(s)
wandb: Find logs at: ./wandb/run-20260328_003614-hhf5qp3w/logs
[W328 01:07:31.189425989 AllocatorConfig.cpp:28] Warning: PYTORCH_CUDA_ALLOC_CON
F is deprecated, use PYTORCH_ALLOC_CONF instead (function operator())
SpellingBee: 0/256 = 0.00% | Wilson95% [0.00%, 1.48%]
[done] confirmation eval complete
summary=/home/sun0115/nanochat-learn/notes/d24_r32_lora_maxoom_2026-03-27_2007_s
2048_gc_best_s500_confirm_summary_1000_2026-03-27_2020.txt
[done] confirm eval finished for d24_r32_lora_maxoom_2026-03-27_2007_s2048_gc
[done] completed at s2048_gc
sun0115@DESKTOP-L4C74MD:~/nanochat-learn/nanochat$

[autopilot]
e(s)
wandb: Find logs at: ./wandb/run-20260328_053323-50wywf0f/logs
[W328 06:04:45.347347321 AllocatorConfig.cpp:28] Warning: PYTORCH_CUDA_ALLOC_CON
F is deprecated, use PYTORCH_ALLOC_CONF instead (function operator())
SpellingBee: 0/256 = 0.00% | Wilson95% [0.00%, 1.48%]
[done] confirmation eval complete
summary=/home/sun0115/nanochat-learn/notes/d24_r32_lora_maxoom_lr5e5_2026-03-28_
0107_s2048_gc_best_s500_confirm_summary_1000_2026-03-28_0120.txt
[done] confirm eval finished for d24_r32_lora_maxoom_lr5e5_2026-03-28_0107_s2048
_gc
[done] completed at s2048_gc
/home/sun0115/nanochat-learn/notes/d24_r32_lora_maxoom_lr5e5_2026-03-28_0107_s20
48_gc_best_s500_confirm_summary_1000_2026-03-28_0120.txt: Filename too long (os
error 36)
[2026-03-28 06:04:45] Could not parse follow-up summary metrics
[2026-03-28 06:04:45] Wrote decision note: /home/sun0115/nanochat-learn/notes/au
to_continue_r32_sft_ablation_2026-03-27_2059_decision.md
[2026-03-28 06:04:45] Autopilot finished. Final action=hold_recipe_change, best_
label=d24_r32_lora_maxoom_2026-03-27_2007, best_score=21.6000
sun0115@DESKTOP-L4C74MD:~/nanochat-learn/nanochat$

[gpu]
NVIDIA GeForce RTX 4070, 0 %, 0 MiB, 12282 MiB

=== 2026-03-28 08:23:29 ===
[chain]
f5qp3w
2026-03-28 00:36:15,236 - nanochat.checkpoint_manager - INFO - Loading model fro
m /home/sun0115/.cache/nanochat/chatsft_checkpoints/d24_r32_lora_maxoom_2026-03-
27_2007_s2048_gc/best with step 500
2026-03-28 00:36:16,102 - nanochat.checkpoint_manager - INFO - Building model wi
th config: {'sequence_len': 2048, 'vocab_size': 32768, 'n_layer': 24, 'n_head':
9, 'n_kv_head': 9, 'n_embd': 1152, 'window_pattern': 'L'}
Rank 0 | 0/256 (0.00%)
==================================================
Final: 0/256 (0.00%)
SpellingBee accuracy: 0.00%
wandb: updating run metadata
wandb: uploading config.yaml; uploading output.log; uploading wandb-summary.json
wandb: uploading history steps 0-1, summary, console lines 2-5
wandb:
wandb: Run history:
wandb:  eval/spellingbee_accuracy ▁
wandb: final/spellingbee_accuracy ▁
wandb:                 task_index ▁
wandb:
wandb: Run summary:
wandb:  eval/spellingbee_accuracy 0
wandb: final/spellingbee_accuracy 0
wandb:                 task_index 1
wandb:
wandb: 🚀 View run d24_r32_lora_maxoom_2026-03-27_2007_s2048_gc_confirm_s500_spe
llingbee at: https://wandb.ai/sunshines-gmail-com/nanochat-eval/runs/hhf5qp3w
wandb: ⭐️ View project at: https://wandb.ai/sunshines-gmail-com/nanochat-eval
wandb: Synced 5 W&B file(s), 0 media file(s), 0 artifact file(s) and 0 other fil
e(s)
wandb: Find logs at: ./wandb/run-20260328_003614-hhf5qp3w/logs
[W328 01:07:31.189425989 AllocatorConfig.cpp:28] Warning: PYTORCH_CUDA_ALLOC_CON
F is deprecated, use PYTORCH_ALLOC_CONF instead (function operator())
SpellingBee: 0/256 = 0.00% | Wilson95% [0.00%, 1.48%]
[done] confirmation eval complete
summary=/home/sun0115/nanochat-learn/notes/d24_r32_lora_maxoom_2026-03-27_2007_s
2048_gc_best_s500_confirm_summary_1000_2026-03-27_2020.txt
[done] confirm eval finished for d24_r32_lora_maxoom_2026-03-27_2007_s2048_gc
[done] completed at s2048_gc
sun0115@DESKTOP-L4C74MD:~/nanochat-learn/nanochat$

[autopilot]
e(s)
wandb: Find logs at: ./wandb/run-20260328_053323-50wywf0f/logs
[W328 06:04:45.347347321 AllocatorConfig.cpp:28] Warning: PYTORCH_CUDA_ALLOC_CON
F is deprecated, use PYTORCH_ALLOC_CONF instead (function operator())
SpellingBee: 0/256 = 0.00% | Wilson95% [0.00%, 1.48%]
[done] confirmation eval complete
summary=/home/sun0115/nanochat-learn/notes/d24_r32_lora_maxoom_lr5e5_2026-03-28_
0107_s2048_gc_best_s500_confirm_summary_1000_2026-03-28_0120.txt
[done] confirm eval finished for d24_r32_lora_maxoom_lr5e5_2026-03-28_0107_s2048
_gc
[done] completed at s2048_gc
/home/sun0115/nanochat-learn/notes/d24_r32_lora_maxoom_lr5e5_2026-03-28_0107_s20
48_gc_best_s500_confirm_summary_1000_2026-03-28_0120.txt: Filename too long (os
error 36)
[2026-03-28 06:04:45] Could not parse follow-up summary metrics
[2026-03-28 06:04:45] Wrote decision note: /home/sun0115/nanochat-learn/notes/au
to_continue_r32_sft_ablation_2026-03-27_2059_decision.md
[2026-03-28 06:04:45] Autopilot finished. Final action=hold_recipe_change, best_
label=d24_r32_lora_maxoom_2026-03-27_2007, best_score=21.6000
sun0115@DESKTOP-L4C74MD:~/nanochat-learn/nanochat$

[gpu]
NVIDIA GeForce RTX 4070, 0 %, 0 MiB, 12282 MiB

=== 2026-03-28 08:28:45 ===
[chain]
f5qp3w
2026-03-28 00:36:15,236 - nanochat.checkpoint_manager - INFO - Loading model fro
m /home/sun0115/.cache/nanochat/chatsft_checkpoints/d24_r32_lora_maxoom_2026-03-
27_2007_s2048_gc/best with step 500
2026-03-28 00:36:16,102 - nanochat.checkpoint_manager - INFO - Building model wi
th config: {'sequence_len': 2048, 'vocab_size': 32768, 'n_layer': 24, 'n_head':
9, 'n_kv_head': 9, 'n_embd': 1152, 'window_pattern': 'L'}
Rank 0 | 0/256 (0.00%)
==================================================
Final: 0/256 (0.00%)
SpellingBee accuracy: 0.00%
wandb: updating run metadata
wandb: uploading config.yaml; uploading output.log; uploading wandb-summary.json
wandb: uploading history steps 0-1, summary, console lines 2-5
wandb:
wandb: Run history:
wandb:  eval/spellingbee_accuracy ▁
wandb: final/spellingbee_accuracy ▁
wandb:                 task_index ▁
wandb:
wandb: Run summary:
wandb:  eval/spellingbee_accuracy 0
wandb: final/spellingbee_accuracy 0
wandb:                 task_index 1
wandb:
wandb: 🚀 View run d24_r32_lora_maxoom_2026-03-27_2007_s2048_gc_confirm_s500_spe
llingbee at: https://wandb.ai/sunshines-gmail-com/nanochat-eval/runs/hhf5qp3w
wandb: ⭐️ View project at: https://wandb.ai/sunshines-gmail-com/nanochat-eval
wandb: Synced 5 W&B file(s), 0 media file(s), 0 artifact file(s) and 0 other fil
e(s)
wandb: Find logs at: ./wandb/run-20260328_003614-hhf5qp3w/logs
[W328 01:07:31.189425989 AllocatorConfig.cpp:28] Warning: PYTORCH_CUDA_ALLOC_CON
F is deprecated, use PYTORCH_ALLOC_CONF instead (function operator())
SpellingBee: 0/256 = 0.00% | Wilson95% [0.00%, 1.48%]
[done] confirmation eval complete
summary=/home/sun0115/nanochat-learn/notes/d24_r32_lora_maxoom_2026-03-27_2007_s
2048_gc_best_s500_confirm_summary_1000_2026-03-27_2020.txt
[done] confirm eval finished for d24_r32_lora_maxoom_2026-03-27_2007_s2048_gc
[done] completed at s2048_gc
sun0115@DESKTOP-L4C74MD:~/nanochat-learn/nanochat$

[autopilot]
e(s)
wandb: Find logs at: ./wandb/run-20260328_053323-50wywf0f/logs
[W328 06:04:45.347347321 AllocatorConfig.cpp:28] Warning: PYTORCH_CUDA_ALLOC_CON
F is deprecated, use PYTORCH_ALLOC_CONF instead (function operator())
SpellingBee: 0/256 = 0.00% | Wilson95% [0.00%, 1.48%]
[done] confirmation eval complete
summary=/home/sun0115/nanochat-learn/notes/d24_r32_lora_maxoom_lr5e5_2026-03-28_
0107_s2048_gc_best_s500_confirm_summary_1000_2026-03-28_0120.txt
[done] confirm eval finished for d24_r32_lora_maxoom_lr5e5_2026-03-28_0107_s2048
_gc
[done] completed at s2048_gc
/home/sun0115/nanochat-learn/notes/d24_r32_lora_maxoom_lr5e5_2026-03-28_0107_s20
48_gc_best_s500_confirm_summary_1000_2026-03-28_0120.txt: Filename too long (os
error 36)
[2026-03-28 06:04:45] Could not parse follow-up summary metrics
[2026-03-28 06:04:45] Wrote decision note: /home/sun0115/nanochat-learn/notes/au
to_continue_r32_sft_ablation_2026-03-27_2059_decision.md
[2026-03-28 06:04:45] Autopilot finished. Final action=hold_recipe_change, best_
label=d24_r32_lora_maxoom_2026-03-27_2007, best_score=21.6000
sun0115@DESKTOP-L4C74MD:~/nanochat-learn/nanochat$

[gpu]
NVIDIA GeForce RTX 4070, 0 %, 0 MiB, 12282 MiB

=== 2026-03-28 08:33:59 ===
[chain]
f5qp3w
2026-03-28 00:36:15,236 - nanochat.checkpoint_manager - INFO - Loading model fro
m /home/sun0115/.cache/nanochat/chatsft_checkpoints/d24_r32_lora_maxoom_2026-03-
27_2007_s2048_gc/best with step 500
2026-03-28 00:36:16,102 - nanochat.checkpoint_manager - INFO - Building model wi
th config: {'sequence_len': 2048, 'vocab_size': 32768, 'n_layer': 24, 'n_head':
9, 'n_kv_head': 9, 'n_embd': 1152, 'window_pattern': 'L'}
Rank 0 | 0/256 (0.00%)
==================================================
Final: 0/256 (0.00%)
SpellingBee accuracy: 0.00%
wandb: updating run metadata
wandb: uploading config.yaml; uploading output.log; uploading wandb-summary.json
wandb: uploading history steps 0-1, summary, console lines 2-5
wandb:
wandb: Run history:
wandb:  eval/spellingbee_accuracy ▁
wandb: final/spellingbee_accuracy ▁
wandb:                 task_index ▁
wandb:
wandb: Run summary:
wandb:  eval/spellingbee_accuracy 0
wandb: final/spellingbee_accuracy 0
wandb:                 task_index 1
wandb:
wandb: 🚀 View run d24_r32_lora_maxoom_2026-03-27_2007_s2048_gc_confirm_s500_spe
llingbee at: https://wandb.ai/sunshines-gmail-com/nanochat-eval/runs/hhf5qp3w
wandb: ⭐️ View project at: https://wandb.ai/sunshines-gmail-com/nanochat-eval
wandb: Synced 5 W&B file(s), 0 media file(s), 0 artifact file(s) and 0 other fil
e(s)
wandb: Find logs at: ./wandb/run-20260328_003614-hhf5qp3w/logs
[W328 01:07:31.189425989 AllocatorConfig.cpp:28] Warning: PYTORCH_CUDA_ALLOC_CON
F is deprecated, use PYTORCH_ALLOC_CONF instead (function operator())
SpellingBee: 0/256 = 0.00% | Wilson95% [0.00%, 1.48%]
[done] confirmation eval complete
summary=/home/sun0115/nanochat-learn/notes/d24_r32_lora_maxoom_2026-03-27_2007_s
2048_gc_best_s500_confirm_summary_1000_2026-03-27_2020.txt
[done] confirm eval finished for d24_r32_lora_maxoom_2026-03-27_2007_s2048_gc
[done] completed at s2048_gc
sun0115@DESKTOP-L4C74MD:~/nanochat-learn/nanochat$

[autopilot]
e(s)
wandb: Find logs at: ./wandb/run-20260328_053323-50wywf0f/logs
[W328 06:04:45.347347321 AllocatorConfig.cpp:28] Warning: PYTORCH_CUDA_ALLOC_CON
F is deprecated, use PYTORCH_ALLOC_CONF instead (function operator())
SpellingBee: 0/256 = 0.00% | Wilson95% [0.00%, 1.48%]
[done] confirmation eval complete
summary=/home/sun0115/nanochat-learn/notes/d24_r32_lora_maxoom_lr5e5_2026-03-28_
0107_s2048_gc_best_s500_confirm_summary_1000_2026-03-28_0120.txt
[done] confirm eval finished for d24_r32_lora_maxoom_lr5e5_2026-03-28_0107_s2048
_gc
[done] completed at s2048_gc
/home/sun0115/nanochat-learn/notes/d24_r32_lora_maxoom_lr5e5_2026-03-28_0107_s20
48_gc_best_s500_confirm_summary_1000_2026-03-28_0120.txt: Filename too long (os
error 36)
[2026-03-28 06:04:45] Could not parse follow-up summary metrics
[2026-03-28 06:04:45] Wrote decision note: /home/sun0115/nanochat-learn/notes/au
to_continue_r32_sft_ablation_2026-03-27_2059_decision.md
[2026-03-28 06:04:45] Autopilot finished. Final action=hold_recipe_change, best_
label=d24_r32_lora_maxoom_2026-03-27_2007, best_score=21.6000
sun0115@DESKTOP-L4C74MD:~/nanochat-learn/nanochat$

[gpu]
NVIDIA GeForce RTX 4070, 0 %, 0 MiB, 12282 MiB

=== 2026-03-28 08:39:16 ===
[chain]
f5qp3w
2026-03-28 00:36:15,236 - nanochat.checkpoint_manager - INFO - Loading model fro
m /home/sun0115/.cache/nanochat/chatsft_checkpoints/d24_r32_lora_maxoom_2026-03-
27_2007_s2048_gc/best with step 500
2026-03-28 00:36:16,102 - nanochat.checkpoint_manager - INFO - Building model wi
th config: {'sequence_len': 2048, 'vocab_size': 32768, 'n_layer': 24, 'n_head':
9, 'n_kv_head': 9, 'n_embd': 1152, 'window_pattern': 'L'}
Rank 0 | 0/256 (0.00%)
==================================================
Final: 0/256 (0.00%)
SpellingBee accuracy: 0.00%
wandb: updating run metadata
wandb: uploading config.yaml; uploading output.log; uploading wandb-summary.json
wandb: uploading history steps 0-1, summary, console lines 2-5
wandb:
wandb: Run history:
wandb:  eval/spellingbee_accuracy ▁
wandb: final/spellingbee_accuracy ▁
wandb:                 task_index ▁
wandb:
wandb: Run summary:
wandb:  eval/spellingbee_accuracy 0
wandb: final/spellingbee_accuracy 0
wandb:                 task_index 1
wandb:
wandb: 🚀 View run d24_r32_lora_maxoom_2026-03-27_2007_s2048_gc_confirm_s500_spe
llingbee at: https://wandb.ai/sunshines-gmail-com/nanochat-eval/runs/hhf5qp3w
wandb: ⭐️ View project at: https://wandb.ai/sunshines-gmail-com/nanochat-eval
wandb: Synced 5 W&B file(s), 0 media file(s), 0 artifact file(s) and 0 other fil
e(s)
wandb: Find logs at: ./wandb/run-20260328_003614-hhf5qp3w/logs
[W328 01:07:31.189425989 AllocatorConfig.cpp:28] Warning: PYTORCH_CUDA_ALLOC_CON
F is deprecated, use PYTORCH_ALLOC_CONF instead (function operator())
SpellingBee: 0/256 = 0.00% | Wilson95% [0.00%, 1.48%]
[done] confirmation eval complete
summary=/home/sun0115/nanochat-learn/notes/d24_r32_lora_maxoom_2026-03-27_2007_s
2048_gc_best_s500_confirm_summary_1000_2026-03-27_2020.txt
[done] confirm eval finished for d24_r32_lora_maxoom_2026-03-27_2007_s2048_gc
[done] completed at s2048_gc
sun0115@DESKTOP-L4C74MD:~/nanochat-learn/nanochat$

[autopilot]
e(s)
wandb: Find logs at: ./wandb/run-20260328_053323-50wywf0f/logs
[W328 06:04:45.347347321 AllocatorConfig.cpp:28] Warning: PYTORCH_CUDA_ALLOC_CON
F is deprecated, use PYTORCH_ALLOC_CONF instead (function operator())
SpellingBee: 0/256 = 0.00% | Wilson95% [0.00%, 1.48%]
[done] confirmation eval complete
summary=/home/sun0115/nanochat-learn/notes/d24_r32_lora_maxoom_lr5e5_2026-03-28_
0107_s2048_gc_best_s500_confirm_summary_1000_2026-03-28_0120.txt
[done] confirm eval finished for d24_r32_lora_maxoom_lr5e5_2026-03-28_0107_s2048
_gc
[done] completed at s2048_gc
/home/sun0115/nanochat-learn/notes/d24_r32_lora_maxoom_lr5e5_2026-03-28_0107_s20
48_gc_best_s500_confirm_summary_1000_2026-03-28_0120.txt: Filename too long (os
error 36)
[2026-03-28 06:04:45] Could not parse follow-up summary metrics
[2026-03-28 06:04:45] Wrote decision note: /home/sun0115/nanochat-learn/notes/au
to_continue_r32_sft_ablation_2026-03-27_2059_decision.md
[2026-03-28 06:04:45] Autopilot finished. Final action=hold_recipe_change, best_
label=d24_r32_lora_maxoom_2026-03-27_2007, best_score=21.6000
sun0115@DESKTOP-L4C74MD:~/nanochat-learn/nanochat$

[gpu]
NVIDIA GeForce RTX 4070, 0 %, 0 MiB, 12282 MiB

=== 2026-03-28 08:44:33 ===
[chain]
f5qp3w
2026-03-28 00:36:15,236 - nanochat.checkpoint_manager - INFO - Loading model fro
m /home/sun0115/.cache/nanochat/chatsft_checkpoints/d24_r32_lora_maxoom_2026-03-
27_2007_s2048_gc/best with step 500
2026-03-28 00:36:16,102 - nanochat.checkpoint_manager - INFO - Building model wi
th config: {'sequence_len': 2048, 'vocab_size': 32768, 'n_layer': 24, 'n_head':
9, 'n_kv_head': 9, 'n_embd': 1152, 'window_pattern': 'L'}
Rank 0 | 0/256 (0.00%)
==================================================
Final: 0/256 (0.00%)
SpellingBee accuracy: 0.00%
wandb: updating run metadata
wandb: uploading config.yaml; uploading output.log; uploading wandb-summary.json
wandb: uploading history steps 0-1, summary, console lines 2-5
wandb:
wandb: Run history:
wandb:  eval/spellingbee_accuracy ▁
wandb: final/spellingbee_accuracy ▁
wandb:                 task_index ▁
wandb:
wandb: Run summary:
wandb:  eval/spellingbee_accuracy 0
wandb: final/spellingbee_accuracy 0
wandb:                 task_index 1
wandb:
wandb: 🚀 View run d24_r32_lora_maxoom_2026-03-27_2007_s2048_gc_confirm_s500_spe
llingbee at: https://wandb.ai/sunshines-gmail-com/nanochat-eval/runs/hhf5qp3w
wandb: ⭐️ View project at: https://wandb.ai/sunshines-gmail-com/nanochat-eval
wandb: Synced 5 W&B file(s), 0 media file(s), 0 artifact file(s) and 0 other fil
e(s)
wandb: Find logs at: ./wandb/run-20260328_003614-hhf5qp3w/logs
[W328 01:07:31.189425989 AllocatorConfig.cpp:28] Warning: PYTORCH_CUDA_ALLOC_CON
F is deprecated, use PYTORCH_ALLOC_CONF instead (function operator())
SpellingBee: 0/256 = 0.00% | Wilson95% [0.00%, 1.48%]
[done] confirmation eval complete
summary=/home/sun0115/nanochat-learn/notes/d24_r32_lora_maxoom_2026-03-27_2007_s
2048_gc_best_s500_confirm_summary_1000_2026-03-27_2020.txt
[done] confirm eval finished for d24_r32_lora_maxoom_2026-03-27_2007_s2048_gc
[done] completed at s2048_gc
sun0115@DESKTOP-L4C74MD:~/nanochat-learn/nanochat$

[autopilot]
e(s)
wandb: Find logs at: ./wandb/run-20260328_053323-50wywf0f/logs
[W328 06:04:45.347347321 AllocatorConfig.cpp:28] Warning: PYTORCH_CUDA_ALLOC_CON
F is deprecated, use PYTORCH_ALLOC_CONF instead (function operator())
SpellingBee: 0/256 = 0.00% | Wilson95% [0.00%, 1.48%]
[done] confirmation eval complete
summary=/home/sun0115/nanochat-learn/notes/d24_r32_lora_maxoom_lr5e5_2026-03-28_
0107_s2048_gc_best_s500_confirm_summary_1000_2026-03-28_0120.txt
[done] confirm eval finished for d24_r32_lora_maxoom_lr5e5_2026-03-28_0107_s2048
_gc
[done] completed at s2048_gc
/home/sun0115/nanochat-learn/notes/d24_r32_lora_maxoom_lr5e5_2026-03-28_0107_s20
48_gc_best_s500_confirm_summary_1000_2026-03-28_0120.txt: Filename too long (os
error 36)
[2026-03-28 06:04:45] Could not parse follow-up summary metrics
[2026-03-28 06:04:45] Wrote decision note: /home/sun0115/nanochat-learn/notes/au
to_continue_r32_sft_ablation_2026-03-27_2059_decision.md
[2026-03-28 06:04:45] Autopilot finished. Final action=hold_recipe_change, best_
label=d24_r32_lora_maxoom_2026-03-27_2007, best_score=21.6000
sun0115@DESKTOP-L4C74MD:~/nanochat-learn/nanochat$

[gpu]
NVIDIA GeForce RTX 4070, 0 %, 0 MiB, 12282 MiB

=== 2026-03-28 08:49:46 ===
[chain]
f5qp3w
2026-03-28 00:36:15,236 - nanochat.checkpoint_manager - INFO - Loading model fro
m /home/sun0115/.cache/nanochat/chatsft_checkpoints/d24_r32_lora_maxoom_2026-03-
27_2007_s2048_gc/best with step 500
2026-03-28 00:36:16,102 - nanochat.checkpoint_manager - INFO - Building model wi
th config: {'sequence_len': 2048, 'vocab_size': 32768, 'n_layer': 24, 'n_head':
9, 'n_kv_head': 9, 'n_embd': 1152, 'window_pattern': 'L'}
Rank 0 | 0/256 (0.00%)
==================================================
Final: 0/256 (0.00%)
SpellingBee accuracy: 0.00%
wandb: updating run metadata
wandb: uploading config.yaml; uploading output.log; uploading wandb-summary.json
wandb: uploading history steps 0-1, summary, console lines 2-5
wandb:
wandb: Run history:
wandb:  eval/spellingbee_accuracy ▁
wandb: final/spellingbee_accuracy ▁
wandb:                 task_index ▁
wandb:
wandb: Run summary:
wandb:  eval/spellingbee_accuracy 0
wandb: final/spellingbee_accuracy 0
wandb:                 task_index 1
wandb:
wandb: 🚀 View run d24_r32_lora_maxoom_2026-03-27_2007_s2048_gc_confirm_s500_spe
llingbee at: https://wandb.ai/sunshines-gmail-com/nanochat-eval/runs/hhf5qp3w
wandb: ⭐️ View project at: https://wandb.ai/sunshines-gmail-com/nanochat-eval
wandb: Synced 5 W&B file(s), 0 media file(s), 0 artifact file(s) and 0 other fil
e(s)
wandb: Find logs at: ./wandb/run-20260328_003614-hhf5qp3w/logs
[W328 01:07:31.189425989 AllocatorConfig.cpp:28] Warning: PYTORCH_CUDA_ALLOC_CON
F is deprecated, use PYTORCH_ALLOC_CONF instead (function operator())
SpellingBee: 0/256 = 0.00% | Wilson95% [0.00%, 1.48%]
[done] confirmation eval complete
summary=/home/sun0115/nanochat-learn/notes/d24_r32_lora_maxoom_2026-03-27_2007_s
2048_gc_best_s500_confirm_summary_1000_2026-03-27_2020.txt
[done] confirm eval finished for d24_r32_lora_maxoom_2026-03-27_2007_s2048_gc
[done] completed at s2048_gc
sun0115@DESKTOP-L4C74MD:~/nanochat-learn/nanochat$

[autopilot]
e(s)
wandb: Find logs at: ./wandb/run-20260328_053323-50wywf0f/logs
[W328 06:04:45.347347321 AllocatorConfig.cpp:28] Warning: PYTORCH_CUDA_ALLOC_CON
F is deprecated, use PYTORCH_ALLOC_CONF instead (function operator())
SpellingBee: 0/256 = 0.00% | Wilson95% [0.00%, 1.48%]
[done] confirmation eval complete
summary=/home/sun0115/nanochat-learn/notes/d24_r32_lora_maxoom_lr5e5_2026-03-28_
0107_s2048_gc_best_s500_confirm_summary_1000_2026-03-28_0120.txt
[done] confirm eval finished for d24_r32_lora_maxoom_lr5e5_2026-03-28_0107_s2048
_gc
[done] completed at s2048_gc
/home/sun0115/nanochat-learn/notes/d24_r32_lora_maxoom_lr5e5_2026-03-28_0107_s20
48_gc_best_s500_confirm_summary_1000_2026-03-28_0120.txt: Filename too long (os
error 36)
[2026-03-28 06:04:45] Could not parse follow-up summary metrics
[2026-03-28 06:04:45] Wrote decision note: /home/sun0115/nanochat-learn/notes/au
to_continue_r32_sft_ablation_2026-03-27_2059_decision.md
[2026-03-28 06:04:45] Autopilot finished. Final action=hold_recipe_change, best_
label=d24_r32_lora_maxoom_2026-03-27_2007, best_score=21.6000
sun0115@DESKTOP-L4C74MD:~/nanochat-learn/nanochat$

[gpu]
NVIDIA GeForce RTX 4070, 0 %, 0 MiB, 12282 MiB

=== 2026-03-28 08:54:59 ===
[chain]
f5qp3w
2026-03-28 00:36:15,236 - nanochat.checkpoint_manager - INFO - Loading model fro
m /home/sun0115/.cache/nanochat/chatsft_checkpoints/d24_r32_lora_maxoom_2026-03-
27_2007_s2048_gc/best with step 500
2026-03-28 00:36:16,102 - nanochat.checkpoint_manager - INFO - Building model wi
th config: {'sequence_len': 2048, 'vocab_size': 32768, 'n_layer': 24, 'n_head':
9, 'n_kv_head': 9, 'n_embd': 1152, 'window_pattern': 'L'}
Rank 0 | 0/256 (0.00%)
==================================================
Final: 0/256 (0.00%)
SpellingBee accuracy: 0.00%
wandb: updating run metadata
wandb: uploading config.yaml; uploading output.log; uploading wandb-summary.json
wandb: uploading history steps 0-1, summary, console lines 2-5
wandb:
wandb: Run history:
wandb:  eval/spellingbee_accuracy ▁
wandb: final/spellingbee_accuracy ▁
wandb:                 task_index ▁
wandb:
wandb: Run summary:
wandb:  eval/spellingbee_accuracy 0
wandb: final/spellingbee_accuracy 0
wandb:                 task_index 1
wandb:
wandb: 🚀 View run d24_r32_lora_maxoom_2026-03-27_2007_s2048_gc_confirm_s500_spe
llingbee at: https://wandb.ai/sunshines-gmail-com/nanochat-eval/runs/hhf5qp3w
wandb: ⭐️ View project at: https://wandb.ai/sunshines-gmail-com/nanochat-eval
wandb: Synced 5 W&B file(s), 0 media file(s), 0 artifact file(s) and 0 other fil
e(s)
wandb: Find logs at: ./wandb/run-20260328_003614-hhf5qp3w/logs
[W328 01:07:31.189425989 AllocatorConfig.cpp:28] Warning: PYTORCH_CUDA_ALLOC_CON
F is deprecated, use PYTORCH_ALLOC_CONF instead (function operator())
SpellingBee: 0/256 = 0.00% | Wilson95% [0.00%, 1.48%]
[done] confirmation eval complete
summary=/home/sun0115/nanochat-learn/notes/d24_r32_lora_maxoom_2026-03-27_2007_s
2048_gc_best_s500_confirm_summary_1000_2026-03-27_2020.txt
[done] confirm eval finished for d24_r32_lora_maxoom_2026-03-27_2007_s2048_gc
[done] completed at s2048_gc
sun0115@DESKTOP-L4C74MD:~/nanochat-learn/nanochat$

[autopilot]
e(s)
wandb: Find logs at: ./wandb/run-20260328_053323-50wywf0f/logs
[W328 06:04:45.347347321 AllocatorConfig.cpp:28] Warning: PYTORCH_CUDA_ALLOC_CON
F is deprecated, use PYTORCH_ALLOC_CONF instead (function operator())
SpellingBee: 0/256 = 0.00% | Wilson95% [0.00%, 1.48%]
[done] confirmation eval complete
summary=/home/sun0115/nanochat-learn/notes/d24_r32_lora_maxoom_lr5e5_2026-03-28_
0107_s2048_gc_best_s500_confirm_summary_1000_2026-03-28_0120.txt
[done] confirm eval finished for d24_r32_lora_maxoom_lr5e5_2026-03-28_0107_s2048
_gc
[done] completed at s2048_gc
/home/sun0115/nanochat-learn/notes/d24_r32_lora_maxoom_lr5e5_2026-03-28_0107_s20
48_gc_best_s500_confirm_summary_1000_2026-03-28_0120.txt: Filename too long (os
error 36)
[2026-03-28 06:04:45] Could not parse follow-up summary metrics
[2026-03-28 06:04:45] Wrote decision note: /home/sun0115/nanochat-learn/notes/au
to_continue_r32_sft_ablation_2026-03-27_2059_decision.md
[2026-03-28 06:04:45] Autopilot finished. Final action=hold_recipe_change, best_
label=d24_r32_lora_maxoom_2026-03-27_2007, best_score=21.6000
sun0115@DESKTOP-L4C74MD:~/nanochat-learn/nanochat$

[gpu]
NVIDIA GeForce RTX 4070, 0 %, 0 MiB, 12282 MiB

=== 2026-03-28 09:00:15 ===
[chain]
f5qp3w
2026-03-28 00:36:15,236 - nanochat.checkpoint_manager - INFO - Loading model fro
m /home/sun0115/.cache/nanochat/chatsft_checkpoints/d24_r32_lora_maxoom_2026-03-
27_2007_s2048_gc/best with step 500
2026-03-28 00:36:16,102 - nanochat.checkpoint_manager - INFO - Building model wi
th config: {'sequence_len': 2048, 'vocab_size': 32768, 'n_layer': 24, 'n_head':
9, 'n_kv_head': 9, 'n_embd': 1152, 'window_pattern': 'L'}
Rank 0 | 0/256 (0.00%)
==================================================
Final: 0/256 (0.00%)
SpellingBee accuracy: 0.00%
wandb: updating run metadata
wandb: uploading config.yaml; uploading output.log; uploading wandb-summary.json
wandb: uploading history steps 0-1, summary, console lines 2-5
wandb:
wandb: Run history:
wandb:  eval/spellingbee_accuracy ▁
wandb: final/spellingbee_accuracy ▁
wandb:                 task_index ▁
wandb:
wandb: Run summary:
wandb:  eval/spellingbee_accuracy 0
wandb: final/spellingbee_accuracy 0
wandb:                 task_index 1
wandb:
wandb: 🚀 View run d24_r32_lora_maxoom_2026-03-27_2007_s2048_gc_confirm_s500_spe
llingbee at: https://wandb.ai/sunshines-gmail-com/nanochat-eval/runs/hhf5qp3w
wandb: ⭐️ View project at: https://wandb.ai/sunshines-gmail-com/nanochat-eval
wandb: Synced 5 W&B file(s), 0 media file(s), 0 artifact file(s) and 0 other fil
e(s)
wandb: Find logs at: ./wandb/run-20260328_003614-hhf5qp3w/logs
[W328 01:07:31.189425989 AllocatorConfig.cpp:28] Warning: PYTORCH_CUDA_ALLOC_CON
F is deprecated, use PYTORCH_ALLOC_CONF instead (function operator())
SpellingBee: 0/256 = 0.00% | Wilson95% [0.00%, 1.48%]
[done] confirmation eval complete
summary=/home/sun0115/nanochat-learn/notes/d24_r32_lora_maxoom_2026-03-27_2007_s
2048_gc_best_s500_confirm_summary_1000_2026-03-27_2020.txt
[done] confirm eval finished for d24_r32_lora_maxoom_2026-03-27_2007_s2048_gc
[done] completed at s2048_gc
sun0115@DESKTOP-L4C74MD:~/nanochat-learn/nanochat$

[autopilot]
e(s)
wandb: Find logs at: ./wandb/run-20260328_053323-50wywf0f/logs
[W328 06:04:45.347347321 AllocatorConfig.cpp:28] Warning: PYTORCH_CUDA_ALLOC_CON
F is deprecated, use PYTORCH_ALLOC_CONF instead (function operator())
SpellingBee: 0/256 = 0.00% | Wilson95% [0.00%, 1.48%]
[done] confirmation eval complete
summary=/home/sun0115/nanochat-learn/notes/d24_r32_lora_maxoom_lr5e5_2026-03-28_
0107_s2048_gc_best_s500_confirm_summary_1000_2026-03-28_0120.txt
[done] confirm eval finished for d24_r32_lora_maxoom_lr5e5_2026-03-28_0107_s2048
_gc
[done] completed at s2048_gc
/home/sun0115/nanochat-learn/notes/d24_r32_lora_maxoom_lr5e5_2026-03-28_0107_s20
48_gc_best_s500_confirm_summary_1000_2026-03-28_0120.txt: Filename too long (os
error 36)
[2026-03-28 06:04:45] Could not parse follow-up summary metrics
[2026-03-28 06:04:45] Wrote decision note: /home/sun0115/nanochat-learn/notes/au
to_continue_r32_sft_ablation_2026-03-27_2059_decision.md
[2026-03-28 06:04:45] Autopilot finished. Final action=hold_recipe_change, best_
label=d24_r32_lora_maxoom_2026-03-27_2007, best_score=21.6000
sun0115@DESKTOP-L4C74MD:~/nanochat-learn/nanochat$

[gpu]
NVIDIA GeForce RTX 4070, 0 %, 0 MiB, 12282 MiB

=== 2026-03-28 09:05:32 ===
[chain]
f5qp3w
2026-03-28 00:36:15,236 - nanochat.checkpoint_manager - INFO - Loading model fro
m /home/sun0115/.cache/nanochat/chatsft_checkpoints/d24_r32_lora_maxoom_2026-03-
27_2007_s2048_gc/best with step 500
2026-03-28 00:36:16,102 - nanochat.checkpoint_manager - INFO - Building model wi
th config: {'sequence_len': 2048, 'vocab_size': 32768, 'n_layer': 24, 'n_head':
9, 'n_kv_head': 9, 'n_embd': 1152, 'window_pattern': 'L'}
Rank 0 | 0/256 (0.00%)
==================================================
Final: 0/256 (0.00%)
SpellingBee accuracy: 0.00%
wandb: updating run metadata
wandb: uploading config.yaml; uploading output.log; uploading wandb-summary.json
wandb: uploading history steps 0-1, summary, console lines 2-5
wandb:
wandb: Run history:
wandb:  eval/spellingbee_accuracy ▁
wandb: final/spellingbee_accuracy ▁
wandb:                 task_index ▁
wandb:
wandb: Run summary:
wandb:  eval/spellingbee_accuracy 0
wandb: final/spellingbee_accuracy 0
wandb:                 task_index 1
wandb:
wandb: 🚀 View run d24_r32_lora_maxoom_2026-03-27_2007_s2048_gc_confirm_s500_spe
llingbee at: https://wandb.ai/sunshines-gmail-com/nanochat-eval/runs/hhf5qp3w
wandb: ⭐️ View project at: https://wandb.ai/sunshines-gmail-com/nanochat-eval
wandb: Synced 5 W&B file(s), 0 media file(s), 0 artifact file(s) and 0 other fil
e(s)
wandb: Find logs at: ./wandb/run-20260328_003614-hhf5qp3w/logs
[W328 01:07:31.189425989 AllocatorConfig.cpp:28] Warning: PYTORCH_CUDA_ALLOC_CON
F is deprecated, use PYTORCH_ALLOC_CONF instead (function operator())
SpellingBee: 0/256 = 0.00% | Wilson95% [0.00%, 1.48%]
[done] confirmation eval complete
summary=/home/sun0115/nanochat-learn/notes/d24_r32_lora_maxoom_2026-03-27_2007_s
2048_gc_best_s500_confirm_summary_1000_2026-03-27_2020.txt
[done] confirm eval finished for d24_r32_lora_maxoom_2026-03-27_2007_s2048_gc
[done] completed at s2048_gc
sun0115@DESKTOP-L4C74MD:~/nanochat-learn/nanochat$

[autopilot]
e(s)
wandb: Find logs at: ./wandb/run-20260328_053323-50wywf0f/logs
[W328 06:04:45.347347321 AllocatorConfig.cpp:28] Warning: PYTORCH_CUDA_ALLOC_CON
F is deprecated, use PYTORCH_ALLOC_CONF instead (function operator())
SpellingBee: 0/256 = 0.00% | Wilson95% [0.00%, 1.48%]
[done] confirmation eval complete
summary=/home/sun0115/nanochat-learn/notes/d24_r32_lora_maxoom_lr5e5_2026-03-28_
0107_s2048_gc_best_s500_confirm_summary_1000_2026-03-28_0120.txt
[done] confirm eval finished for d24_r32_lora_maxoom_lr5e5_2026-03-28_0107_s2048
_gc
[done] completed at s2048_gc
/home/sun0115/nanochat-learn/notes/d24_r32_lora_maxoom_lr5e5_2026-03-28_0107_s20
48_gc_best_s500_confirm_summary_1000_2026-03-28_0120.txt: Filename too long (os
error 36)
[2026-03-28 06:04:45] Could not parse follow-up summary metrics
[2026-03-28 06:04:45] Wrote decision note: /home/sun0115/nanochat-learn/notes/au
to_continue_r32_sft_ablation_2026-03-27_2059_decision.md
[2026-03-28 06:04:45] Autopilot finished. Final action=hold_recipe_change, best_
label=d24_r32_lora_maxoom_2026-03-27_2007, best_score=21.6000
sun0115@DESKTOP-L4C74MD:~/nanochat-learn/nanochat$

[gpu]
NVIDIA GeForce RTX 4070, 0 %, 0 MiB, 12282 MiB

=== 2026-03-28 09:10:48 ===
[chain]
f5qp3w
2026-03-28 00:36:15,236 - nanochat.checkpoint_manager - INFO - Loading model fro
m /home/sun0115/.cache/nanochat/chatsft_checkpoints/d24_r32_lora_maxoom_2026-03-
27_2007_s2048_gc/best with step 500
2026-03-28 00:36:16,102 - nanochat.checkpoint_manager - INFO - Building model wi
th config: {'sequence_len': 2048, 'vocab_size': 32768, 'n_layer': 24, 'n_head':
9, 'n_kv_head': 9, 'n_embd': 1152, 'window_pattern': 'L'}
Rank 0 | 0/256 (0.00%)
==================================================
Final: 0/256 (0.00%)
SpellingBee accuracy: 0.00%
wandb: updating run metadata
wandb: uploading config.yaml; uploading output.log; uploading wandb-summary.json
wandb: uploading history steps 0-1, summary, console lines 2-5
wandb:
wandb: Run history:
wandb:  eval/spellingbee_accuracy ▁
wandb: final/spellingbee_accuracy ▁
wandb:                 task_index ▁
wandb:
wandb: Run summary:
wandb:  eval/spellingbee_accuracy 0
wandb: final/spellingbee_accuracy 0
wandb:                 task_index 1
wandb:
wandb: 🚀 View run d24_r32_lora_maxoom_2026-03-27_2007_s2048_gc_confirm_s500_spe
llingbee at: https://wandb.ai/sunshines-gmail-com/nanochat-eval/runs/hhf5qp3w
wandb: ⭐️ View project at: https://wandb.ai/sunshines-gmail-com/nanochat-eval
wandb: Synced 5 W&B file(s), 0 media file(s), 0 artifact file(s) and 0 other fil
e(s)
wandb: Find logs at: ./wandb/run-20260328_003614-hhf5qp3w/logs
[W328 01:07:31.189425989 AllocatorConfig.cpp:28] Warning: PYTORCH_CUDA_ALLOC_CON
F is deprecated, use PYTORCH_ALLOC_CONF instead (function operator())
SpellingBee: 0/256 = 0.00% | Wilson95% [0.00%, 1.48%]
[done] confirmation eval complete
summary=/home/sun0115/nanochat-learn/notes/d24_r32_lora_maxoom_2026-03-27_2007_s
2048_gc_best_s500_confirm_summary_1000_2026-03-27_2020.txt
[done] confirm eval finished for d24_r32_lora_maxoom_2026-03-27_2007_s2048_gc
[done] completed at s2048_gc
sun0115@DESKTOP-L4C74MD:~/nanochat-learn/nanochat$

[autopilot]
e(s)
wandb: Find logs at: ./wandb/run-20260328_053323-50wywf0f/logs
[W328 06:04:45.347347321 AllocatorConfig.cpp:28] Warning: PYTORCH_CUDA_ALLOC_CON
F is deprecated, use PYTORCH_ALLOC_CONF instead (function operator())
SpellingBee: 0/256 = 0.00% | Wilson95% [0.00%, 1.48%]
[done] confirmation eval complete
summary=/home/sun0115/nanochat-learn/notes/d24_r32_lora_maxoom_lr5e5_2026-03-28_
0107_s2048_gc_best_s500_confirm_summary_1000_2026-03-28_0120.txt
[done] confirm eval finished for d24_r32_lora_maxoom_lr5e5_2026-03-28_0107_s2048
_gc
[done] completed at s2048_gc
/home/sun0115/nanochat-learn/notes/d24_r32_lora_maxoom_lr5e5_2026-03-28_0107_s20
48_gc_best_s500_confirm_summary_1000_2026-03-28_0120.txt: Filename too long (os
error 36)
[2026-03-28 06:04:45] Could not parse follow-up summary metrics
[2026-03-28 06:04:45] Wrote decision note: /home/sun0115/nanochat-learn/notes/au
to_continue_r32_sft_ablation_2026-03-27_2059_decision.md
[2026-03-28 06:04:45] Autopilot finished. Final action=hold_recipe_change, best_
label=d24_r32_lora_maxoom_2026-03-27_2007, best_score=21.6000
sun0115@DESKTOP-L4C74MD:~/nanochat-learn/nanochat$

[gpu]
NVIDIA GeForce RTX 4070, 0 %, 0 MiB, 12282 MiB

=== 2026-03-28 09:16:04 ===
[chain]
f5qp3w
2026-03-28 00:36:15,236 - nanochat.checkpoint_manager - INFO - Loading model fro
m /home/sun0115/.cache/nanochat/chatsft_checkpoints/d24_r32_lora_maxoom_2026-03-
27_2007_s2048_gc/best with step 500
2026-03-28 00:36:16,102 - nanochat.checkpoint_manager - INFO - Building model wi
th config: {'sequence_len': 2048, 'vocab_size': 32768, 'n_layer': 24, 'n_head':
9, 'n_kv_head': 9, 'n_embd': 1152, 'window_pattern': 'L'}
Rank 0 | 0/256 (0.00%)
==================================================
Final: 0/256 (0.00%)
SpellingBee accuracy: 0.00%
wandb: updating run metadata
wandb: uploading config.yaml; uploading output.log; uploading wandb-summary.json
wandb: uploading history steps 0-1, summary, console lines 2-5
wandb:
wandb: Run history:
wandb:  eval/spellingbee_accuracy ▁
wandb: final/spellingbee_accuracy ▁
wandb:                 task_index ▁
wandb:
wandb: Run summary:
wandb:  eval/spellingbee_accuracy 0
wandb: final/spellingbee_accuracy 0
wandb:                 task_index 1
wandb:
wandb: 🚀 View run d24_r32_lora_maxoom_2026-03-27_2007_s2048_gc_confirm_s500_spe
llingbee at: https://wandb.ai/sunshines-gmail-com/nanochat-eval/runs/hhf5qp3w
wandb: ⭐️ View project at: https://wandb.ai/sunshines-gmail-com/nanochat-eval
wandb: Synced 5 W&B file(s), 0 media file(s), 0 artifact file(s) and 0 other fil
e(s)
wandb: Find logs at: ./wandb/run-20260328_003614-hhf5qp3w/logs
[W328 01:07:31.189425989 AllocatorConfig.cpp:28] Warning: PYTORCH_CUDA_ALLOC_CON
F is deprecated, use PYTORCH_ALLOC_CONF instead (function operator())
SpellingBee: 0/256 = 0.00% | Wilson95% [0.00%, 1.48%]
[done] confirmation eval complete
summary=/home/sun0115/nanochat-learn/notes/d24_r32_lora_maxoom_2026-03-27_2007_s
2048_gc_best_s500_confirm_summary_1000_2026-03-27_2020.txt
[done] confirm eval finished for d24_r32_lora_maxoom_2026-03-27_2007_s2048_gc
[done] completed at s2048_gc
sun0115@DESKTOP-L4C74MD:~/nanochat-learn/nanochat$

[autopilot]
e(s)
wandb: Find logs at: ./wandb/run-20260328_053323-50wywf0f/logs
[W328 06:04:45.347347321 AllocatorConfig.cpp:28] Warning: PYTORCH_CUDA_ALLOC_CON
F is deprecated, use PYTORCH_ALLOC_CONF instead (function operator())
SpellingBee: 0/256 = 0.00% | Wilson95% [0.00%, 1.48%]
[done] confirmation eval complete
summary=/home/sun0115/nanochat-learn/notes/d24_r32_lora_maxoom_lr5e5_2026-03-28_
0107_s2048_gc_best_s500_confirm_summary_1000_2026-03-28_0120.txt
[done] confirm eval finished for d24_r32_lora_maxoom_lr5e5_2026-03-28_0107_s2048
_gc
[done] completed at s2048_gc
/home/sun0115/nanochat-learn/notes/d24_r32_lora_maxoom_lr5e5_2026-03-28_0107_s20
48_gc_best_s500_confirm_summary_1000_2026-03-28_0120.txt: Filename too long (os
error 36)
[2026-03-28 06:04:45] Could not parse follow-up summary metrics
[2026-03-28 06:04:45] Wrote decision note: /home/sun0115/nanochat-learn/notes/au
to_continue_r32_sft_ablation_2026-03-27_2059_decision.md
[2026-03-28 06:04:45] Autopilot finished. Final action=hold_recipe_change, best_
label=d24_r32_lora_maxoom_2026-03-27_2007, best_score=21.6000
sun0115@DESKTOP-L4C74MD:~/nanochat-learn/nanochat$

[gpu]
NVIDIA GeForce RTX 4070, 0 %, 0 MiB, 12282 MiB

=== 2026-03-28 09:21:21 ===
[chain]
f5qp3w
2026-03-28 00:36:15,236 - nanochat.checkpoint_manager - INFO - Loading model fro
m /home/sun0115/.cache/nanochat/chatsft_checkpoints/d24_r32_lora_maxoom_2026-03-
27_2007_s2048_gc/best with step 500
2026-03-28 00:36:16,102 - nanochat.checkpoint_manager - INFO - Building model wi
th config: {'sequence_len': 2048, 'vocab_size': 32768, 'n_layer': 24, 'n_head':
9, 'n_kv_head': 9, 'n_embd': 1152, 'window_pattern': 'L'}
Rank 0 | 0/256 (0.00%)
==================================================
Final: 0/256 (0.00%)
SpellingBee accuracy: 0.00%
wandb: updating run metadata
wandb: uploading config.yaml; uploading output.log; uploading wandb-summary.json
wandb: uploading history steps 0-1, summary, console lines 2-5
wandb:
wandb: Run history:
wandb:  eval/spellingbee_accuracy ▁
wandb: final/spellingbee_accuracy ▁
wandb:                 task_index ▁
wandb:
wandb: Run summary:
wandb:  eval/spellingbee_accuracy 0
wandb: final/spellingbee_accuracy 0
wandb:                 task_index 1
wandb:
wandb: 🚀 View run d24_r32_lora_maxoom_2026-03-27_2007_s2048_gc_confirm_s500_spe
llingbee at: https://wandb.ai/sunshines-gmail-com/nanochat-eval/runs/hhf5qp3w
wandb: ⭐️ View project at: https://wandb.ai/sunshines-gmail-com/nanochat-eval
wandb: Synced 5 W&B file(s), 0 media file(s), 0 artifact file(s) and 0 other fil
e(s)
wandb: Find logs at: ./wandb/run-20260328_003614-hhf5qp3w/logs
[W328 01:07:31.189425989 AllocatorConfig.cpp:28] Warning: PYTORCH_CUDA_ALLOC_CON
F is deprecated, use PYTORCH_ALLOC_CONF instead (function operator())
SpellingBee: 0/256 = 0.00% | Wilson95% [0.00%, 1.48%]
[done] confirmation eval complete
summary=/home/sun0115/nanochat-learn/notes/d24_r32_lora_maxoom_2026-03-27_2007_s
2048_gc_best_s500_confirm_summary_1000_2026-03-27_2020.txt
[done] confirm eval finished for d24_r32_lora_maxoom_2026-03-27_2007_s2048_gc
[done] completed at s2048_gc
sun0115@DESKTOP-L4C74MD:~/nanochat-learn/nanochat$

[autopilot]
e(s)
wandb: Find logs at: ./wandb/run-20260328_053323-50wywf0f/logs
[W328 06:04:45.347347321 AllocatorConfig.cpp:28] Warning: PYTORCH_CUDA_ALLOC_CON
F is deprecated, use PYTORCH_ALLOC_CONF instead (function operator())
SpellingBee: 0/256 = 0.00% | Wilson95% [0.00%, 1.48%]
[done] confirmation eval complete
summary=/home/sun0115/nanochat-learn/notes/d24_r32_lora_maxoom_lr5e5_2026-03-28_
0107_s2048_gc_best_s500_confirm_summary_1000_2026-03-28_0120.txt
[done] confirm eval finished for d24_r32_lora_maxoom_lr5e5_2026-03-28_0107_s2048
_gc
[done] completed at s2048_gc
/home/sun0115/nanochat-learn/notes/d24_r32_lora_maxoom_lr5e5_2026-03-28_0107_s20
48_gc_best_s500_confirm_summary_1000_2026-03-28_0120.txt: Filename too long (os
error 36)
[2026-03-28 06:04:45] Could not parse follow-up summary metrics
[2026-03-28 06:04:45] Wrote decision note: /home/sun0115/nanochat-learn/notes/au
to_continue_r32_sft_ablation_2026-03-27_2059_decision.md
[2026-03-28 06:04:45] Autopilot finished. Final action=hold_recipe_change, best_
label=d24_r32_lora_maxoom_2026-03-27_2007, best_score=21.6000
sun0115@DESKTOP-L4C74MD:~/nanochat-learn/nanochat$

[gpu]
NVIDIA GeForce RTX 4070, 0 %, 0 MiB, 12282 MiB

=== 2026-03-28 09:26:37 ===
[chain]
f5qp3w
2026-03-28 00:36:15,236 - nanochat.checkpoint_manager - INFO - Loading model fro
m /home/sun0115/.cache/nanochat/chatsft_checkpoints/d24_r32_lora_maxoom_2026-03-
27_2007_s2048_gc/best with step 500
2026-03-28 00:36:16,102 - nanochat.checkpoint_manager - INFO - Building model wi
th config: {'sequence_len': 2048, 'vocab_size': 32768, 'n_layer': 24, 'n_head':
9, 'n_kv_head': 9, 'n_embd': 1152, 'window_pattern': 'L'}
Rank 0 | 0/256 (0.00%)
==================================================
Final: 0/256 (0.00%)
SpellingBee accuracy: 0.00%
wandb: updating run metadata
wandb: uploading config.yaml; uploading output.log; uploading wandb-summary.json
wandb: uploading history steps 0-1, summary, console lines 2-5
wandb:
wandb: Run history:
wandb:  eval/spellingbee_accuracy ▁
wandb: final/spellingbee_accuracy ▁
wandb:                 task_index ▁
wandb:
wandb: Run summary:
wandb:  eval/spellingbee_accuracy 0
wandb: final/spellingbee_accuracy 0
wandb:                 task_index 1
wandb:
wandb: 🚀 View run d24_r32_lora_maxoom_2026-03-27_2007_s2048_gc_confirm_s500_spe
llingbee at: https://wandb.ai/sunshines-gmail-com/nanochat-eval/runs/hhf5qp3w
wandb: ⭐️ View project at: https://wandb.ai/sunshines-gmail-com/nanochat-eval
wandb: Synced 5 W&B file(s), 0 media file(s), 0 artifact file(s) and 0 other fil
e(s)
wandb: Find logs at: ./wandb/run-20260328_003614-hhf5qp3w/logs
[W328 01:07:31.189425989 AllocatorConfig.cpp:28] Warning: PYTORCH_CUDA_ALLOC_CON
F is deprecated, use PYTORCH_ALLOC_CONF instead (function operator())
SpellingBee: 0/256 = 0.00% | Wilson95% [0.00%, 1.48%]
[done] confirmation eval complete
summary=/home/sun0115/nanochat-learn/notes/d24_r32_lora_maxoom_2026-03-27_2007_s
2048_gc_best_s500_confirm_summary_1000_2026-03-27_2020.txt
[done] confirm eval finished for d24_r32_lora_maxoom_2026-03-27_2007_s2048_gc
[done] completed at s2048_gc
sun0115@DESKTOP-L4C74MD:~/nanochat-learn/nanochat$

[autopilot]
e(s)
wandb: Find logs at: ./wandb/run-20260328_053323-50wywf0f/logs
[W328 06:04:45.347347321 AllocatorConfig.cpp:28] Warning: PYTORCH_CUDA_ALLOC_CON
F is deprecated, use PYTORCH_ALLOC_CONF instead (function operator())
SpellingBee: 0/256 = 0.00% | Wilson95% [0.00%, 1.48%]
[done] confirmation eval complete
summary=/home/sun0115/nanochat-learn/notes/d24_r32_lora_maxoom_lr5e5_2026-03-28_
0107_s2048_gc_best_s500_confirm_summary_1000_2026-03-28_0120.txt
[done] confirm eval finished for d24_r32_lora_maxoom_lr5e5_2026-03-28_0107_s2048
_gc
[done] completed at s2048_gc
/home/sun0115/nanochat-learn/notes/d24_r32_lora_maxoom_lr5e5_2026-03-28_0107_s20
48_gc_best_s500_confirm_summary_1000_2026-03-28_0120.txt: Filename too long (os
error 36)
[2026-03-28 06:04:45] Could not parse follow-up summary metrics
[2026-03-28 06:04:45] Wrote decision note: /home/sun0115/nanochat-learn/notes/au
to_continue_r32_sft_ablation_2026-03-27_2059_decision.md
[2026-03-28 06:04:45] Autopilot finished. Final action=hold_recipe_change, best_
label=d24_r32_lora_maxoom_2026-03-27_2007, best_score=21.6000
sun0115@DESKTOP-L4C74MD:~/nanochat-learn/nanochat$

[gpu]
NVIDIA GeForce RTX 4070, 0 %, 0 MiB, 12282 MiB

=== 2026-03-28 09:31:54 ===
[chain]
f5qp3w
2026-03-28 00:36:15,236 - nanochat.checkpoint_manager - INFO - Loading model fro
m /home/sun0115/.cache/nanochat/chatsft_checkpoints/d24_r32_lora_maxoom_2026-03-
27_2007_s2048_gc/best with step 500
2026-03-28 00:36:16,102 - nanochat.checkpoint_manager - INFO - Building model wi
th config: {'sequence_len': 2048, 'vocab_size': 32768, 'n_layer': 24, 'n_head':
9, 'n_kv_head': 9, 'n_embd': 1152, 'window_pattern': 'L'}
Rank 0 | 0/256 (0.00%)
==================================================
Final: 0/256 (0.00%)
SpellingBee accuracy: 0.00%
wandb: updating run metadata
wandb: uploading config.yaml; uploading output.log; uploading wandb-summary.json
wandb: uploading history steps 0-1, summary, console lines 2-5
wandb:
wandb: Run history:
wandb:  eval/spellingbee_accuracy ▁
wandb: final/spellingbee_accuracy ▁
wandb:                 task_index ▁
wandb:
wandb: Run summary:
wandb:  eval/spellingbee_accuracy 0
wandb: final/spellingbee_accuracy 0
wandb:                 task_index 1
wandb:
wandb: 🚀 View run d24_r32_lora_maxoom_2026-03-27_2007_s2048_gc_confirm_s500_spe
llingbee at: https://wandb.ai/sunshines-gmail-com/nanochat-eval/runs/hhf5qp3w
wandb: ⭐️ View project at: https://wandb.ai/sunshines-gmail-com/nanochat-eval
wandb: Synced 5 W&B file(s), 0 media file(s), 0 artifact file(s) and 0 other fil
e(s)
wandb: Find logs at: ./wandb/run-20260328_003614-hhf5qp3w/logs
[W328 01:07:31.189425989 AllocatorConfig.cpp:28] Warning: PYTORCH_CUDA_ALLOC_CON
F is deprecated, use PYTORCH_ALLOC_CONF instead (function operator())
SpellingBee: 0/256 = 0.00% | Wilson95% [0.00%, 1.48%]
[done] confirmation eval complete
summary=/home/sun0115/nanochat-learn/notes/d24_r32_lora_maxoom_2026-03-27_2007_s
2048_gc_best_s500_confirm_summary_1000_2026-03-27_2020.txt
[done] confirm eval finished for d24_r32_lora_maxoom_2026-03-27_2007_s2048_gc
[done] completed at s2048_gc
sun0115@DESKTOP-L4C74MD:~/nanochat-learn/nanochat$

[autopilot]
e(s)
wandb: Find logs at: ./wandb/run-20260328_053323-50wywf0f/logs
[W328 06:04:45.347347321 AllocatorConfig.cpp:28] Warning: PYTORCH_CUDA_ALLOC_CON
F is deprecated, use PYTORCH_ALLOC_CONF instead (function operator())
SpellingBee: 0/256 = 0.00% | Wilson95% [0.00%, 1.48%]
[done] confirmation eval complete
summary=/home/sun0115/nanochat-learn/notes/d24_r32_lora_maxoom_lr5e5_2026-03-28_
0107_s2048_gc_best_s500_confirm_summary_1000_2026-03-28_0120.txt
[done] confirm eval finished for d24_r32_lora_maxoom_lr5e5_2026-03-28_0107_s2048
_gc
[done] completed at s2048_gc
/home/sun0115/nanochat-learn/notes/d24_r32_lora_maxoom_lr5e5_2026-03-28_0107_s20
48_gc_best_s500_confirm_summary_1000_2026-03-28_0120.txt: Filename too long (os
error 36)
[2026-03-28 06:04:45] Could not parse follow-up summary metrics
[2026-03-28 06:04:45] Wrote decision note: /home/sun0115/nanochat-learn/notes/au
to_continue_r32_sft_ablation_2026-03-27_2059_decision.md
[2026-03-28 06:04:45] Autopilot finished. Final action=hold_recipe_change, best_
label=d24_r32_lora_maxoom_2026-03-27_2007, best_score=21.6000
sun0115@DESKTOP-L4C74MD:~/nanochat-learn/nanochat$

[gpu]
NVIDIA GeForce RTX 4070, 0 %, 0 MiB, 12282 MiB

=== 2026-03-28 09:37:12 ===
[chain]
f5qp3w
2026-03-28 00:36:15,236 - nanochat.checkpoint_manager - INFO - Loading model fro
m /home/sun0115/.cache/nanochat/chatsft_checkpoints/d24_r32_lora_maxoom_2026-03-
27_2007_s2048_gc/best with step 500
2026-03-28 00:36:16,102 - nanochat.checkpoint_manager - INFO - Building model wi
th config: {'sequence_len': 2048, 'vocab_size': 32768, 'n_layer': 24, 'n_head':
9, 'n_kv_head': 9, 'n_embd': 1152, 'window_pattern': 'L'}
Rank 0 | 0/256 (0.00%)
==================================================
Final: 0/256 (0.00%)
SpellingBee accuracy: 0.00%
wandb: updating run metadata
wandb: uploading config.yaml; uploading output.log; uploading wandb-summary.json
wandb: uploading history steps 0-1, summary, console lines 2-5
wandb:
wandb: Run history:
wandb:  eval/spellingbee_accuracy ▁
wandb: final/spellingbee_accuracy ▁
wandb:                 task_index ▁
wandb:
wandb: Run summary:
wandb:  eval/spellingbee_accuracy 0
wandb: final/spellingbee_accuracy 0
wandb:                 task_index 1
wandb:
wandb: 🚀 View run d24_r32_lora_maxoom_2026-03-27_2007_s2048_gc_confirm_s500_spe
llingbee at: https://wandb.ai/sunshines-gmail-com/nanochat-eval/runs/hhf5qp3w
wandb: ⭐️ View project at: https://wandb.ai/sunshines-gmail-com/nanochat-eval
wandb: Synced 5 W&B file(s), 0 media file(s), 0 artifact file(s) and 0 other fil
e(s)
wandb: Find logs at: ./wandb/run-20260328_003614-hhf5qp3w/logs
[W328 01:07:31.189425989 AllocatorConfig.cpp:28] Warning: PYTORCH_CUDA_ALLOC_CON
F is deprecated, use PYTORCH_ALLOC_CONF instead (function operator())
SpellingBee: 0/256 = 0.00% | Wilson95% [0.00%, 1.48%]
[done] confirmation eval complete
summary=/home/sun0115/nanochat-learn/notes/d24_r32_lora_maxoom_2026-03-27_2007_s
2048_gc_best_s500_confirm_summary_1000_2026-03-27_2020.txt
[done] confirm eval finished for d24_r32_lora_maxoom_2026-03-27_2007_s2048_gc
[done] completed at s2048_gc
sun0115@DESKTOP-L4C74MD:~/nanochat-learn/nanochat$

[autopilot]
e(s)
wandb: Find logs at: ./wandb/run-20260328_053323-50wywf0f/logs
[W328 06:04:45.347347321 AllocatorConfig.cpp:28] Warning: PYTORCH_CUDA_ALLOC_CON
F is deprecated, use PYTORCH_ALLOC_CONF instead (function operator())
SpellingBee: 0/256 = 0.00% | Wilson95% [0.00%, 1.48%]
[done] confirmation eval complete
summary=/home/sun0115/nanochat-learn/notes/d24_r32_lora_maxoom_lr5e5_2026-03-28_
0107_s2048_gc_best_s500_confirm_summary_1000_2026-03-28_0120.txt
[done] confirm eval finished for d24_r32_lora_maxoom_lr5e5_2026-03-28_0107_s2048
_gc
[done] completed at s2048_gc
/home/sun0115/nanochat-learn/notes/d24_r32_lora_maxoom_lr5e5_2026-03-28_0107_s20
48_gc_best_s500_confirm_summary_1000_2026-03-28_0120.txt: Filename too long (os
error 36)
[2026-03-28 06:04:45] Could not parse follow-up summary metrics
[2026-03-28 06:04:45] Wrote decision note: /home/sun0115/nanochat-learn/notes/au
to_continue_r32_sft_ablation_2026-03-27_2059_decision.md
[2026-03-28 06:04:45] Autopilot finished. Final action=hold_recipe_change, best_
label=d24_r32_lora_maxoom_2026-03-27_2007, best_score=21.6000
sun0115@DESKTOP-L4C74MD:~/nanochat-learn/nanochat$

[gpu]
NVIDIA GeForce RTX 4070, 0 %, 0 MiB, 12282 MiB

=== 2026-03-28 09:42:24 ===
[chain]
f5qp3w
2026-03-28 00:36:15,236 - nanochat.checkpoint_manager - INFO - Loading model fro
m /home/sun0115/.cache/nanochat/chatsft_checkpoints/d24_r32_lora_maxoom_2026-03-
27_2007_s2048_gc/best with step 500
2026-03-28 00:36:16,102 - nanochat.checkpoint_manager - INFO - Building model wi
th config: {'sequence_len': 2048, 'vocab_size': 32768, 'n_layer': 24, 'n_head':
9, 'n_kv_head': 9, 'n_embd': 1152, 'window_pattern': 'L'}
Rank 0 | 0/256 (0.00%)
==================================================
Final: 0/256 (0.00%)
SpellingBee accuracy: 0.00%
wandb: updating run metadata
wandb: uploading config.yaml; uploading output.log; uploading wandb-summary.json
wandb: uploading history steps 0-1, summary, console lines 2-5
wandb:
wandb: Run history:
wandb:  eval/spellingbee_accuracy ▁
wandb: final/spellingbee_accuracy ▁
wandb:                 task_index ▁
wandb:
wandb: Run summary:
wandb:  eval/spellingbee_accuracy 0
wandb: final/spellingbee_accuracy 0
wandb:                 task_index 1
wandb:
wandb: 🚀 View run d24_r32_lora_maxoom_2026-03-27_2007_s2048_gc_confirm_s500_spe
llingbee at: https://wandb.ai/sunshines-gmail-com/nanochat-eval/runs/hhf5qp3w
wandb: ⭐️ View project at: https://wandb.ai/sunshines-gmail-com/nanochat-eval
wandb: Synced 5 W&B file(s), 0 media file(s), 0 artifact file(s) and 0 other fil
e(s)
wandb: Find logs at: ./wandb/run-20260328_003614-hhf5qp3w/logs
[W328 01:07:31.189425989 AllocatorConfig.cpp:28] Warning: PYTORCH_CUDA_ALLOC_CON
F is deprecated, use PYTORCH_ALLOC_CONF instead (function operator())
SpellingBee: 0/256 = 0.00% | Wilson95% [0.00%, 1.48%]
[done] confirmation eval complete
summary=/home/sun0115/nanochat-learn/notes/d24_r32_lora_maxoom_2026-03-27_2007_s
2048_gc_best_s500_confirm_summary_1000_2026-03-27_2020.txt
[done] confirm eval finished for d24_r32_lora_maxoom_2026-03-27_2007_s2048_gc
[done] completed at s2048_gc
sun0115@DESKTOP-L4C74MD:~/nanochat-learn/nanochat$

[autopilot]
e(s)
wandb: Find logs at: ./wandb/run-20260328_053323-50wywf0f/logs
[W328 06:04:45.347347321 AllocatorConfig.cpp:28] Warning: PYTORCH_CUDA_ALLOC_CON
F is deprecated, use PYTORCH_ALLOC_CONF instead (function operator())
SpellingBee: 0/256 = 0.00% | Wilson95% [0.00%, 1.48%]
[done] confirmation eval complete
summary=/home/sun0115/nanochat-learn/notes/d24_r32_lora_maxoom_lr5e5_2026-03-28_
0107_s2048_gc_best_s500_confirm_summary_1000_2026-03-28_0120.txt
[done] confirm eval finished for d24_r32_lora_maxoom_lr5e5_2026-03-28_0107_s2048
_gc
[done] completed at s2048_gc
/home/sun0115/nanochat-learn/notes/d24_r32_lora_maxoom_lr5e5_2026-03-28_0107_s20
48_gc_best_s500_confirm_summary_1000_2026-03-28_0120.txt: Filename too long (os
error 36)
[2026-03-28 06:04:45] Could not parse follow-up summary metrics
[2026-03-28 06:04:45] Wrote decision note: /home/sun0115/nanochat-learn/notes/au
to_continue_r32_sft_ablation_2026-03-27_2059_decision.md
[2026-03-28 06:04:45] Autopilot finished. Final action=hold_recipe_change, best_
label=d24_r32_lora_maxoom_2026-03-27_2007, best_score=21.6000
sun0115@DESKTOP-L4C74MD:~/nanochat-learn/nanochat$

[gpu]
NVIDIA GeForce RTX 4070, 0 %, 0 MiB, 12282 MiB

=== 2026-03-28 09:47:25 ===
[chain]
f5qp3w
2026-03-28 00:36:15,236 - nanochat.checkpoint_manager - INFO - Loading model fro
m /home/sun0115/.cache/nanochat/chatsft_checkpoints/d24_r32_lora_maxoom_2026-03-
27_2007_s2048_gc/best with step 500
2026-03-28 00:36:16,102 - nanochat.checkpoint_manager - INFO - Building model wi
th config: {'sequence_len': 2048, 'vocab_size': 32768, 'n_layer': 24, 'n_head':
9, 'n_kv_head': 9, 'n_embd': 1152, 'window_pattern': 'L'}
Rank 0 | 0/256 (0.00%)
==================================================
Final: 0/256 (0.00%)
SpellingBee accuracy: 0.00%
wandb: updating run metadata
wandb: uploading config.yaml; uploading output.log; uploading wandb-summary.json
wandb: uploading history steps 0-1, summary, console lines 2-5
wandb:
wandb: Run history:
wandb:  eval/spellingbee_accuracy ▁
wandb: final/spellingbee_accuracy ▁
wandb:                 task_index ▁
wandb:
wandb: Run summary:
wandb:  eval/spellingbee_accuracy 0
wandb: final/spellingbee_accuracy 0
wandb:                 task_index 1
wandb:
wandb: 🚀 View run d24_r32_lora_maxoom_2026-03-27_2007_s2048_gc_confirm_s500_spe
llingbee at: https://wandb.ai/sunshines-gmail-com/nanochat-eval/runs/hhf5qp3w
wandb: ⭐️ View project at: https://wandb.ai/sunshines-gmail-com/nanochat-eval
wandb: Synced 5 W&B file(s), 0 media file(s), 0 artifact file(s) and 0 other fil
e(s)
wandb: Find logs at: ./wandb/run-20260328_003614-hhf5qp3w/logs
[W328 01:07:31.189425989 AllocatorConfig.cpp:28] Warning: PYTORCH_CUDA_ALLOC_CON
F is deprecated, use PYTORCH_ALLOC_CONF instead (function operator())
SpellingBee: 0/256 = 0.00% | Wilson95% [0.00%, 1.48%]
[done] confirmation eval complete
summary=/home/sun0115/nanochat-learn/notes/d24_r32_lora_maxoom_2026-03-27_2007_s
2048_gc_best_s500_confirm_summary_1000_2026-03-27_2020.txt
[done] confirm eval finished for d24_r32_lora_maxoom_2026-03-27_2007_s2048_gc
[done] completed at s2048_gc
sun0115@DESKTOP-L4C74MD:~/nanochat-learn/nanochat$

[autopilot]
e(s)
wandb: Find logs at: ./wandb/run-20260328_053323-50wywf0f/logs
[W328 06:04:45.347347321 AllocatorConfig.cpp:28] Warning: PYTORCH_CUDA_ALLOC_CON
F is deprecated, use PYTORCH_ALLOC_CONF instead (function operator())
SpellingBee: 0/256 = 0.00% | Wilson95% [0.00%, 1.48%]
[done] confirmation eval complete
summary=/home/sun0115/nanochat-learn/notes/d24_r32_lora_maxoom_lr5e5_2026-03-28_
0107_s2048_gc_best_s500_confirm_summary_1000_2026-03-28_0120.txt
[done] confirm eval finished for d24_r32_lora_maxoom_lr5e5_2026-03-28_0107_s2048
_gc
[done] completed at s2048_gc
/home/sun0115/nanochat-learn/notes/d24_r32_lora_maxoom_lr5e5_2026-03-28_0107_s20
48_gc_best_s500_confirm_summary_1000_2026-03-28_0120.txt: Filename too long (os
error 36)
[2026-03-28 06:04:45] Could not parse follow-up summary metrics
[2026-03-28 06:04:45] Wrote decision note: /home/sun0115/nanochat-learn/notes/au
to_continue_r32_sft_ablation_2026-03-27_2059_decision.md
[2026-03-28 06:04:45] Autopilot finished. Final action=hold_recipe_change, best_
label=d24_r32_lora_maxoom_2026-03-27_2007, best_score=21.6000
sun0115@DESKTOP-L4C74MD:~/nanochat-learn/nanochat$

[gpu]
NVIDIA GeForce RTX 4070, 0 %, 0 MiB, 12282 MiB

=== 2026-03-28 09:52:25 ===
[chain]
f5qp3w
2026-03-28 00:36:15,236 - nanochat.checkpoint_manager - INFO - Loading model fro
m /home/sun0115/.cache/nanochat/chatsft_checkpoints/d24_r32_lora_maxoom_2026-03-
27_2007_s2048_gc/best with step 500
2026-03-28 00:36:16,102 - nanochat.checkpoint_manager - INFO - Building model wi
th config: {'sequence_len': 2048, 'vocab_size': 32768, 'n_layer': 24, 'n_head':
9, 'n_kv_head': 9, 'n_embd': 1152, 'window_pattern': 'L'}
Rank 0 | 0/256 (0.00%)
==================================================
Final: 0/256 (0.00%)
SpellingBee accuracy: 0.00%
wandb: updating run metadata
wandb: uploading config.yaml; uploading output.log; uploading wandb-summary.json
wandb: uploading history steps 0-1, summary, console lines 2-5
wandb:
wandb: Run history:
wandb:  eval/spellingbee_accuracy ▁
wandb: final/spellingbee_accuracy ▁
wandb:                 task_index ▁
wandb:
wandb: Run summary:
wandb:  eval/spellingbee_accuracy 0
wandb: final/spellingbee_accuracy 0
wandb:                 task_index 1
wandb:
wandb: 🚀 View run d24_r32_lora_maxoom_2026-03-27_2007_s2048_gc_confirm_s500_spe
llingbee at: https://wandb.ai/sunshines-gmail-com/nanochat-eval/runs/hhf5qp3w
wandb: ⭐️ View project at: https://wandb.ai/sunshines-gmail-com/nanochat-eval
wandb: Synced 5 W&B file(s), 0 media file(s), 0 artifact file(s) and 0 other fil
e(s)
wandb: Find logs at: ./wandb/run-20260328_003614-hhf5qp3w/logs
[W328 01:07:31.189425989 AllocatorConfig.cpp:28] Warning: PYTORCH_CUDA_ALLOC_CON
F is deprecated, use PYTORCH_ALLOC_CONF instead (function operator())
SpellingBee: 0/256 = 0.00% | Wilson95% [0.00%, 1.48%]
[done] confirmation eval complete
summary=/home/sun0115/nanochat-learn/notes/d24_r32_lora_maxoom_2026-03-27_2007_s
2048_gc_best_s500_confirm_summary_1000_2026-03-27_2020.txt
[done] confirm eval finished for d24_r32_lora_maxoom_2026-03-27_2007_s2048_gc
[done] completed at s2048_gc
sun0115@DESKTOP-L4C74MD:~/nanochat-learn/nanochat$

[autopilot]
e(s)
wandb: Find logs at: ./wandb/run-20260328_053323-50wywf0f/logs
[W328 06:04:45.347347321 AllocatorConfig.cpp:28] Warning: PYTORCH_CUDA_ALLOC_CON
F is deprecated, use PYTORCH_ALLOC_CONF instead (function operator())
SpellingBee: 0/256 = 0.00% | Wilson95% [0.00%, 1.48%]
[done] confirmation eval complete
summary=/home/sun0115/nanochat-learn/notes/d24_r32_lora_maxoom_lr5e5_2026-03-28_
0107_s2048_gc_best_s500_confirm_summary_1000_2026-03-28_0120.txt
[done] confirm eval finished for d24_r32_lora_maxoom_lr5e5_2026-03-28_0107_s2048
_gc
[done] completed at s2048_gc
/home/sun0115/nanochat-learn/notes/d24_r32_lora_maxoom_lr5e5_2026-03-28_0107_s20
48_gc_best_s500_confirm_summary_1000_2026-03-28_0120.txt: Filename too long (os
error 36)
[2026-03-28 06:04:45] Could not parse follow-up summary metrics
[2026-03-28 06:04:45] Wrote decision note: /home/sun0115/nanochat-learn/notes/au
to_continue_r32_sft_ablation_2026-03-27_2059_decision.md
[2026-03-28 06:04:45] Autopilot finished. Final action=hold_recipe_change, best_
label=d24_r32_lora_maxoom_2026-03-27_2007, best_score=21.6000
sun0115@DESKTOP-L4C74MD:~/nanochat-learn/nanochat$

[gpu]
NVIDIA GeForce RTX 4070, 0 %, 0 MiB, 12282 MiB

=== 2026-03-28 09:57:25 ===
[chain]
f5qp3w
2026-03-28 00:36:15,236 - nanochat.checkpoint_manager - INFO - Loading model fro
m /home/sun0115/.cache/nanochat/chatsft_checkpoints/d24_r32_lora_maxoom_2026-03-
27_2007_s2048_gc/best with step 500
2026-03-28 00:36:16,102 - nanochat.checkpoint_manager - INFO - Building model wi
th config: {'sequence_len': 2048, 'vocab_size': 32768, 'n_layer': 24, 'n_head':
9, 'n_kv_head': 9, 'n_embd': 1152, 'window_pattern': 'L'}
Rank 0 | 0/256 (0.00%)
==================================================
Final: 0/256 (0.00%)
SpellingBee accuracy: 0.00%
wandb: updating run metadata
wandb: uploading config.yaml; uploading output.log; uploading wandb-summary.json
wandb: uploading history steps 0-1, summary, console lines 2-5
wandb:
wandb: Run history:
wandb:  eval/spellingbee_accuracy ▁
wandb: final/spellingbee_accuracy ▁
wandb:                 task_index ▁
wandb:
wandb: Run summary:
wandb:  eval/spellingbee_accuracy 0
wandb: final/spellingbee_accuracy 0
wandb:                 task_index 1
wandb:
wandb: 🚀 View run d24_r32_lora_maxoom_2026-03-27_2007_s2048_gc_confirm_s500_spe
llingbee at: https://wandb.ai/sunshines-gmail-com/nanochat-eval/runs/hhf5qp3w
wandb: ⭐️ View project at: https://wandb.ai/sunshines-gmail-com/nanochat-eval
wandb: Synced 5 W&B file(s), 0 media file(s), 0 artifact file(s) and 0 other fil
e(s)
wandb: Find logs at: ./wandb/run-20260328_003614-hhf5qp3w/logs
[W328 01:07:31.189425989 AllocatorConfig.cpp:28] Warning: PYTORCH_CUDA_ALLOC_CON
F is deprecated, use PYTORCH_ALLOC_CONF instead (function operator())
SpellingBee: 0/256 = 0.00% | Wilson95% [0.00%, 1.48%]
[done] confirmation eval complete
summary=/home/sun0115/nanochat-learn/notes/d24_r32_lora_maxoom_2026-03-27_2007_s
2048_gc_best_s500_confirm_summary_1000_2026-03-27_2020.txt
[done] confirm eval finished for d24_r32_lora_maxoom_2026-03-27_2007_s2048_gc
[done] completed at s2048_gc
sun0115@DESKTOP-L4C74MD:~/nanochat-learn/nanochat$

[autopilot]
e(s)
wandb: Find logs at: ./wandb/run-20260328_053323-50wywf0f/logs
[W328 06:04:45.347347321 AllocatorConfig.cpp:28] Warning: PYTORCH_CUDA_ALLOC_CON
F is deprecated, use PYTORCH_ALLOC_CONF instead (function operator())
SpellingBee: 0/256 = 0.00% | Wilson95% [0.00%, 1.48%]
[done] confirmation eval complete
summary=/home/sun0115/nanochat-learn/notes/d24_r32_lora_maxoom_lr5e5_2026-03-28_
0107_s2048_gc_best_s500_confirm_summary_1000_2026-03-28_0120.txt
[done] confirm eval finished for d24_r32_lora_maxoom_lr5e5_2026-03-28_0107_s2048
_gc
[done] completed at s2048_gc
/home/sun0115/nanochat-learn/notes/d24_r32_lora_maxoom_lr5e5_2026-03-28_0107_s20
48_gc_best_s500_confirm_summary_1000_2026-03-28_0120.txt: Filename too long (os
error 36)
[2026-03-28 06:04:45] Could not parse follow-up summary metrics
[2026-03-28 06:04:45] Wrote decision note: /home/sun0115/nanochat-learn/notes/au
to_continue_r32_sft_ablation_2026-03-27_2059_decision.md
[2026-03-28 06:04:45] Autopilot finished. Final action=hold_recipe_change, best_
label=d24_r32_lora_maxoom_2026-03-27_2007, best_score=21.6000
sun0115@DESKTOP-L4C74MD:~/nanochat-learn/nanochat$

[gpu]
NVIDIA GeForce RTX 4070, 0 %, 0 MiB, 12282 MiB

=== 2026-03-28 10:02:25 ===
[chain]
f5qp3w
2026-03-28 00:36:15,236 - nanochat.checkpoint_manager - INFO - Loading model fro
m /home/sun0115/.cache/nanochat/chatsft_checkpoints/d24_r32_lora_maxoom_2026-03-
27_2007_s2048_gc/best with step 500
2026-03-28 00:36:16,102 - nanochat.checkpoint_manager - INFO - Building model wi
th config: {'sequence_len': 2048, 'vocab_size': 32768, 'n_layer': 24, 'n_head':
9, 'n_kv_head': 9, 'n_embd': 1152, 'window_pattern': 'L'}
Rank 0 | 0/256 (0.00%)
==================================================
Final: 0/256 (0.00%)
SpellingBee accuracy: 0.00%
wandb: updating run metadata
wandb: uploading config.yaml; uploading output.log; uploading wandb-summary.json
wandb: uploading history steps 0-1, summary, console lines 2-5
wandb:
wandb: Run history:
wandb:  eval/spellingbee_accuracy ▁
wandb: final/spellingbee_accuracy ▁
wandb:                 task_index ▁
wandb:
wandb: Run summary:
wandb:  eval/spellingbee_accuracy 0
wandb: final/spellingbee_accuracy 0
wandb:                 task_index 1
wandb:
wandb: 🚀 View run d24_r32_lora_maxoom_2026-03-27_2007_s2048_gc_confirm_s500_spe
llingbee at: https://wandb.ai/sunshines-gmail-com/nanochat-eval/runs/hhf5qp3w
wandb: ⭐️ View project at: https://wandb.ai/sunshines-gmail-com/nanochat-eval
wandb: Synced 5 W&B file(s), 0 media file(s), 0 artifact file(s) and 0 other fil
e(s)
wandb: Find logs at: ./wandb/run-20260328_003614-hhf5qp3w/logs
[W328 01:07:31.189425989 AllocatorConfig.cpp:28] Warning: PYTORCH_CUDA_ALLOC_CON
F is deprecated, use PYTORCH_ALLOC_CONF instead (function operator())
SpellingBee: 0/256 = 0.00% | Wilson95% [0.00%, 1.48%]
[done] confirmation eval complete
summary=/home/sun0115/nanochat-learn/notes/d24_r32_lora_maxoom_2026-03-27_2007_s
2048_gc_best_s500_confirm_summary_1000_2026-03-27_2020.txt
[done] confirm eval finished for d24_r32_lora_maxoom_2026-03-27_2007_s2048_gc
[done] completed at s2048_gc
sun0115@DESKTOP-L4C74MD:~/nanochat-learn/nanochat$

[autopilot]
e(s)
wandb: Find logs at: ./wandb/run-20260328_053323-50wywf0f/logs
[W328 06:04:45.347347321 AllocatorConfig.cpp:28] Warning: PYTORCH_CUDA_ALLOC_CON
F is deprecated, use PYTORCH_ALLOC_CONF instead (function operator())
SpellingBee: 0/256 = 0.00% | Wilson95% [0.00%, 1.48%]
[done] confirmation eval complete
summary=/home/sun0115/nanochat-learn/notes/d24_r32_lora_maxoom_lr5e5_2026-03-28_
0107_s2048_gc_best_s500_confirm_summary_1000_2026-03-28_0120.txt
[done] confirm eval finished for d24_r32_lora_maxoom_lr5e5_2026-03-28_0107_s2048
_gc
[done] completed at s2048_gc
/home/sun0115/nanochat-learn/notes/d24_r32_lora_maxoom_lr5e5_2026-03-28_0107_s20
48_gc_best_s500_confirm_summary_1000_2026-03-28_0120.txt: Filename too long (os
error 36)
[2026-03-28 06:04:45] Could not parse follow-up summary metrics
[2026-03-28 06:04:45] Wrote decision note: /home/sun0115/nanochat-learn/notes/au
to_continue_r32_sft_ablation_2026-03-27_2059_decision.md
[2026-03-28 06:04:45] Autopilot finished. Final action=hold_recipe_change, best_
label=d24_r32_lora_maxoom_2026-03-27_2007, best_score=21.6000
sun0115@DESKTOP-L4C74MD:~/nanochat-learn/nanochat$

[gpu]
NVIDIA GeForce RTX 4070, 0 %, 0 MiB, 12282 MiB

=== 2026-03-28 10:07:25 ===
[chain]
f5qp3w
2026-03-28 00:36:15,236 - nanochat.checkpoint_manager - INFO - Loading model fro
m /home/sun0115/.cache/nanochat/chatsft_checkpoints/d24_r32_lora_maxoom_2026-03-
27_2007_s2048_gc/best with step 500
2026-03-28 00:36:16,102 - nanochat.checkpoint_manager - INFO - Building model wi
th config: {'sequence_len': 2048, 'vocab_size': 32768, 'n_layer': 24, 'n_head':
9, 'n_kv_head': 9, 'n_embd': 1152, 'window_pattern': 'L'}
Rank 0 | 0/256 (0.00%)
==================================================
Final: 0/256 (0.00%)
SpellingBee accuracy: 0.00%
wandb: updating run metadata
wandb: uploading config.yaml; uploading output.log; uploading wandb-summary.json
wandb: uploading history steps 0-1, summary, console lines 2-5
wandb:
wandb: Run history:
wandb:  eval/spellingbee_accuracy ▁
wandb: final/spellingbee_accuracy ▁
wandb:                 task_index ▁
wandb:
wandb: Run summary:
wandb:  eval/spellingbee_accuracy 0
wandb: final/spellingbee_accuracy 0
wandb:                 task_index 1
wandb:
wandb: 🚀 View run d24_r32_lora_maxoom_2026-03-27_2007_s2048_gc_confirm_s500_spe
llingbee at: https://wandb.ai/sunshines-gmail-com/nanochat-eval/runs/hhf5qp3w
wandb: ⭐️ View project at: https://wandb.ai/sunshines-gmail-com/nanochat-eval
wandb: Synced 5 W&B file(s), 0 media file(s), 0 artifact file(s) and 0 other fil
e(s)
wandb: Find logs at: ./wandb/run-20260328_003614-hhf5qp3w/logs
[W328 01:07:31.189425989 AllocatorConfig.cpp:28] Warning: PYTORCH_CUDA_ALLOC_CON
F is deprecated, use PYTORCH_ALLOC_CONF instead (function operator())
SpellingBee: 0/256 = 0.00% | Wilson95% [0.00%, 1.48%]
[done] confirmation eval complete
summary=/home/sun0115/nanochat-learn/notes/d24_r32_lora_maxoom_2026-03-27_2007_s
2048_gc_best_s500_confirm_summary_1000_2026-03-27_2020.txt
[done] confirm eval finished for d24_r32_lora_maxoom_2026-03-27_2007_s2048_gc
[done] completed at s2048_gc
sun0115@DESKTOP-L4C74MD:~/nanochat-learn/nanochat$

[autopilot]
e(s)
wandb: Find logs at: ./wandb/run-20260328_053323-50wywf0f/logs
[W328 06:04:45.347347321 AllocatorConfig.cpp:28] Warning: PYTORCH_CUDA_ALLOC_CON
F is deprecated, use PYTORCH_ALLOC_CONF instead (function operator())
SpellingBee: 0/256 = 0.00% | Wilson95% [0.00%, 1.48%]
[done] confirmation eval complete
summary=/home/sun0115/nanochat-learn/notes/d24_r32_lora_maxoom_lr5e5_2026-03-28_
0107_s2048_gc_best_s500_confirm_summary_1000_2026-03-28_0120.txt
[done] confirm eval finished for d24_r32_lora_maxoom_lr5e5_2026-03-28_0107_s2048
_gc
[done] completed at s2048_gc
/home/sun0115/nanochat-learn/notes/d24_r32_lora_maxoom_lr5e5_2026-03-28_0107_s20
48_gc_best_s500_confirm_summary_1000_2026-03-28_0120.txt: Filename too long (os
error 36)
[2026-03-28 06:04:45] Could not parse follow-up summary metrics
[2026-03-28 06:04:45] Wrote decision note: /home/sun0115/nanochat-learn/notes/au
to_continue_r32_sft_ablation_2026-03-27_2059_decision.md
[2026-03-28 06:04:45] Autopilot finished. Final action=hold_recipe_change, best_
label=d24_r32_lora_maxoom_2026-03-27_2007, best_score=21.6000
sun0115@DESKTOP-L4C74MD:~/nanochat-learn/nanochat$

[gpu]
NVIDIA GeForce RTX 4070, 0 %, 0 MiB, 12282 MiB

=== 2026-03-28 10:12:25 ===
[chain]
f5qp3w
2026-03-28 00:36:15,236 - nanochat.checkpoint_manager - INFO - Loading model fro
m /home/sun0115/.cache/nanochat/chatsft_checkpoints/d24_r32_lora_maxoom_2026-03-
27_2007_s2048_gc/best with step 500
2026-03-28 00:36:16,102 - nanochat.checkpoint_manager - INFO - Building model wi
th config: {'sequence_len': 2048, 'vocab_size': 32768, 'n_layer': 24, 'n_head':
9, 'n_kv_head': 9, 'n_embd': 1152, 'window_pattern': 'L'}
Rank 0 | 0/256 (0.00%)
==================================================
Final: 0/256 (0.00%)
SpellingBee accuracy: 0.00%
wandb: updating run metadata
wandb: uploading config.yaml; uploading output.log; uploading wandb-summary.json
wandb: uploading history steps 0-1, summary, console lines 2-5
wandb:
wandb: Run history:
wandb:  eval/spellingbee_accuracy ▁
wandb: final/spellingbee_accuracy ▁
wandb:                 task_index ▁
wandb:
wandb: Run summary:
wandb:  eval/spellingbee_accuracy 0
wandb: final/spellingbee_accuracy 0
wandb:                 task_index 1
wandb:
wandb: 🚀 View run d24_r32_lora_maxoom_2026-03-27_2007_s2048_gc_confirm_s500_spe
llingbee at: https://wandb.ai/sunshines-gmail-com/nanochat-eval/runs/hhf5qp3w
wandb: ⭐️ View project at: https://wandb.ai/sunshines-gmail-com/nanochat-eval
wandb: Synced 5 W&B file(s), 0 media file(s), 0 artifact file(s) and 0 other fil
e(s)
wandb: Find logs at: ./wandb/run-20260328_003614-hhf5qp3w/logs
[W328 01:07:31.189425989 AllocatorConfig.cpp:28] Warning: PYTORCH_CUDA_ALLOC_CON
F is deprecated, use PYTORCH_ALLOC_CONF instead (function operator())
SpellingBee: 0/256 = 0.00% | Wilson95% [0.00%, 1.48%]
[done] confirmation eval complete
summary=/home/sun0115/nanochat-learn/notes/d24_r32_lora_maxoom_2026-03-27_2007_s
2048_gc_best_s500_confirm_summary_1000_2026-03-27_2020.txt
[done] confirm eval finished for d24_r32_lora_maxoom_2026-03-27_2007_s2048_gc
[done] completed at s2048_gc
sun0115@DESKTOP-L4C74MD:~/nanochat-learn/nanochat$

[autopilot]
e(s)
wandb: Find logs at: ./wandb/run-20260328_053323-50wywf0f/logs
[W328 06:04:45.347347321 AllocatorConfig.cpp:28] Warning: PYTORCH_CUDA_ALLOC_CON
F is deprecated, use PYTORCH_ALLOC_CONF instead (function operator())
SpellingBee: 0/256 = 0.00% | Wilson95% [0.00%, 1.48%]
[done] confirmation eval complete
summary=/home/sun0115/nanochat-learn/notes/d24_r32_lora_maxoom_lr5e5_2026-03-28_
0107_s2048_gc_best_s500_confirm_summary_1000_2026-03-28_0120.txt
[done] confirm eval finished for d24_r32_lora_maxoom_lr5e5_2026-03-28_0107_s2048
_gc
[done] completed at s2048_gc
/home/sun0115/nanochat-learn/notes/d24_r32_lora_maxoom_lr5e5_2026-03-28_0107_s20
48_gc_best_s500_confirm_summary_1000_2026-03-28_0120.txt: Filename too long (os
error 36)
[2026-03-28 06:04:45] Could not parse follow-up summary metrics
[2026-03-28 06:04:45] Wrote decision note: /home/sun0115/nanochat-learn/notes/au
to_continue_r32_sft_ablation_2026-03-27_2059_decision.md
[2026-03-28 06:04:45] Autopilot finished. Final action=hold_recipe_change, best_
label=d24_r32_lora_maxoom_2026-03-27_2007, best_score=21.6000
sun0115@DESKTOP-L4C74MD:~/nanochat-learn/nanochat$

[gpu]
NVIDIA GeForce RTX 4070, 0 %, 0 MiB, 12282 MiB

=== 2026-03-28 10:17:25 ===
[chain]
f5qp3w
2026-03-28 00:36:15,236 - nanochat.checkpoint_manager - INFO - Loading model fro
m /home/sun0115/.cache/nanochat/chatsft_checkpoints/d24_r32_lora_maxoom_2026-03-
27_2007_s2048_gc/best with step 500
2026-03-28 00:36:16,102 - nanochat.checkpoint_manager - INFO - Building model wi
th config: {'sequence_len': 2048, 'vocab_size': 32768, 'n_layer': 24, 'n_head':
9, 'n_kv_head': 9, 'n_embd': 1152, 'window_pattern': 'L'}
Rank 0 | 0/256 (0.00%)
==================================================
Final: 0/256 (0.00%)
SpellingBee accuracy: 0.00%
wandb: updating run metadata
wandb: uploading config.yaml; uploading output.log; uploading wandb-summary.json
wandb: uploading history steps 0-1, summary, console lines 2-5
wandb:
wandb: Run history:
wandb:  eval/spellingbee_accuracy ▁
wandb: final/spellingbee_accuracy ▁
wandb:                 task_index ▁
wandb:
wandb: Run summary:
wandb:  eval/spellingbee_accuracy 0
wandb: final/spellingbee_accuracy 0
wandb:                 task_index 1
wandb:
wandb: 🚀 View run d24_r32_lora_maxoom_2026-03-27_2007_s2048_gc_confirm_s500_spe
llingbee at: https://wandb.ai/sunshines-gmail-com/nanochat-eval/runs/hhf5qp3w
wandb: ⭐️ View project at: https://wandb.ai/sunshines-gmail-com/nanochat-eval
wandb: Synced 5 W&B file(s), 0 media file(s), 0 artifact file(s) and 0 other fil
e(s)
wandb: Find logs at: ./wandb/run-20260328_003614-hhf5qp3w/logs
[W328 01:07:31.189425989 AllocatorConfig.cpp:28] Warning: PYTORCH_CUDA_ALLOC_CON
F is deprecated, use PYTORCH_ALLOC_CONF instead (function operator())
SpellingBee: 0/256 = 0.00% | Wilson95% [0.00%, 1.48%]
[done] confirmation eval complete
summary=/home/sun0115/nanochat-learn/notes/d24_r32_lora_maxoom_2026-03-27_2007_s
2048_gc_best_s500_confirm_summary_1000_2026-03-27_2020.txt
[done] confirm eval finished for d24_r32_lora_maxoom_2026-03-27_2007_s2048_gc
[done] completed at s2048_gc
sun0115@DESKTOP-L4C74MD:~/nanochat-learn/nanochat$

[autopilot]
e(s)
wandb: Find logs at: ./wandb/run-20260328_053323-50wywf0f/logs
[W328 06:04:45.347347321 AllocatorConfig.cpp:28] Warning: PYTORCH_CUDA_ALLOC_CON
F is deprecated, use PYTORCH_ALLOC_CONF instead (function operator())
SpellingBee: 0/256 = 0.00% | Wilson95% [0.00%, 1.48%]
[done] confirmation eval complete
summary=/home/sun0115/nanochat-learn/notes/d24_r32_lora_maxoom_lr5e5_2026-03-28_
0107_s2048_gc_best_s500_confirm_summary_1000_2026-03-28_0120.txt
[done] confirm eval finished for d24_r32_lora_maxoom_lr5e5_2026-03-28_0107_s2048
_gc
[done] completed at s2048_gc
/home/sun0115/nanochat-learn/notes/d24_r32_lora_maxoom_lr5e5_2026-03-28_0107_s20
48_gc_best_s500_confirm_summary_1000_2026-03-28_0120.txt: Filename too long (os
error 36)
[2026-03-28 06:04:45] Could not parse follow-up summary metrics
[2026-03-28 06:04:45] Wrote decision note: /home/sun0115/nanochat-learn/notes/au
to_continue_r32_sft_ablation_2026-03-27_2059_decision.md
[2026-03-28 06:04:45] Autopilot finished. Final action=hold_recipe_change, best_
label=d24_r32_lora_maxoom_2026-03-27_2007, best_score=21.6000
sun0115@DESKTOP-L4C74MD:~/nanochat-learn/nanochat$

[gpu]
NVIDIA GeForce RTX 4070, 0 %, 0 MiB, 12282 MiB

=== 2026-03-28 10:22:25 ===
[chain]
f5qp3w
2026-03-28 00:36:15,236 - nanochat.checkpoint_manager - INFO - Loading model fro
m /home/sun0115/.cache/nanochat/chatsft_checkpoints/d24_r32_lora_maxoom_2026-03-
27_2007_s2048_gc/best with step 500
2026-03-28 00:36:16,102 - nanochat.checkpoint_manager - INFO - Building model wi
th config: {'sequence_len': 2048, 'vocab_size': 32768, 'n_layer': 24, 'n_head':
9, 'n_kv_head': 9, 'n_embd': 1152, 'window_pattern': 'L'}
Rank 0 | 0/256 (0.00%)
==================================================
Final: 0/256 (0.00%)
SpellingBee accuracy: 0.00%
wandb: updating run metadata
wandb: uploading config.yaml; uploading output.log; uploading wandb-summary.json
wandb: uploading history steps 0-1, summary, console lines 2-5
wandb:
wandb: Run history:
wandb:  eval/spellingbee_accuracy ▁
wandb: final/spellingbee_accuracy ▁
wandb:                 task_index ▁
wandb:
wandb: Run summary:
wandb:  eval/spellingbee_accuracy 0
wandb: final/spellingbee_accuracy 0
wandb:                 task_index 1
wandb:
wandb: 🚀 View run d24_r32_lora_maxoom_2026-03-27_2007_s2048_gc_confirm_s500_spe
llingbee at: https://wandb.ai/sunshines-gmail-com/nanochat-eval/runs/hhf5qp3w
wandb: ⭐️ View project at: https://wandb.ai/sunshines-gmail-com/nanochat-eval
wandb: Synced 5 W&B file(s), 0 media file(s), 0 artifact file(s) and 0 other fil
e(s)
wandb: Find logs at: ./wandb/run-20260328_003614-hhf5qp3w/logs
[W328 01:07:31.189425989 AllocatorConfig.cpp:28] Warning: PYTORCH_CUDA_ALLOC_CON
F is deprecated, use PYTORCH_ALLOC_CONF instead (function operator())
SpellingBee: 0/256 = 0.00% | Wilson95% [0.00%, 1.48%]
[done] confirmation eval complete
summary=/home/sun0115/nanochat-learn/notes/d24_r32_lora_maxoom_2026-03-27_2007_s
2048_gc_best_s500_confirm_summary_1000_2026-03-27_2020.txt
[done] confirm eval finished for d24_r32_lora_maxoom_2026-03-27_2007_s2048_gc
[done] completed at s2048_gc
sun0115@DESKTOP-L4C74MD:~/nanochat-learn/nanochat$

[autopilot]
e(s)
wandb: Find logs at: ./wandb/run-20260328_053323-50wywf0f/logs
[W328 06:04:45.347347321 AllocatorConfig.cpp:28] Warning: PYTORCH_CUDA_ALLOC_CON
F is deprecated, use PYTORCH_ALLOC_CONF instead (function operator())
SpellingBee: 0/256 = 0.00% | Wilson95% [0.00%, 1.48%]
[done] confirmation eval complete
summary=/home/sun0115/nanochat-learn/notes/d24_r32_lora_maxoom_lr5e5_2026-03-28_
0107_s2048_gc_best_s500_confirm_summary_1000_2026-03-28_0120.txt
[done] confirm eval finished for d24_r32_lora_maxoom_lr5e5_2026-03-28_0107_s2048
_gc
[done] completed at s2048_gc
/home/sun0115/nanochat-learn/notes/d24_r32_lora_maxoom_lr5e5_2026-03-28_0107_s20
48_gc_best_s500_confirm_summary_1000_2026-03-28_0120.txt: Filename too long (os
error 36)
[2026-03-28 06:04:45] Could not parse follow-up summary metrics
[2026-03-28 06:04:45] Wrote decision note: /home/sun0115/nanochat-learn/notes/au
to_continue_r32_sft_ablation_2026-03-27_2059_decision.md
[2026-03-28 06:04:45] Autopilot finished. Final action=hold_recipe_change, best_
label=d24_r32_lora_maxoom_2026-03-27_2007, best_score=21.6000
sun0115@DESKTOP-L4C74MD:~/nanochat-learn/nanochat$

[gpu]
NVIDIA GeForce RTX 4070, 0 %, 0 MiB, 12282 MiB

=== 2026-03-28 10:27:25 ===
[chain]
f5qp3w
2026-03-28 00:36:15,236 - nanochat.checkpoint_manager - INFO - Loading model fro
m /home/sun0115/.cache/nanochat/chatsft_checkpoints/d24_r32_lora_maxoom_2026-03-
27_2007_s2048_gc/best with step 500
2026-03-28 00:36:16,102 - nanochat.checkpoint_manager - INFO - Building model wi
th config: {'sequence_len': 2048, 'vocab_size': 32768, 'n_layer': 24, 'n_head':
9, 'n_kv_head': 9, 'n_embd': 1152, 'window_pattern': 'L'}
Rank 0 | 0/256 (0.00%)
==================================================
Final: 0/256 (0.00%)
SpellingBee accuracy: 0.00%
wandb: updating run metadata
wandb: uploading config.yaml; uploading output.log; uploading wandb-summary.json
wandb: uploading history steps 0-1, summary, console lines 2-5
wandb:
wandb: Run history:
wandb:  eval/spellingbee_accuracy ▁
wandb: final/spellingbee_accuracy ▁
wandb:                 task_index ▁
wandb:
wandb: Run summary:
wandb:  eval/spellingbee_accuracy 0
wandb: final/spellingbee_accuracy 0
wandb:                 task_index 1
wandb:
wandb: 🚀 View run d24_r32_lora_maxoom_2026-03-27_2007_s2048_gc_confirm_s500_spe
llingbee at: https://wandb.ai/sunshines-gmail-com/nanochat-eval/runs/hhf5qp3w
wandb: ⭐️ View project at: https://wandb.ai/sunshines-gmail-com/nanochat-eval
wandb: Synced 5 W&B file(s), 0 media file(s), 0 artifact file(s) and 0 other fil
e(s)
wandb: Find logs at: ./wandb/run-20260328_003614-hhf5qp3w/logs
[W328 01:07:31.189425989 AllocatorConfig.cpp:28] Warning: PYTORCH_CUDA_ALLOC_CON
F is deprecated, use PYTORCH_ALLOC_CONF instead (function operator())
SpellingBee: 0/256 = 0.00% | Wilson95% [0.00%, 1.48%]
[done] confirmation eval complete
summary=/home/sun0115/nanochat-learn/notes/d24_r32_lora_maxoom_2026-03-27_2007_s
2048_gc_best_s500_confirm_summary_1000_2026-03-27_2020.txt
[done] confirm eval finished for d24_r32_lora_maxoom_2026-03-27_2007_s2048_gc
[done] completed at s2048_gc
sun0115@DESKTOP-L4C74MD:~/nanochat-learn/nanochat$

[autopilot]
e(s)
wandb: Find logs at: ./wandb/run-20260328_053323-50wywf0f/logs
[W328 06:04:45.347347321 AllocatorConfig.cpp:28] Warning: PYTORCH_CUDA_ALLOC_CON
F is deprecated, use PYTORCH_ALLOC_CONF instead (function operator())
SpellingBee: 0/256 = 0.00% | Wilson95% [0.00%, 1.48%]
[done] confirmation eval complete
summary=/home/sun0115/nanochat-learn/notes/d24_r32_lora_maxoom_lr5e5_2026-03-28_
0107_s2048_gc_best_s500_confirm_summary_1000_2026-03-28_0120.txt
[done] confirm eval finished for d24_r32_lora_maxoom_lr5e5_2026-03-28_0107_s2048
_gc
[done] completed at s2048_gc
/home/sun0115/nanochat-learn/notes/d24_r32_lora_maxoom_lr5e5_2026-03-28_0107_s20
48_gc_best_s500_confirm_summary_1000_2026-03-28_0120.txt: Filename too long (os
error 36)
[2026-03-28 06:04:45] Could not parse follow-up summary metrics
[2026-03-28 06:04:45] Wrote decision note: /home/sun0115/nanochat-learn/notes/au
to_continue_r32_sft_ablation_2026-03-27_2059_decision.md
[2026-03-28 06:04:45] Autopilot finished. Final action=hold_recipe_change, best_
label=d24_r32_lora_maxoom_2026-03-27_2007, best_score=21.6000
sun0115@DESKTOP-L4C74MD:~/nanochat-learn/nanochat$

[gpu]
NVIDIA GeForce RTX 4070, 0 %, 0 MiB, 12282 MiB

=== 2026-03-28 10:32:25 ===
[chain]
f5qp3w
2026-03-28 00:36:15,236 - nanochat.checkpoint_manager - INFO - Loading model fro
m /home/sun0115/.cache/nanochat/chatsft_checkpoints/d24_r32_lora_maxoom_2026-03-
27_2007_s2048_gc/best with step 500
2026-03-28 00:36:16,102 - nanochat.checkpoint_manager - INFO - Building model wi
th config: {'sequence_len': 2048, 'vocab_size': 32768, 'n_layer': 24, 'n_head':
9, 'n_kv_head': 9, 'n_embd': 1152, 'window_pattern': 'L'}
Rank 0 | 0/256 (0.00%)
==================================================
Final: 0/256 (0.00%)
SpellingBee accuracy: 0.00%
wandb: updating run metadata
wandb: uploading config.yaml; uploading output.log; uploading wandb-summary.json
wandb: uploading history steps 0-1, summary, console lines 2-5
wandb:
wandb: Run history:
wandb:  eval/spellingbee_accuracy ▁
wandb: final/spellingbee_accuracy ▁
wandb:                 task_index ▁
wandb:
wandb: Run summary:
wandb:  eval/spellingbee_accuracy 0
wandb: final/spellingbee_accuracy 0
wandb:                 task_index 1
wandb:
wandb: 🚀 View run d24_r32_lora_maxoom_2026-03-27_2007_s2048_gc_confirm_s500_spe
llingbee at: https://wandb.ai/sunshines-gmail-com/nanochat-eval/runs/hhf5qp3w
wandb: ⭐️ View project at: https://wandb.ai/sunshines-gmail-com/nanochat-eval
wandb: Synced 5 W&B file(s), 0 media file(s), 0 artifact file(s) and 0 other fil
e(s)
wandb: Find logs at: ./wandb/run-20260328_003614-hhf5qp3w/logs
[W328 01:07:31.189425989 AllocatorConfig.cpp:28] Warning: PYTORCH_CUDA_ALLOC_CON
F is deprecated, use PYTORCH_ALLOC_CONF instead (function operator())
SpellingBee: 0/256 = 0.00% | Wilson95% [0.00%, 1.48%]
[done] confirmation eval complete
summary=/home/sun0115/nanochat-learn/notes/d24_r32_lora_maxoom_2026-03-27_2007_s
2048_gc_best_s500_confirm_summary_1000_2026-03-27_2020.txt
[done] confirm eval finished for d24_r32_lora_maxoom_2026-03-27_2007_s2048_gc
[done] completed at s2048_gc
sun0115@DESKTOP-L4C74MD:~/nanochat-learn/nanochat$

[autopilot]
e(s)
wandb: Find logs at: ./wandb/run-20260328_053323-50wywf0f/logs
[W328 06:04:45.347347321 AllocatorConfig.cpp:28] Warning: PYTORCH_CUDA_ALLOC_CON
F is deprecated, use PYTORCH_ALLOC_CONF instead (function operator())
SpellingBee: 0/256 = 0.00% | Wilson95% [0.00%, 1.48%]
[done] confirmation eval complete
summary=/home/sun0115/nanochat-learn/notes/d24_r32_lora_maxoom_lr5e5_2026-03-28_
0107_s2048_gc_best_s500_confirm_summary_1000_2026-03-28_0120.txt
[done] confirm eval finished for d24_r32_lora_maxoom_lr5e5_2026-03-28_0107_s2048
_gc
[done] completed at s2048_gc
/home/sun0115/nanochat-learn/notes/d24_r32_lora_maxoom_lr5e5_2026-03-28_0107_s20
48_gc_best_s500_confirm_summary_1000_2026-03-28_0120.txt: Filename too long (os
error 36)
[2026-03-28 06:04:45] Could not parse follow-up summary metrics
[2026-03-28 06:04:45] Wrote decision note: /home/sun0115/nanochat-learn/notes/au
to_continue_r32_sft_ablation_2026-03-27_2059_decision.md
[2026-03-28 06:04:45] Autopilot finished. Final action=hold_recipe_change, best_
label=d24_r32_lora_maxoom_2026-03-27_2007, best_score=21.6000
sun0115@DESKTOP-L4C74MD:~/nanochat-learn/nanochat$

[gpu]
NVIDIA GeForce RTX 4070, 0 %, 0 MiB, 12282 MiB

=== 2026-03-28 10:37:25 ===
[chain]
f5qp3w
2026-03-28 00:36:15,236 - nanochat.checkpoint_manager - INFO - Loading model fro
m /home/sun0115/.cache/nanochat/chatsft_checkpoints/d24_r32_lora_maxoom_2026-03-
27_2007_s2048_gc/best with step 500
2026-03-28 00:36:16,102 - nanochat.checkpoint_manager - INFO - Building model wi
th config: {'sequence_len': 2048, 'vocab_size': 32768, 'n_layer': 24, 'n_head':
9, 'n_kv_head': 9, 'n_embd': 1152, 'window_pattern': 'L'}
Rank 0 | 0/256 (0.00%)
==================================================
Final: 0/256 (0.00%)
SpellingBee accuracy: 0.00%
wandb: updating run metadata
wandb: uploading config.yaml; uploading output.log; uploading wandb-summary.json
wandb: uploading history steps 0-1, summary, console lines 2-5
wandb:
wandb: Run history:
wandb:  eval/spellingbee_accuracy ▁
wandb: final/spellingbee_accuracy ▁
wandb:                 task_index ▁
wandb:
wandb: Run summary:
wandb:  eval/spellingbee_accuracy 0
wandb: final/spellingbee_accuracy 0
wandb:                 task_index 1
wandb:
wandb: 🚀 View run d24_r32_lora_maxoom_2026-03-27_2007_s2048_gc_confirm_s500_spe
llingbee at: https://wandb.ai/sunshines-gmail-com/nanochat-eval/runs/hhf5qp3w
wandb: ⭐️ View project at: https://wandb.ai/sunshines-gmail-com/nanochat-eval
wandb: Synced 5 W&B file(s), 0 media file(s), 0 artifact file(s) and 0 other fil
e(s)
wandb: Find logs at: ./wandb/run-20260328_003614-hhf5qp3w/logs
[W328 01:07:31.189425989 AllocatorConfig.cpp:28] Warning: PYTORCH_CUDA_ALLOC_CON
F is deprecated, use PYTORCH_ALLOC_CONF instead (function operator())
SpellingBee: 0/256 = 0.00% | Wilson95% [0.00%, 1.48%]
[done] confirmation eval complete
summary=/home/sun0115/nanochat-learn/notes/d24_r32_lora_maxoom_2026-03-27_2007_s
2048_gc_best_s500_confirm_summary_1000_2026-03-27_2020.txt
[done] confirm eval finished for d24_r32_lora_maxoom_2026-03-27_2007_s2048_gc
[done] completed at s2048_gc
sun0115@DESKTOP-L4C74MD:~/nanochat-learn/nanochat$

[autopilot]
e(s)
wandb: Find logs at: ./wandb/run-20260328_053323-50wywf0f/logs
[W328 06:04:45.347347321 AllocatorConfig.cpp:28] Warning: PYTORCH_CUDA_ALLOC_CON
F is deprecated, use PYTORCH_ALLOC_CONF instead (function operator())
SpellingBee: 0/256 = 0.00% | Wilson95% [0.00%, 1.48%]
[done] confirmation eval complete
summary=/home/sun0115/nanochat-learn/notes/d24_r32_lora_maxoom_lr5e5_2026-03-28_
0107_s2048_gc_best_s500_confirm_summary_1000_2026-03-28_0120.txt
[done] confirm eval finished for d24_r32_lora_maxoom_lr5e5_2026-03-28_0107_s2048
_gc
[done] completed at s2048_gc
/home/sun0115/nanochat-learn/notes/d24_r32_lora_maxoom_lr5e5_2026-03-28_0107_s20
48_gc_best_s500_confirm_summary_1000_2026-03-28_0120.txt: Filename too long (os
error 36)
[2026-03-28 06:04:45] Could not parse follow-up summary metrics
[2026-03-28 06:04:45] Wrote decision note: /home/sun0115/nanochat-learn/notes/au
to_continue_r32_sft_ablation_2026-03-27_2059_decision.md
[2026-03-28 06:04:45] Autopilot finished. Final action=hold_recipe_change, best_
label=d24_r32_lora_maxoom_2026-03-27_2007, best_score=21.6000
sun0115@DESKTOP-L4C74MD:~/nanochat-learn/nanochat$

[gpu]
NVIDIA GeForce RTX 4070, 0 %, 0 MiB, 12282 MiB

=== 2026-03-28 10:42:25 ===
[chain]
f5qp3w
2026-03-28 00:36:15,236 - nanochat.checkpoint_manager - INFO - Loading model fro
m /home/sun0115/.cache/nanochat/chatsft_checkpoints/d24_r32_lora_maxoom_2026-03-
27_2007_s2048_gc/best with step 500
2026-03-28 00:36:16,102 - nanochat.checkpoint_manager - INFO - Building model wi
th config: {'sequence_len': 2048, 'vocab_size': 32768, 'n_layer': 24, 'n_head':
9, 'n_kv_head': 9, 'n_embd': 1152, 'window_pattern': 'L'}
Rank 0 | 0/256 (0.00%)
==================================================
Final: 0/256 (0.00%)
SpellingBee accuracy: 0.00%
wandb: updating run metadata
wandb: uploading config.yaml; uploading output.log; uploading wandb-summary.json
wandb: uploading history steps 0-1, summary, console lines 2-5
wandb:
wandb: Run history:
wandb:  eval/spellingbee_accuracy ▁
wandb: final/spellingbee_accuracy ▁
wandb:                 task_index ▁
wandb:
wandb: Run summary:
wandb:  eval/spellingbee_accuracy 0
wandb: final/spellingbee_accuracy 0
wandb:                 task_index 1
wandb:
wandb: 🚀 View run d24_r32_lora_maxoom_2026-03-27_2007_s2048_gc_confirm_s500_spe
llingbee at: https://wandb.ai/sunshines-gmail-com/nanochat-eval/runs/hhf5qp3w
wandb: ⭐️ View project at: https://wandb.ai/sunshines-gmail-com/nanochat-eval
wandb: Synced 5 W&B file(s), 0 media file(s), 0 artifact file(s) and 0 other fil
e(s)
wandb: Find logs at: ./wandb/run-20260328_003614-hhf5qp3w/logs
[W328 01:07:31.189425989 AllocatorConfig.cpp:28] Warning: PYTORCH_CUDA_ALLOC_CON
F is deprecated, use PYTORCH_ALLOC_CONF instead (function operator())
SpellingBee: 0/256 = 0.00% | Wilson95% [0.00%, 1.48%]
[done] confirmation eval complete
summary=/home/sun0115/nanochat-learn/notes/d24_r32_lora_maxoom_2026-03-27_2007_s
2048_gc_best_s500_confirm_summary_1000_2026-03-27_2020.txt
[done] confirm eval finished for d24_r32_lora_maxoom_2026-03-27_2007_s2048_gc
[done] completed at s2048_gc
sun0115@DESKTOP-L4C74MD:~/nanochat-learn/nanochat$

[autopilot]
e(s)
wandb: Find logs at: ./wandb/run-20260328_053323-50wywf0f/logs
[W328 06:04:45.347347321 AllocatorConfig.cpp:28] Warning: PYTORCH_CUDA_ALLOC_CON
F is deprecated, use PYTORCH_ALLOC_CONF instead (function operator())
SpellingBee: 0/256 = 0.00% | Wilson95% [0.00%, 1.48%]
[done] confirmation eval complete
summary=/home/sun0115/nanochat-learn/notes/d24_r32_lora_maxoom_lr5e5_2026-03-28_
0107_s2048_gc_best_s500_confirm_summary_1000_2026-03-28_0120.txt
[done] confirm eval finished for d24_r32_lora_maxoom_lr5e5_2026-03-28_0107_s2048
_gc
[done] completed at s2048_gc
/home/sun0115/nanochat-learn/notes/d24_r32_lora_maxoom_lr5e5_2026-03-28_0107_s20
48_gc_best_s500_confirm_summary_1000_2026-03-28_0120.txt: Filename too long (os
error 36)
[2026-03-28 06:04:45] Could not parse follow-up summary metrics
[2026-03-28 06:04:45] Wrote decision note: /home/sun0115/nanochat-learn/notes/au
to_continue_r32_sft_ablation_2026-03-27_2059_decision.md
[2026-03-28 06:04:45] Autopilot finished. Final action=hold_recipe_change, best_
label=d24_r32_lora_maxoom_2026-03-27_2007, best_score=21.6000
sun0115@DESKTOP-L4C74MD:~/nanochat-learn/nanochat$

[gpu]
NVIDIA GeForce RTX 4070, 0 %, 0 MiB, 12282 MiB

=== 2026-03-28 10:47:25 ===
[chain]
f5qp3w
2026-03-28 00:36:15,236 - nanochat.checkpoint_manager - INFO - Loading model fro
m /home/sun0115/.cache/nanochat/chatsft_checkpoints/d24_r32_lora_maxoom_2026-03-
27_2007_s2048_gc/best with step 500
2026-03-28 00:36:16,102 - nanochat.checkpoint_manager - INFO - Building model wi
th config: {'sequence_len': 2048, 'vocab_size': 32768, 'n_layer': 24, 'n_head':
9, 'n_kv_head': 9, 'n_embd': 1152, 'window_pattern': 'L'}
Rank 0 | 0/256 (0.00%)
==================================================
Final: 0/256 (0.00%)
SpellingBee accuracy: 0.00%
wandb: updating run metadata
wandb: uploading config.yaml; uploading output.log; uploading wandb-summary.json
wandb: uploading history steps 0-1, summary, console lines 2-5
wandb:
wandb: Run history:
wandb:  eval/spellingbee_accuracy ▁
wandb: final/spellingbee_accuracy ▁
wandb:                 task_index ▁
wandb:
wandb: Run summary:
wandb:  eval/spellingbee_accuracy 0
wandb: final/spellingbee_accuracy 0
wandb:                 task_index 1
wandb:
wandb: 🚀 View run d24_r32_lora_maxoom_2026-03-27_2007_s2048_gc_confirm_s500_spe
llingbee at: https://wandb.ai/sunshines-gmail-com/nanochat-eval/runs/hhf5qp3w
wandb: ⭐️ View project at: https://wandb.ai/sunshines-gmail-com/nanochat-eval
wandb: Synced 5 W&B file(s), 0 media file(s), 0 artifact file(s) and 0 other fil
e(s)
wandb: Find logs at: ./wandb/run-20260328_003614-hhf5qp3w/logs
[W328 01:07:31.189425989 AllocatorConfig.cpp:28] Warning: PYTORCH_CUDA_ALLOC_CON
F is deprecated, use PYTORCH_ALLOC_CONF instead (function operator())
SpellingBee: 0/256 = 0.00% | Wilson95% [0.00%, 1.48%]
[done] confirmation eval complete
summary=/home/sun0115/nanochat-learn/notes/d24_r32_lora_maxoom_2026-03-27_2007_s
2048_gc_best_s500_confirm_summary_1000_2026-03-27_2020.txt
[done] confirm eval finished for d24_r32_lora_maxoom_2026-03-27_2007_s2048_gc
[done] completed at s2048_gc
sun0115@DESKTOP-L4C74MD:~/nanochat-learn/nanochat$

[autopilot]
e(s)
wandb: Find logs at: ./wandb/run-20260328_053323-50wywf0f/logs
[W328 06:04:45.347347321 AllocatorConfig.cpp:28] Warning: PYTORCH_CUDA_ALLOC_CON
F is deprecated, use PYTORCH_ALLOC_CONF instead (function operator())
SpellingBee: 0/256 = 0.00% | Wilson95% [0.00%, 1.48%]
[done] confirmation eval complete
summary=/home/sun0115/nanochat-learn/notes/d24_r32_lora_maxoom_lr5e5_2026-03-28_
0107_s2048_gc_best_s500_confirm_summary_1000_2026-03-28_0120.txt
[done] confirm eval finished for d24_r32_lora_maxoom_lr5e5_2026-03-28_0107_s2048
_gc
[done] completed at s2048_gc
/home/sun0115/nanochat-learn/notes/d24_r32_lora_maxoom_lr5e5_2026-03-28_0107_s20
48_gc_best_s500_confirm_summary_1000_2026-03-28_0120.txt: Filename too long (os
error 36)
[2026-03-28 06:04:45] Could not parse follow-up summary metrics
[2026-03-28 06:04:45] Wrote decision note: /home/sun0115/nanochat-learn/notes/au
to_continue_r32_sft_ablation_2026-03-27_2059_decision.md
[2026-03-28 06:04:45] Autopilot finished. Final action=hold_recipe_change, best_
label=d24_r32_lora_maxoom_2026-03-27_2007, best_score=21.6000
sun0115@DESKTOP-L4C74MD:~/nanochat-learn/nanochat$

[gpu]
NVIDIA GeForce RTX 4070, 0 %, 0 MiB, 12282 MiB

=== 2026-03-28 10:52:25 ===
[chain]
f5qp3w
2026-03-28 00:36:15,236 - nanochat.checkpoint_manager - INFO - Loading model fro
m /home/sun0115/.cache/nanochat/chatsft_checkpoints/d24_r32_lora_maxoom_2026-03-
27_2007_s2048_gc/best with step 500
2026-03-28 00:36:16,102 - nanochat.checkpoint_manager - INFO - Building model wi
th config: {'sequence_len': 2048, 'vocab_size': 32768, 'n_layer': 24, 'n_head':
9, 'n_kv_head': 9, 'n_embd': 1152, 'window_pattern': 'L'}
Rank 0 | 0/256 (0.00%)
==================================================
Final: 0/256 (0.00%)
SpellingBee accuracy: 0.00%
wandb: updating run metadata
wandb: uploading config.yaml; uploading output.log; uploading wandb-summary.json
wandb: uploading history steps 0-1, summary, console lines 2-5
wandb:
wandb: Run history:
wandb:  eval/spellingbee_accuracy ▁
wandb: final/spellingbee_accuracy ▁
wandb:                 task_index ▁
wandb:
wandb: Run summary:
wandb:  eval/spellingbee_accuracy 0
wandb: final/spellingbee_accuracy 0
wandb:                 task_index 1
wandb:
wandb: 🚀 View run d24_r32_lora_maxoom_2026-03-27_2007_s2048_gc_confirm_s500_spe
llingbee at: https://wandb.ai/sunshines-gmail-com/nanochat-eval/runs/hhf5qp3w
wandb: ⭐️ View project at: https://wandb.ai/sunshines-gmail-com/nanochat-eval
wandb: Synced 5 W&B file(s), 0 media file(s), 0 artifact file(s) and 0 other fil
e(s)
wandb: Find logs at: ./wandb/run-20260328_003614-hhf5qp3w/logs
[W328 01:07:31.189425989 AllocatorConfig.cpp:28] Warning: PYTORCH_CUDA_ALLOC_CON
F is deprecated, use PYTORCH_ALLOC_CONF instead (function operator())
SpellingBee: 0/256 = 0.00% | Wilson95% [0.00%, 1.48%]
[done] confirmation eval complete
summary=/home/sun0115/nanochat-learn/notes/d24_r32_lora_maxoom_2026-03-27_2007_s
2048_gc_best_s500_confirm_summary_1000_2026-03-27_2020.txt
[done] confirm eval finished for d24_r32_lora_maxoom_2026-03-27_2007_s2048_gc
[done] completed at s2048_gc
sun0115@DESKTOP-L4C74MD:~/nanochat-learn/nanochat$

[autopilot]
e(s)
wandb: Find logs at: ./wandb/run-20260328_053323-50wywf0f/logs
[W328 06:04:45.347347321 AllocatorConfig.cpp:28] Warning: PYTORCH_CUDA_ALLOC_CON
F is deprecated, use PYTORCH_ALLOC_CONF instead (function operator())
SpellingBee: 0/256 = 0.00% | Wilson95% [0.00%, 1.48%]
[done] confirmation eval complete
summary=/home/sun0115/nanochat-learn/notes/d24_r32_lora_maxoom_lr5e5_2026-03-28_
0107_s2048_gc_best_s500_confirm_summary_1000_2026-03-28_0120.txt
[done] confirm eval finished for d24_r32_lora_maxoom_lr5e5_2026-03-28_0107_s2048
_gc
[done] completed at s2048_gc
/home/sun0115/nanochat-learn/notes/d24_r32_lora_maxoom_lr5e5_2026-03-28_0107_s20
48_gc_best_s500_confirm_summary_1000_2026-03-28_0120.txt: Filename too long (os
error 36)
[2026-03-28 06:04:45] Could not parse follow-up summary metrics
[2026-03-28 06:04:45] Wrote decision note: /home/sun0115/nanochat-learn/notes/au
to_continue_r32_sft_ablation_2026-03-27_2059_decision.md
[2026-03-28 06:04:45] Autopilot finished. Final action=hold_recipe_change, best_
label=d24_r32_lora_maxoom_2026-03-27_2007, best_score=21.6000
sun0115@DESKTOP-L4C74MD:~/nanochat-learn/nanochat$

[gpu]
NVIDIA GeForce RTX 4070, 0 %, 0 MiB, 12282 MiB

=== 2026-03-28 10:57:25 ===
[chain]
f5qp3w
2026-03-28 00:36:15,236 - nanochat.checkpoint_manager - INFO - Loading model fro
m /home/sun0115/.cache/nanochat/chatsft_checkpoints/d24_r32_lora_maxoom_2026-03-
27_2007_s2048_gc/best with step 500
2026-03-28 00:36:16,102 - nanochat.checkpoint_manager - INFO - Building model wi
th config: {'sequence_len': 2048, 'vocab_size': 32768, 'n_layer': 24, 'n_head':
9, 'n_kv_head': 9, 'n_embd': 1152, 'window_pattern': 'L'}
Rank 0 | 0/256 (0.00%)
==================================================
Final: 0/256 (0.00%)
SpellingBee accuracy: 0.00%
wandb: updating run metadata
wandb: uploading config.yaml; uploading output.log; uploading wandb-summary.json
wandb: uploading history steps 0-1, summary, console lines 2-5
wandb:
wandb: Run history:
wandb:  eval/spellingbee_accuracy ▁
wandb: final/spellingbee_accuracy ▁
wandb:                 task_index ▁
wandb:
wandb: Run summary:
wandb:  eval/spellingbee_accuracy 0
wandb: final/spellingbee_accuracy 0
wandb:                 task_index 1
wandb:
wandb: 🚀 View run d24_r32_lora_maxoom_2026-03-27_2007_s2048_gc_confirm_s500_spe
llingbee at: https://wandb.ai/sunshines-gmail-com/nanochat-eval/runs/hhf5qp3w
wandb: ⭐️ View project at: https://wandb.ai/sunshines-gmail-com/nanochat-eval
wandb: Synced 5 W&B file(s), 0 media file(s), 0 artifact file(s) and 0 other fil
e(s)
wandb: Find logs at: ./wandb/run-20260328_003614-hhf5qp3w/logs
[W328 01:07:31.189425989 AllocatorConfig.cpp:28] Warning: PYTORCH_CUDA_ALLOC_CON
F is deprecated, use PYTORCH_ALLOC_CONF instead (function operator())
SpellingBee: 0/256 = 0.00% | Wilson95% [0.00%, 1.48%]
[done] confirmation eval complete
summary=/home/sun0115/nanochat-learn/notes/d24_r32_lora_maxoom_2026-03-27_2007_s
2048_gc_best_s500_confirm_summary_1000_2026-03-27_2020.txt
[done] confirm eval finished for d24_r32_lora_maxoom_2026-03-27_2007_s2048_gc
[done] completed at s2048_gc
sun0115@DESKTOP-L4C74MD:~/nanochat-learn/nanochat$

[autopilot]
e(s)
wandb: Find logs at: ./wandb/run-20260328_053323-50wywf0f/logs
[W328 06:04:45.347347321 AllocatorConfig.cpp:28] Warning: PYTORCH_CUDA_ALLOC_CON
F is deprecated, use PYTORCH_ALLOC_CONF instead (function operator())
SpellingBee: 0/256 = 0.00% | Wilson95% [0.00%, 1.48%]
[done] confirmation eval complete
summary=/home/sun0115/nanochat-learn/notes/d24_r32_lora_maxoom_lr5e5_2026-03-28_
0107_s2048_gc_best_s500_confirm_summary_1000_2026-03-28_0120.txt
[done] confirm eval finished for d24_r32_lora_maxoom_lr5e5_2026-03-28_0107_s2048
_gc
[done] completed at s2048_gc
/home/sun0115/nanochat-learn/notes/d24_r32_lora_maxoom_lr5e5_2026-03-28_0107_s20
48_gc_best_s500_confirm_summary_1000_2026-03-28_0120.txt: Filename too long (os
error 36)
[2026-03-28 06:04:45] Could not parse follow-up summary metrics
[2026-03-28 06:04:45] Wrote decision note: /home/sun0115/nanochat-learn/notes/au
to_continue_r32_sft_ablation_2026-03-27_2059_decision.md
[2026-03-28 06:04:45] Autopilot finished. Final action=hold_recipe_change, best_
label=d24_r32_lora_maxoom_2026-03-27_2007, best_score=21.6000
sun0115@DESKTOP-L4C74MD:~/nanochat-learn/nanochat$

[gpu]
NVIDIA GeForce RTX 4070, 0 %, 0 MiB, 12282 MiB

=== 2026-03-28 11:02:25 ===
[chain]
f5qp3w
2026-03-28 00:36:15,236 - nanochat.checkpoint_manager - INFO - Loading model fro
m /home/sun0115/.cache/nanochat/chatsft_checkpoints/d24_r32_lora_maxoom_2026-03-
27_2007_s2048_gc/best with step 500
2026-03-28 00:36:16,102 - nanochat.checkpoint_manager - INFO - Building model wi
th config: {'sequence_len': 2048, 'vocab_size': 32768, 'n_layer': 24, 'n_head':
9, 'n_kv_head': 9, 'n_embd': 1152, 'window_pattern': 'L'}
Rank 0 | 0/256 (0.00%)
==================================================
Final: 0/256 (0.00%)
SpellingBee accuracy: 0.00%
wandb: updating run metadata
wandb: uploading config.yaml; uploading output.log; uploading wandb-summary.json
wandb: uploading history steps 0-1, summary, console lines 2-5
wandb:
wandb: Run history:
wandb:  eval/spellingbee_accuracy ▁
wandb: final/spellingbee_accuracy ▁
wandb:                 task_index ▁
wandb:
wandb: Run summary:
wandb:  eval/spellingbee_accuracy 0
wandb: final/spellingbee_accuracy 0
wandb:                 task_index 1
wandb:
wandb: 🚀 View run d24_r32_lora_maxoom_2026-03-27_2007_s2048_gc_confirm_s500_spe
llingbee at: https://wandb.ai/sunshines-gmail-com/nanochat-eval/runs/hhf5qp3w
wandb: ⭐️ View project at: https://wandb.ai/sunshines-gmail-com/nanochat-eval
wandb: Synced 5 W&B file(s), 0 media file(s), 0 artifact file(s) and 0 other fil
e(s)
wandb: Find logs at: ./wandb/run-20260328_003614-hhf5qp3w/logs
[W328 01:07:31.189425989 AllocatorConfig.cpp:28] Warning: PYTORCH_CUDA_ALLOC_CON
F is deprecated, use PYTORCH_ALLOC_CONF instead (function operator())
SpellingBee: 0/256 = 0.00% | Wilson95% [0.00%, 1.48%]
[done] confirmation eval complete
summary=/home/sun0115/nanochat-learn/notes/d24_r32_lora_maxoom_2026-03-27_2007_s
2048_gc_best_s500_confirm_summary_1000_2026-03-27_2020.txt
[done] confirm eval finished for d24_r32_lora_maxoom_2026-03-27_2007_s2048_gc
[done] completed at s2048_gc
sun0115@DESKTOP-L4C74MD:~/nanochat-learn/nanochat$

[autopilot]
e(s)
wandb: Find logs at: ./wandb/run-20260328_053323-50wywf0f/logs
[W328 06:04:45.347347321 AllocatorConfig.cpp:28] Warning: PYTORCH_CUDA_ALLOC_CON
F is deprecated, use PYTORCH_ALLOC_CONF instead (function operator())
SpellingBee: 0/256 = 0.00% | Wilson95% [0.00%, 1.48%]
[done] confirmation eval complete
summary=/home/sun0115/nanochat-learn/notes/d24_r32_lora_maxoom_lr5e5_2026-03-28_
0107_s2048_gc_best_s500_confirm_summary_1000_2026-03-28_0120.txt
[done] confirm eval finished for d24_r32_lora_maxoom_lr5e5_2026-03-28_0107_s2048
_gc
[done] completed at s2048_gc
/home/sun0115/nanochat-learn/notes/d24_r32_lora_maxoom_lr5e5_2026-03-28_0107_s20
48_gc_best_s500_confirm_summary_1000_2026-03-28_0120.txt: Filename too long (os
error 36)
[2026-03-28 06:04:45] Could not parse follow-up summary metrics
[2026-03-28 06:04:45] Wrote decision note: /home/sun0115/nanochat-learn/notes/au
to_continue_r32_sft_ablation_2026-03-27_2059_decision.md
[2026-03-28 06:04:45] Autopilot finished. Final action=hold_recipe_change, best_
label=d24_r32_lora_maxoom_2026-03-27_2007, best_score=21.6000
sun0115@DESKTOP-L4C74MD:~/nanochat-learn/nanochat$

[gpu]
NVIDIA GeForce RTX 4070, 0 %, 0 MiB, 12282 MiB

=== 2026-03-28 11:07:25 ===
[chain]
f5qp3w
2026-03-28 00:36:15,236 - nanochat.checkpoint_manager - INFO - Loading model fro
m /home/sun0115/.cache/nanochat/chatsft_checkpoints/d24_r32_lora_maxoom_2026-03-
27_2007_s2048_gc/best with step 500
2026-03-28 00:36:16,102 - nanochat.checkpoint_manager - INFO - Building model wi
th config: {'sequence_len': 2048, 'vocab_size': 32768, 'n_layer': 24, 'n_head':
9, 'n_kv_head': 9, 'n_embd': 1152, 'window_pattern': 'L'}
Rank 0 | 0/256 (0.00%)
==================================================
Final: 0/256 (0.00%)
SpellingBee accuracy: 0.00%
wandb: updating run metadata
wandb: uploading config.yaml; uploading output.log; uploading wandb-summary.json
wandb: uploading history steps 0-1, summary, console lines 2-5
wandb:
wandb: Run history:
wandb:  eval/spellingbee_accuracy ▁
wandb: final/spellingbee_accuracy ▁
wandb:                 task_index ▁
wandb:
wandb: Run summary:
wandb:  eval/spellingbee_accuracy 0
wandb: final/spellingbee_accuracy 0
wandb:                 task_index 1
wandb:
wandb: 🚀 View run d24_r32_lora_maxoom_2026-03-27_2007_s2048_gc_confirm_s500_spe
llingbee at: https://wandb.ai/sunshines-gmail-com/nanochat-eval/runs/hhf5qp3w
wandb: ⭐️ View project at: https://wandb.ai/sunshines-gmail-com/nanochat-eval
wandb: Synced 5 W&B file(s), 0 media file(s), 0 artifact file(s) and 0 other fil
e(s)
wandb: Find logs at: ./wandb/run-20260328_003614-hhf5qp3w/logs
[W328 01:07:31.189425989 AllocatorConfig.cpp:28] Warning: PYTORCH_CUDA_ALLOC_CON
F is deprecated, use PYTORCH_ALLOC_CONF instead (function operator())
SpellingBee: 0/256 = 0.00% | Wilson95% [0.00%, 1.48%]
[done] confirmation eval complete
summary=/home/sun0115/nanochat-learn/notes/d24_r32_lora_maxoom_2026-03-27_2007_s
2048_gc_best_s500_confirm_summary_1000_2026-03-27_2020.txt
[done] confirm eval finished for d24_r32_lora_maxoom_2026-03-27_2007_s2048_gc
[done] completed at s2048_gc
sun0115@DESKTOP-L4C74MD:~/nanochat-learn/nanochat$

[autopilot]
e(s)
wandb: Find logs at: ./wandb/run-20260328_053323-50wywf0f/logs
[W328 06:04:45.347347321 AllocatorConfig.cpp:28] Warning: PYTORCH_CUDA_ALLOC_CON
F is deprecated, use PYTORCH_ALLOC_CONF instead (function operator())
SpellingBee: 0/256 = 0.00% | Wilson95% [0.00%, 1.48%]
[done] confirmation eval complete
summary=/home/sun0115/nanochat-learn/notes/d24_r32_lora_maxoom_lr5e5_2026-03-28_
0107_s2048_gc_best_s500_confirm_summary_1000_2026-03-28_0120.txt
[done] confirm eval finished for d24_r32_lora_maxoom_lr5e5_2026-03-28_0107_s2048
_gc
[done] completed at s2048_gc
/home/sun0115/nanochat-learn/notes/d24_r32_lora_maxoom_lr5e5_2026-03-28_0107_s20
48_gc_best_s500_confirm_summary_1000_2026-03-28_0120.txt: Filename too long (os
error 36)
[2026-03-28 06:04:45] Could not parse follow-up summary metrics
[2026-03-28 06:04:45] Wrote decision note: /home/sun0115/nanochat-learn/notes/au
to_continue_r32_sft_ablation_2026-03-27_2059_decision.md
[2026-03-28 06:04:45] Autopilot finished. Final action=hold_recipe_change, best_
label=d24_r32_lora_maxoom_2026-03-27_2007, best_score=21.6000
sun0115@DESKTOP-L4C74MD:~/nanochat-learn/nanochat$

[gpu]
NVIDIA GeForce RTX 4070, 0 %, 0 MiB, 12282 MiB

=== 2026-03-28 11:12:25 ===
[chain]
f5qp3w
2026-03-28 00:36:15,236 - nanochat.checkpoint_manager - INFO - Loading model fro
m /home/sun0115/.cache/nanochat/chatsft_checkpoints/d24_r32_lora_maxoom_2026-03-
27_2007_s2048_gc/best with step 500
2026-03-28 00:36:16,102 - nanochat.checkpoint_manager - INFO - Building model wi
th config: {'sequence_len': 2048, 'vocab_size': 32768, 'n_layer': 24, 'n_head':
9, 'n_kv_head': 9, 'n_embd': 1152, 'window_pattern': 'L'}
Rank 0 | 0/256 (0.00%)
==================================================
Final: 0/256 (0.00%)
SpellingBee accuracy: 0.00%
wandb: updating run metadata
wandb: uploading config.yaml; uploading output.log; uploading wandb-summary.json
wandb: uploading history steps 0-1, summary, console lines 2-5
wandb:
wandb: Run history:
wandb:  eval/spellingbee_accuracy ▁
wandb: final/spellingbee_accuracy ▁
wandb:                 task_index ▁
wandb:
wandb: Run summary:
wandb:  eval/spellingbee_accuracy 0
wandb: final/spellingbee_accuracy 0
wandb:                 task_index 1
wandb:
wandb: 🚀 View run d24_r32_lora_maxoom_2026-03-27_2007_s2048_gc_confirm_s500_spe
llingbee at: https://wandb.ai/sunshines-gmail-com/nanochat-eval/runs/hhf5qp3w
wandb: ⭐️ View project at: https://wandb.ai/sunshines-gmail-com/nanochat-eval
wandb: Synced 5 W&B file(s), 0 media file(s), 0 artifact file(s) and 0 other fil
e(s)
wandb: Find logs at: ./wandb/run-20260328_003614-hhf5qp3w/logs
[W328 01:07:31.189425989 AllocatorConfig.cpp:28] Warning: PYTORCH_CUDA_ALLOC_CON
F is deprecated, use PYTORCH_ALLOC_CONF instead (function operator())
SpellingBee: 0/256 = 0.00% | Wilson95% [0.00%, 1.48%]
[done] confirmation eval complete
summary=/home/sun0115/nanochat-learn/notes/d24_r32_lora_maxoom_2026-03-27_2007_s
2048_gc_best_s500_confirm_summary_1000_2026-03-27_2020.txt
[done] confirm eval finished for d24_r32_lora_maxoom_2026-03-27_2007_s2048_gc
[done] completed at s2048_gc
sun0115@DESKTOP-L4C74MD:~/nanochat-learn/nanochat$

[autopilot]
e(s)
wandb: Find logs at: ./wandb/run-20260328_053323-50wywf0f/logs
[W328 06:04:45.347347321 AllocatorConfig.cpp:28] Warning: PYTORCH_CUDA_ALLOC_CON
F is deprecated, use PYTORCH_ALLOC_CONF instead (function operator())
SpellingBee: 0/256 = 0.00% | Wilson95% [0.00%, 1.48%]
[done] confirmation eval complete
summary=/home/sun0115/nanochat-learn/notes/d24_r32_lora_maxoom_lr5e5_2026-03-28_
0107_s2048_gc_best_s500_confirm_summary_1000_2026-03-28_0120.txt
[done] confirm eval finished for d24_r32_lora_maxoom_lr5e5_2026-03-28_0107_s2048
_gc
[done] completed at s2048_gc
/home/sun0115/nanochat-learn/notes/d24_r32_lora_maxoom_lr5e5_2026-03-28_0107_s20
48_gc_best_s500_confirm_summary_1000_2026-03-28_0120.txt: Filename too long (os
error 36)
[2026-03-28 06:04:45] Could not parse follow-up summary metrics
[2026-03-28 06:04:45] Wrote decision note: /home/sun0115/nanochat-learn/notes/au
to_continue_r32_sft_ablation_2026-03-27_2059_decision.md
[2026-03-28 06:04:45] Autopilot finished. Final action=hold_recipe_change, best_
label=d24_r32_lora_maxoom_2026-03-27_2007, best_score=21.6000
sun0115@DESKTOP-L4C74MD:~/nanochat-learn/nanochat$

[gpu]
NVIDIA GeForce RTX 4070, 0 %, 0 MiB, 12282 MiB

=== 2026-03-28 11:17:25 ===
[chain]
f5qp3w
2026-03-28 00:36:15,236 - nanochat.checkpoint_manager - INFO - Loading model fro
m /home/sun0115/.cache/nanochat/chatsft_checkpoints/d24_r32_lora_maxoom_2026-03-
27_2007_s2048_gc/best with step 500
2026-03-28 00:36:16,102 - nanochat.checkpoint_manager - INFO - Building model wi
th config: {'sequence_len': 2048, 'vocab_size': 32768, 'n_layer': 24, 'n_head':
9, 'n_kv_head': 9, 'n_embd': 1152, 'window_pattern': 'L'}
Rank 0 | 0/256 (0.00%)
==================================================
Final: 0/256 (0.00%)
SpellingBee accuracy: 0.00%
wandb: updating run metadata
wandb: uploading config.yaml; uploading output.log; uploading wandb-summary.json
wandb: uploading history steps 0-1, summary, console lines 2-5
wandb:
wandb: Run history:
wandb:  eval/spellingbee_accuracy ▁
wandb: final/spellingbee_accuracy ▁
wandb:                 task_index ▁
wandb:
wandb: Run summary:
wandb:  eval/spellingbee_accuracy 0
wandb: final/spellingbee_accuracy 0
wandb:                 task_index 1
wandb:
wandb: 🚀 View run d24_r32_lora_maxoom_2026-03-27_2007_s2048_gc_confirm_s500_spe
llingbee at: https://wandb.ai/sunshines-gmail-com/nanochat-eval/runs/hhf5qp3w
wandb: ⭐️ View project at: https://wandb.ai/sunshines-gmail-com/nanochat-eval
wandb: Synced 5 W&B file(s), 0 media file(s), 0 artifact file(s) and 0 other fil
e(s)
wandb: Find logs at: ./wandb/run-20260328_003614-hhf5qp3w/logs
[W328 01:07:31.189425989 AllocatorConfig.cpp:28] Warning: PYTORCH_CUDA_ALLOC_CON
F is deprecated, use PYTORCH_ALLOC_CONF instead (function operator())
SpellingBee: 0/256 = 0.00% | Wilson95% [0.00%, 1.48%]
[done] confirmation eval complete
summary=/home/sun0115/nanochat-learn/notes/d24_r32_lora_maxoom_2026-03-27_2007_s
2048_gc_best_s500_confirm_summary_1000_2026-03-27_2020.txt
[done] confirm eval finished for d24_r32_lora_maxoom_2026-03-27_2007_s2048_gc
[done] completed at s2048_gc
sun0115@DESKTOP-L4C74MD:~/nanochat-learn/nanochat$

[autopilot]
e(s)
wandb: Find logs at: ./wandb/run-20260328_053323-50wywf0f/logs
[W328 06:04:45.347347321 AllocatorConfig.cpp:28] Warning: PYTORCH_CUDA_ALLOC_CON
F is deprecated, use PYTORCH_ALLOC_CONF instead (function operator())
SpellingBee: 0/256 = 0.00% | Wilson95% [0.00%, 1.48%]
[done] confirmation eval complete
summary=/home/sun0115/nanochat-learn/notes/d24_r32_lora_maxoom_lr5e5_2026-03-28_
0107_s2048_gc_best_s500_confirm_summary_1000_2026-03-28_0120.txt
[done] confirm eval finished for d24_r32_lora_maxoom_lr5e5_2026-03-28_0107_s2048
_gc
[done] completed at s2048_gc
/home/sun0115/nanochat-learn/notes/d24_r32_lora_maxoom_lr5e5_2026-03-28_0107_s20
48_gc_best_s500_confirm_summary_1000_2026-03-28_0120.txt: Filename too long (os
error 36)
[2026-03-28 06:04:45] Could not parse follow-up summary metrics
[2026-03-28 06:04:45] Wrote decision note: /home/sun0115/nanochat-learn/notes/au
to_continue_r32_sft_ablation_2026-03-27_2059_decision.md
[2026-03-28 06:04:45] Autopilot finished. Final action=hold_recipe_change, best_
label=d24_r32_lora_maxoom_2026-03-27_2007, best_score=21.6000
sun0115@DESKTOP-L4C74MD:~/nanochat-learn/nanochat$

[gpu]
NVIDIA GeForce RTX 4070, 0 %, 0 MiB, 12282 MiB

=== 2026-03-28 11:22:25 ===
[chain]
f5qp3w
2026-03-28 00:36:15,236 - nanochat.checkpoint_manager - INFO - Loading model fro
m /home/sun0115/.cache/nanochat/chatsft_checkpoints/d24_r32_lora_maxoom_2026-03-
27_2007_s2048_gc/best with step 500
2026-03-28 00:36:16,102 - nanochat.checkpoint_manager - INFO - Building model wi
th config: {'sequence_len': 2048, 'vocab_size': 32768, 'n_layer': 24, 'n_head':
9, 'n_kv_head': 9, 'n_embd': 1152, 'window_pattern': 'L'}
Rank 0 | 0/256 (0.00%)
==================================================
Final: 0/256 (0.00%)
SpellingBee accuracy: 0.00%
wandb: updating run metadata
wandb: uploading config.yaml; uploading output.log; uploading wandb-summary.json
wandb: uploading history steps 0-1, summary, console lines 2-5
wandb:
wandb: Run history:
wandb:  eval/spellingbee_accuracy ▁
wandb: final/spellingbee_accuracy ▁
wandb:                 task_index ▁
wandb:
wandb: Run summary:
wandb:  eval/spellingbee_accuracy 0
wandb: final/spellingbee_accuracy 0
wandb:                 task_index 1
wandb:
wandb: 🚀 View run d24_r32_lora_maxoom_2026-03-27_2007_s2048_gc_confirm_s500_spe
llingbee at: https://wandb.ai/sunshines-gmail-com/nanochat-eval/runs/hhf5qp3w
wandb: ⭐️ View project at: https://wandb.ai/sunshines-gmail-com/nanochat-eval
wandb: Synced 5 W&B file(s), 0 media file(s), 0 artifact file(s) and 0 other fil
e(s)
wandb: Find logs at: ./wandb/run-20260328_003614-hhf5qp3w/logs
[W328 01:07:31.189425989 AllocatorConfig.cpp:28] Warning: PYTORCH_CUDA_ALLOC_CON
F is deprecated, use PYTORCH_ALLOC_CONF instead (function operator())
SpellingBee: 0/256 = 0.00% | Wilson95% [0.00%, 1.48%]
[done] confirmation eval complete
summary=/home/sun0115/nanochat-learn/notes/d24_r32_lora_maxoom_2026-03-27_2007_s
2048_gc_best_s500_confirm_summary_1000_2026-03-27_2020.txt
[done] confirm eval finished for d24_r32_lora_maxoom_2026-03-27_2007_s2048_gc
[done] completed at s2048_gc
sun0115@DESKTOP-L4C74MD:~/nanochat-learn/nanochat$

[autopilot]
e(s)
wandb: Find logs at: ./wandb/run-20260328_053323-50wywf0f/logs
[W328 06:04:45.347347321 AllocatorConfig.cpp:28] Warning: PYTORCH_CUDA_ALLOC_CON
F is deprecated, use PYTORCH_ALLOC_CONF instead (function operator())
SpellingBee: 0/256 = 0.00% | Wilson95% [0.00%, 1.48%]
[done] confirmation eval complete
summary=/home/sun0115/nanochat-learn/notes/d24_r32_lora_maxoom_lr5e5_2026-03-28_
0107_s2048_gc_best_s500_confirm_summary_1000_2026-03-28_0120.txt
[done] confirm eval finished for d24_r32_lora_maxoom_lr5e5_2026-03-28_0107_s2048
_gc
[done] completed at s2048_gc
/home/sun0115/nanochat-learn/notes/d24_r32_lora_maxoom_lr5e5_2026-03-28_0107_s20
48_gc_best_s500_confirm_summary_1000_2026-03-28_0120.txt: Filename too long (os
error 36)
[2026-03-28 06:04:45] Could not parse follow-up summary metrics
[2026-03-28 06:04:45] Wrote decision note: /home/sun0115/nanochat-learn/notes/au
to_continue_r32_sft_ablation_2026-03-27_2059_decision.md
[2026-03-28 06:04:45] Autopilot finished. Final action=hold_recipe_change, best_
label=d24_r32_lora_maxoom_2026-03-27_2007, best_score=21.6000
sun0115@DESKTOP-L4C74MD:~/nanochat-learn/nanochat$

[gpu]
NVIDIA GeForce RTX 4070, 0 %, 0 MiB, 12282 MiB

=== 2026-03-28 11:27:25 ===
[chain]
f5qp3w
2026-03-28 00:36:15,236 - nanochat.checkpoint_manager - INFO - Loading model fro
m /home/sun0115/.cache/nanochat/chatsft_checkpoints/d24_r32_lora_maxoom_2026-03-
27_2007_s2048_gc/best with step 500
2026-03-28 00:36:16,102 - nanochat.checkpoint_manager - INFO - Building model wi
th config: {'sequence_len': 2048, 'vocab_size': 32768, 'n_layer': 24, 'n_head':
9, 'n_kv_head': 9, 'n_embd': 1152, 'window_pattern': 'L'}
Rank 0 | 0/256 (0.00%)
==================================================
Final: 0/256 (0.00%)
SpellingBee accuracy: 0.00%
wandb: updating run metadata
wandb: uploading config.yaml; uploading output.log; uploading wandb-summary.json
wandb: uploading history steps 0-1, summary, console lines 2-5
wandb:
wandb: Run history:
wandb:  eval/spellingbee_accuracy ▁
wandb: final/spellingbee_accuracy ▁
wandb:                 task_index ▁
wandb:
wandb: Run summary:
wandb:  eval/spellingbee_accuracy 0
wandb: final/spellingbee_accuracy 0
wandb:                 task_index 1
wandb:
wandb: 🚀 View run d24_r32_lora_maxoom_2026-03-27_2007_s2048_gc_confirm_s500_spe
llingbee at: https://wandb.ai/sunshines-gmail-com/nanochat-eval/runs/hhf5qp3w
wandb: ⭐️ View project at: https://wandb.ai/sunshines-gmail-com/nanochat-eval
wandb: Synced 5 W&B file(s), 0 media file(s), 0 artifact file(s) and 0 other fil
e(s)
wandb: Find logs at: ./wandb/run-20260328_003614-hhf5qp3w/logs
[W328 01:07:31.189425989 AllocatorConfig.cpp:28] Warning: PYTORCH_CUDA_ALLOC_CON
F is deprecated, use PYTORCH_ALLOC_CONF instead (function operator())
SpellingBee: 0/256 = 0.00% | Wilson95% [0.00%, 1.48%]
[done] confirmation eval complete
summary=/home/sun0115/nanochat-learn/notes/d24_r32_lora_maxoom_2026-03-27_2007_s
2048_gc_best_s500_confirm_summary_1000_2026-03-27_2020.txt
[done] confirm eval finished for d24_r32_lora_maxoom_2026-03-27_2007_s2048_gc
[done] completed at s2048_gc
sun0115@DESKTOP-L4C74MD:~/nanochat-learn/nanochat$

[autopilot]
e(s)
wandb: Find logs at: ./wandb/run-20260328_053323-50wywf0f/logs
[W328 06:04:45.347347321 AllocatorConfig.cpp:28] Warning: PYTORCH_CUDA_ALLOC_CON
F is deprecated, use PYTORCH_ALLOC_CONF instead (function operator())
SpellingBee: 0/256 = 0.00% | Wilson95% [0.00%, 1.48%]
[done] confirmation eval complete
summary=/home/sun0115/nanochat-learn/notes/d24_r32_lora_maxoom_lr5e5_2026-03-28_
0107_s2048_gc_best_s500_confirm_summary_1000_2026-03-28_0120.txt
[done] confirm eval finished for d24_r32_lora_maxoom_lr5e5_2026-03-28_0107_s2048
_gc
[done] completed at s2048_gc
/home/sun0115/nanochat-learn/notes/d24_r32_lora_maxoom_lr5e5_2026-03-28_0107_s20
48_gc_best_s500_confirm_summary_1000_2026-03-28_0120.txt: Filename too long (os
error 36)
[2026-03-28 06:04:45] Could not parse follow-up summary metrics
[2026-03-28 06:04:45] Wrote decision note: /home/sun0115/nanochat-learn/notes/au
to_continue_r32_sft_ablation_2026-03-27_2059_decision.md
[2026-03-28 06:04:45] Autopilot finished. Final action=hold_recipe_change, best_
label=d24_r32_lora_maxoom_2026-03-27_2007, best_score=21.6000
sun0115@DESKTOP-L4C74MD:~/nanochat-learn/nanochat$

[gpu]
NVIDIA GeForce RTX 4070, 0 %, 0 MiB, 12282 MiB

=== 2026-03-28 11:32:25 ===
[chain]
f5qp3w
2026-03-28 00:36:15,236 - nanochat.checkpoint_manager - INFO - Loading model fro
m /home/sun0115/.cache/nanochat/chatsft_checkpoints/d24_r32_lora_maxoom_2026-03-
27_2007_s2048_gc/best with step 500
2026-03-28 00:36:16,102 - nanochat.checkpoint_manager - INFO - Building model wi
th config: {'sequence_len': 2048, 'vocab_size': 32768, 'n_layer': 24, 'n_head':
9, 'n_kv_head': 9, 'n_embd': 1152, 'window_pattern': 'L'}
Rank 0 | 0/256 (0.00%)
==================================================
Final: 0/256 (0.00%)
SpellingBee accuracy: 0.00%
wandb: updating run metadata
wandb: uploading config.yaml; uploading output.log; uploading wandb-summary.json
wandb: uploading history steps 0-1, summary, console lines 2-5
wandb:
wandb: Run history:
wandb:  eval/spellingbee_accuracy ▁
wandb: final/spellingbee_accuracy ▁
wandb:                 task_index ▁
wandb:
wandb: Run summary:
wandb:  eval/spellingbee_accuracy 0
wandb: final/spellingbee_accuracy 0
wandb:                 task_index 1
wandb:
wandb: 🚀 View run d24_r32_lora_maxoom_2026-03-27_2007_s2048_gc_confirm_s500_spe
llingbee at: https://wandb.ai/sunshines-gmail-com/nanochat-eval/runs/hhf5qp3w
wandb: ⭐️ View project at: https://wandb.ai/sunshines-gmail-com/nanochat-eval
wandb: Synced 5 W&B file(s), 0 media file(s), 0 artifact file(s) and 0 other fil
e(s)
wandb: Find logs at: ./wandb/run-20260328_003614-hhf5qp3w/logs
[W328 01:07:31.189425989 AllocatorConfig.cpp:28] Warning: PYTORCH_CUDA_ALLOC_CON
F is deprecated, use PYTORCH_ALLOC_CONF instead (function operator())
SpellingBee: 0/256 = 0.00% | Wilson95% [0.00%, 1.48%]
[done] confirmation eval complete
summary=/home/sun0115/nanochat-learn/notes/d24_r32_lora_maxoom_2026-03-27_2007_s
2048_gc_best_s500_confirm_summary_1000_2026-03-27_2020.txt
[done] confirm eval finished for d24_r32_lora_maxoom_2026-03-27_2007_s2048_gc
[done] completed at s2048_gc
sun0115@DESKTOP-L4C74MD:~/nanochat-learn/nanochat$

[autopilot]
e(s)
wandb: Find logs at: ./wandb/run-20260328_053323-50wywf0f/logs
[W328 06:04:45.347347321 AllocatorConfig.cpp:28] Warning: PYTORCH_CUDA_ALLOC_CON
F is deprecated, use PYTORCH_ALLOC_CONF instead (function operator())
SpellingBee: 0/256 = 0.00% | Wilson95% [0.00%, 1.48%]
[done] confirmation eval complete
summary=/home/sun0115/nanochat-learn/notes/d24_r32_lora_maxoom_lr5e5_2026-03-28_
0107_s2048_gc_best_s500_confirm_summary_1000_2026-03-28_0120.txt
[done] confirm eval finished for d24_r32_lora_maxoom_lr5e5_2026-03-28_0107_s2048
_gc
[done] completed at s2048_gc
/home/sun0115/nanochat-learn/notes/d24_r32_lora_maxoom_lr5e5_2026-03-28_0107_s20
48_gc_best_s500_confirm_summary_1000_2026-03-28_0120.txt: Filename too long (os
error 36)
[2026-03-28 06:04:45] Could not parse follow-up summary metrics
[2026-03-28 06:04:45] Wrote decision note: /home/sun0115/nanochat-learn/notes/au
to_continue_r32_sft_ablation_2026-03-27_2059_decision.md
[2026-03-28 06:04:45] Autopilot finished. Final action=hold_recipe_change, best_
label=d24_r32_lora_maxoom_2026-03-27_2007, best_score=21.6000
sun0115@DESKTOP-L4C74MD:~/nanochat-learn/nanochat$

[gpu]
NVIDIA GeForce RTX 4070, 0 %, 0 MiB, 12282 MiB

=== 2026-03-28 11:37:25 ===
[chain]
f5qp3w
2026-03-28 00:36:15,236 - nanochat.checkpoint_manager - INFO - Loading model fro
m /home/sun0115/.cache/nanochat/chatsft_checkpoints/d24_r32_lora_maxoom_2026-03-
27_2007_s2048_gc/best with step 500
2026-03-28 00:36:16,102 - nanochat.checkpoint_manager - INFO - Building model wi
th config: {'sequence_len': 2048, 'vocab_size': 32768, 'n_layer': 24, 'n_head':
9, 'n_kv_head': 9, 'n_embd': 1152, 'window_pattern': 'L'}
Rank 0 | 0/256 (0.00%)
==================================================
Final: 0/256 (0.00%)
SpellingBee accuracy: 0.00%
wandb: updating run metadata
wandb: uploading config.yaml; uploading output.log; uploading wandb-summary.json
wandb: uploading history steps 0-1, summary, console lines 2-5
wandb:
wandb: Run history:
wandb:  eval/spellingbee_accuracy ▁
wandb: final/spellingbee_accuracy ▁
wandb:                 task_index ▁
wandb:
wandb: Run summary:
wandb:  eval/spellingbee_accuracy 0
wandb: final/spellingbee_accuracy 0
wandb:                 task_index 1
wandb:
wandb: 🚀 View run d24_r32_lora_maxoom_2026-03-27_2007_s2048_gc_confirm_s500_spe
llingbee at: https://wandb.ai/sunshines-gmail-com/nanochat-eval/runs/hhf5qp3w
wandb: ⭐️ View project at: https://wandb.ai/sunshines-gmail-com/nanochat-eval
wandb: Synced 5 W&B file(s), 0 media file(s), 0 artifact file(s) and 0 other fil
e(s)
wandb: Find logs at: ./wandb/run-20260328_003614-hhf5qp3w/logs
[W328 01:07:31.189425989 AllocatorConfig.cpp:28] Warning: PYTORCH_CUDA_ALLOC_CON
F is deprecated, use PYTORCH_ALLOC_CONF instead (function operator())
SpellingBee: 0/256 = 0.00% | Wilson95% [0.00%, 1.48%]
[done] confirmation eval complete
summary=/home/sun0115/nanochat-learn/notes/d24_r32_lora_maxoom_2026-03-27_2007_s
2048_gc_best_s500_confirm_summary_1000_2026-03-27_2020.txt
[done] confirm eval finished for d24_r32_lora_maxoom_2026-03-27_2007_s2048_gc
[done] completed at s2048_gc
sun0115@DESKTOP-L4C74MD:~/nanochat-learn/nanochat$

[autopilot]
e(s)
wandb: Find logs at: ./wandb/run-20260328_053323-50wywf0f/logs
[W328 06:04:45.347347321 AllocatorConfig.cpp:28] Warning: PYTORCH_CUDA_ALLOC_CON
F is deprecated, use PYTORCH_ALLOC_CONF instead (function operator())
SpellingBee: 0/256 = 0.00% | Wilson95% [0.00%, 1.48%]
[done] confirmation eval complete
summary=/home/sun0115/nanochat-learn/notes/d24_r32_lora_maxoom_lr5e5_2026-03-28_
0107_s2048_gc_best_s500_confirm_summary_1000_2026-03-28_0120.txt
[done] confirm eval finished for d24_r32_lora_maxoom_lr5e5_2026-03-28_0107_s2048
_gc
[done] completed at s2048_gc
/home/sun0115/nanochat-learn/notes/d24_r32_lora_maxoom_lr5e5_2026-03-28_0107_s20
48_gc_best_s500_confirm_summary_1000_2026-03-28_0120.txt: Filename too long (os
error 36)
[2026-03-28 06:04:45] Could not parse follow-up summary metrics
[2026-03-28 06:04:45] Wrote decision note: /home/sun0115/nanochat-learn/notes/au
to_continue_r32_sft_ablation_2026-03-27_2059_decision.md
[2026-03-28 06:04:45] Autopilot finished. Final action=hold_recipe_change, best_
label=d24_r32_lora_maxoom_2026-03-27_2007, best_score=21.6000
sun0115@DESKTOP-L4C74MD:~/nanochat-learn/nanochat$

[gpu]
NVIDIA GeForce RTX 4070, 0 %, 0 MiB, 12282 MiB

=== 2026-03-28 11:42:25 ===
[chain]
f5qp3w
2026-03-28 00:36:15,236 - nanochat.checkpoint_manager - INFO - Loading model fro
m /home/sun0115/.cache/nanochat/chatsft_checkpoints/d24_r32_lora_maxoom_2026-03-
27_2007_s2048_gc/best with step 500
2026-03-28 00:36:16,102 - nanochat.checkpoint_manager - INFO - Building model wi
th config: {'sequence_len': 2048, 'vocab_size': 32768, 'n_layer': 24, 'n_head':
9, 'n_kv_head': 9, 'n_embd': 1152, 'window_pattern': 'L'}
Rank 0 | 0/256 (0.00%)
==================================================
Final: 0/256 (0.00%)
SpellingBee accuracy: 0.00%
wandb: updating run metadata
wandb: uploading config.yaml; uploading output.log; uploading wandb-summary.json
wandb: uploading history steps 0-1, summary, console lines 2-5
wandb:
wandb: Run history:
wandb:  eval/spellingbee_accuracy ▁
wandb: final/spellingbee_accuracy ▁
wandb:                 task_index ▁
wandb:
wandb: Run summary:
wandb:  eval/spellingbee_accuracy 0
wandb: final/spellingbee_accuracy 0
wandb:                 task_index 1
wandb:
wandb: 🚀 View run d24_r32_lora_maxoom_2026-03-27_2007_s2048_gc_confirm_s500_spe
llingbee at: https://wandb.ai/sunshines-gmail-com/nanochat-eval/runs/hhf5qp3w
wandb: ⭐️ View project at: https://wandb.ai/sunshines-gmail-com/nanochat-eval
wandb: Synced 5 W&B file(s), 0 media file(s), 0 artifact file(s) and 0 other fil
e(s)
wandb: Find logs at: ./wandb/run-20260328_003614-hhf5qp3w/logs
[W328 01:07:31.189425989 AllocatorConfig.cpp:28] Warning: PYTORCH_CUDA_ALLOC_CON
F is deprecated, use PYTORCH_ALLOC_CONF instead (function operator())
SpellingBee: 0/256 = 0.00% | Wilson95% [0.00%, 1.48%]
[done] confirmation eval complete
summary=/home/sun0115/nanochat-learn/notes/d24_r32_lora_maxoom_2026-03-27_2007_s
2048_gc_best_s500_confirm_summary_1000_2026-03-27_2020.txt
[done] confirm eval finished for d24_r32_lora_maxoom_2026-03-27_2007_s2048_gc
[done] completed at s2048_gc
sun0115@DESKTOP-L4C74MD:~/nanochat-learn/nanochat$

[autopilot]
e(s)
wandb: Find logs at: ./wandb/run-20260328_053323-50wywf0f/logs
[W328 06:04:45.347347321 AllocatorConfig.cpp:28] Warning: PYTORCH_CUDA_ALLOC_CON
F is deprecated, use PYTORCH_ALLOC_CONF instead (function operator())
SpellingBee: 0/256 = 0.00% | Wilson95% [0.00%, 1.48%]
[done] confirmation eval complete
summary=/home/sun0115/nanochat-learn/notes/d24_r32_lora_maxoom_lr5e5_2026-03-28_
0107_s2048_gc_best_s500_confirm_summary_1000_2026-03-28_0120.txt
[done] confirm eval finished for d24_r32_lora_maxoom_lr5e5_2026-03-28_0107_s2048
_gc
[done] completed at s2048_gc
/home/sun0115/nanochat-learn/notes/d24_r32_lora_maxoom_lr5e5_2026-03-28_0107_s20
48_gc_best_s500_confirm_summary_1000_2026-03-28_0120.txt: Filename too long (os
error 36)
[2026-03-28 06:04:45] Could not parse follow-up summary metrics
[2026-03-28 06:04:45] Wrote decision note: /home/sun0115/nanochat-learn/notes/au
to_continue_r32_sft_ablation_2026-03-27_2059_decision.md
[2026-03-28 06:04:45] Autopilot finished. Final action=hold_recipe_change, best_
label=d24_r32_lora_maxoom_2026-03-27_2007, best_score=21.6000
sun0115@DESKTOP-L4C74MD:~/nanochat-learn/nanochat$

[gpu]
NVIDIA GeForce RTX 4070, 0 %, 0 MiB, 12282 MiB

=== 2026-03-28 11:47:25 ===
[chain]
f5qp3w
2026-03-28 00:36:15,236 - nanochat.checkpoint_manager - INFO - Loading model fro
m /home/sun0115/.cache/nanochat/chatsft_checkpoints/d24_r32_lora_maxoom_2026-03-
27_2007_s2048_gc/best with step 500
2026-03-28 00:36:16,102 - nanochat.checkpoint_manager - INFO - Building model wi
th config: {'sequence_len': 2048, 'vocab_size': 32768, 'n_layer': 24, 'n_head':
9, 'n_kv_head': 9, 'n_embd': 1152, 'window_pattern': 'L'}
Rank 0 | 0/256 (0.00%)
==================================================
Final: 0/256 (0.00%)
SpellingBee accuracy: 0.00%
wandb: updating run metadata
wandb: uploading config.yaml; uploading output.log; uploading wandb-summary.json
wandb: uploading history steps 0-1, summary, console lines 2-5
wandb:
wandb: Run history:
wandb:  eval/spellingbee_accuracy ▁
wandb: final/spellingbee_accuracy ▁
wandb:                 task_index ▁
wandb:
wandb: Run summary:
wandb:  eval/spellingbee_accuracy 0
wandb: final/spellingbee_accuracy 0
wandb:                 task_index 1
wandb:
wandb: 🚀 View run d24_r32_lora_maxoom_2026-03-27_2007_s2048_gc_confirm_s500_spe
llingbee at: https://wandb.ai/sunshines-gmail-com/nanochat-eval/runs/hhf5qp3w
wandb: ⭐️ View project at: https://wandb.ai/sunshines-gmail-com/nanochat-eval
wandb: Synced 5 W&B file(s), 0 media file(s), 0 artifact file(s) and 0 other fil
e(s)
wandb: Find logs at: ./wandb/run-20260328_003614-hhf5qp3w/logs
[W328 01:07:31.189425989 AllocatorConfig.cpp:28] Warning: PYTORCH_CUDA_ALLOC_CON
F is deprecated, use PYTORCH_ALLOC_CONF instead (function operator())
SpellingBee: 0/256 = 0.00% | Wilson95% [0.00%, 1.48%]
[done] confirmation eval complete
summary=/home/sun0115/nanochat-learn/notes/d24_r32_lora_maxoom_2026-03-27_2007_s
2048_gc_best_s500_confirm_summary_1000_2026-03-27_2020.txt
[done] confirm eval finished for d24_r32_lora_maxoom_2026-03-27_2007_s2048_gc
[done] completed at s2048_gc
sun0115@DESKTOP-L4C74MD:~/nanochat-learn/nanochat$

[autopilot]
e(s)
wandb: Find logs at: ./wandb/run-20260328_053323-50wywf0f/logs
[W328 06:04:45.347347321 AllocatorConfig.cpp:28] Warning: PYTORCH_CUDA_ALLOC_CON
F is deprecated, use PYTORCH_ALLOC_CONF instead (function operator())
SpellingBee: 0/256 = 0.00% | Wilson95% [0.00%, 1.48%]
[done] confirmation eval complete
summary=/home/sun0115/nanochat-learn/notes/d24_r32_lora_maxoom_lr5e5_2026-03-28_
0107_s2048_gc_best_s500_confirm_summary_1000_2026-03-28_0120.txt
[done] confirm eval finished for d24_r32_lora_maxoom_lr5e5_2026-03-28_0107_s2048
_gc
[done] completed at s2048_gc
/home/sun0115/nanochat-learn/notes/d24_r32_lora_maxoom_lr5e5_2026-03-28_0107_s20
48_gc_best_s500_confirm_summary_1000_2026-03-28_0120.txt: Filename too long (os
error 36)
[2026-03-28 06:04:45] Could not parse follow-up summary metrics
[2026-03-28 06:04:45] Wrote decision note: /home/sun0115/nanochat-learn/notes/au
to_continue_r32_sft_ablation_2026-03-27_2059_decision.md
[2026-03-28 06:04:45] Autopilot finished. Final action=hold_recipe_change, best_
label=d24_r32_lora_maxoom_2026-03-27_2007, best_score=21.6000
sun0115@DESKTOP-L4C74MD:~/nanochat-learn/nanochat$

[gpu]
NVIDIA GeForce RTX 4070, 0 %, 0 MiB, 12282 MiB

=== 2026-03-28 11:52:26 ===
[chain]
f5qp3w
2026-03-28 00:36:15,236 - nanochat.checkpoint_manager - INFO - Loading model fro
m /home/sun0115/.cache/nanochat/chatsft_checkpoints/d24_r32_lora_maxoom_2026-03-
27_2007_s2048_gc/best with step 500
2026-03-28 00:36:16,102 - nanochat.checkpoint_manager - INFO - Building model wi
th config: {'sequence_len': 2048, 'vocab_size': 32768, 'n_layer': 24, 'n_head':
9, 'n_kv_head': 9, 'n_embd': 1152, 'window_pattern': 'L'}
Rank 0 | 0/256 (0.00%)
==================================================
Final: 0/256 (0.00%)
SpellingBee accuracy: 0.00%
wandb: updating run metadata
wandb: uploading config.yaml; uploading output.log; uploading wandb-summary.json
wandb: uploading history steps 0-1, summary, console lines 2-5
wandb:
wandb: Run history:
wandb:  eval/spellingbee_accuracy ▁
wandb: final/spellingbee_accuracy ▁
wandb:                 task_index ▁
wandb:
wandb: Run summary:
wandb:  eval/spellingbee_accuracy 0
wandb: final/spellingbee_accuracy 0
wandb:                 task_index 1
wandb:
wandb: 🚀 View run d24_r32_lora_maxoom_2026-03-27_2007_s2048_gc_confirm_s500_spe
llingbee at: https://wandb.ai/sunshines-gmail-com/nanochat-eval/runs/hhf5qp3w
wandb: ⭐️ View project at: https://wandb.ai/sunshines-gmail-com/nanochat-eval
wandb: Synced 5 W&B file(s), 0 media file(s), 0 artifact file(s) and 0 other fil
e(s)
wandb: Find logs at: ./wandb/run-20260328_003614-hhf5qp3w/logs
[W328 01:07:31.189425989 AllocatorConfig.cpp:28] Warning: PYTORCH_CUDA_ALLOC_CON
F is deprecated, use PYTORCH_ALLOC_CONF instead (function operator())
SpellingBee: 0/256 = 0.00% | Wilson95% [0.00%, 1.48%]
[done] confirmation eval complete
summary=/home/sun0115/nanochat-learn/notes/d24_r32_lora_maxoom_2026-03-27_2007_s
2048_gc_best_s500_confirm_summary_1000_2026-03-27_2020.txt
[done] confirm eval finished for d24_r32_lora_maxoom_2026-03-27_2007_s2048_gc
[done] completed at s2048_gc
sun0115@DESKTOP-L4C74MD:~/nanochat-learn/nanochat$

[autopilot]
e(s)
wandb: Find logs at: ./wandb/run-20260328_053323-50wywf0f/logs
[W328 06:04:45.347347321 AllocatorConfig.cpp:28] Warning: PYTORCH_CUDA_ALLOC_CON
F is deprecated, use PYTORCH_ALLOC_CONF instead (function operator())
SpellingBee: 0/256 = 0.00% | Wilson95% [0.00%, 1.48%]
[done] confirmation eval complete
summary=/home/sun0115/nanochat-learn/notes/d24_r32_lora_maxoom_lr5e5_2026-03-28_
0107_s2048_gc_best_s500_confirm_summary_1000_2026-03-28_0120.txt
[done] confirm eval finished for d24_r32_lora_maxoom_lr5e5_2026-03-28_0107_s2048
_gc
[done] completed at s2048_gc
/home/sun0115/nanochat-learn/notes/d24_r32_lora_maxoom_lr5e5_2026-03-28_0107_s20
48_gc_best_s500_confirm_summary_1000_2026-03-28_0120.txt: Filename too long (os
error 36)
[2026-03-28 06:04:45] Could not parse follow-up summary metrics
[2026-03-28 06:04:45] Wrote decision note: /home/sun0115/nanochat-learn/notes/au
to_continue_r32_sft_ablation_2026-03-27_2059_decision.md
[2026-03-28 06:04:45] Autopilot finished. Final action=hold_recipe_change, best_
label=d24_r32_lora_maxoom_2026-03-27_2007, best_score=21.6000
sun0115@DESKTOP-L4C74MD:~/nanochat-learn/nanochat$

[gpu]
NVIDIA GeForce RTX 4070, 0 %, 0 MiB, 12282 MiB

=== 2026-03-28 11:57:26 ===
[chain]
f5qp3w
2026-03-28 00:36:15,236 - nanochat.checkpoint_manager - INFO - Loading model fro
m /home/sun0115/.cache/nanochat/chatsft_checkpoints/d24_r32_lora_maxoom_2026-03-
27_2007_s2048_gc/best with step 500
2026-03-28 00:36:16,102 - nanochat.checkpoint_manager - INFO - Building model wi
th config: {'sequence_len': 2048, 'vocab_size': 32768, 'n_layer': 24, 'n_head':
9, 'n_kv_head': 9, 'n_embd': 1152, 'window_pattern': 'L'}
Rank 0 | 0/256 (0.00%)
==================================================
Final: 0/256 (0.00%)
SpellingBee accuracy: 0.00%
wandb: updating run metadata
wandb: uploading config.yaml; uploading output.log; uploading wandb-summary.json
wandb: uploading history steps 0-1, summary, console lines 2-5
wandb:
wandb: Run history:
wandb:  eval/spellingbee_accuracy ▁
wandb: final/spellingbee_accuracy ▁
wandb:                 task_index ▁
wandb:
wandb: Run summary:
wandb:  eval/spellingbee_accuracy 0
wandb: final/spellingbee_accuracy 0
wandb:                 task_index 1
wandb:
wandb: 🚀 View run d24_r32_lora_maxoom_2026-03-27_2007_s2048_gc_confirm_s500_spe
llingbee at: https://wandb.ai/sunshines-gmail-com/nanochat-eval/runs/hhf5qp3w
wandb: ⭐️ View project at: https://wandb.ai/sunshines-gmail-com/nanochat-eval
wandb: Synced 5 W&B file(s), 0 media file(s), 0 artifact file(s) and 0 other fil
e(s)
wandb: Find logs at: ./wandb/run-20260328_003614-hhf5qp3w/logs
[W328 01:07:31.189425989 AllocatorConfig.cpp:28] Warning: PYTORCH_CUDA_ALLOC_CON
F is deprecated, use PYTORCH_ALLOC_CONF instead (function operator())
SpellingBee: 0/256 = 0.00% | Wilson95% [0.00%, 1.48%]
[done] confirmation eval complete
summary=/home/sun0115/nanochat-learn/notes/d24_r32_lora_maxoom_2026-03-27_2007_s
2048_gc_best_s500_confirm_summary_1000_2026-03-27_2020.txt
[done] confirm eval finished for d24_r32_lora_maxoom_2026-03-27_2007_s2048_gc
[done] completed at s2048_gc
sun0115@DESKTOP-L4C74MD:~/nanochat-learn/nanochat$

[autopilot]
e(s)
wandb: Find logs at: ./wandb/run-20260328_053323-50wywf0f/logs
[W328 06:04:45.347347321 AllocatorConfig.cpp:28] Warning: PYTORCH_CUDA_ALLOC_CON
F is deprecated, use PYTORCH_ALLOC_CONF instead (function operator())
SpellingBee: 0/256 = 0.00% | Wilson95% [0.00%, 1.48%]
[done] confirmation eval complete
summary=/home/sun0115/nanochat-learn/notes/d24_r32_lora_maxoom_lr5e5_2026-03-28_
0107_s2048_gc_best_s500_confirm_summary_1000_2026-03-28_0120.txt
[done] confirm eval finished for d24_r32_lora_maxoom_lr5e5_2026-03-28_0107_s2048
_gc
[done] completed at s2048_gc
/home/sun0115/nanochat-learn/notes/d24_r32_lora_maxoom_lr5e5_2026-03-28_0107_s20
48_gc_best_s500_confirm_summary_1000_2026-03-28_0120.txt: Filename too long (os
error 36)
[2026-03-28 06:04:45] Could not parse follow-up summary metrics
[2026-03-28 06:04:45] Wrote decision note: /home/sun0115/nanochat-learn/notes/au
to_continue_r32_sft_ablation_2026-03-27_2059_decision.md
[2026-03-28 06:04:45] Autopilot finished. Final action=hold_recipe_change, best_
label=d24_r32_lora_maxoom_2026-03-27_2007, best_score=21.6000
sun0115@DESKTOP-L4C74MD:~/nanochat-learn/nanochat$

[gpu]
NVIDIA GeForce RTX 4070, 0 %, 0 MiB, 12282 MiB

=== 2026-03-28 12:02:26 ===
[chain]
f5qp3w
2026-03-28 00:36:15,236 - nanochat.checkpoint_manager - INFO - Loading model fro
m /home/sun0115/.cache/nanochat/chatsft_checkpoints/d24_r32_lora_maxoom_2026-03-
27_2007_s2048_gc/best with step 500
2026-03-28 00:36:16,102 - nanochat.checkpoint_manager - INFO - Building model wi
th config: {'sequence_len': 2048, 'vocab_size': 32768, 'n_layer': 24, 'n_head':
9, 'n_kv_head': 9, 'n_embd': 1152, 'window_pattern': 'L'}
Rank 0 | 0/256 (0.00%)
==================================================
Final: 0/256 (0.00%)
SpellingBee accuracy: 0.00%
wandb: updating run metadata
wandb: uploading config.yaml; uploading output.log; uploading wandb-summary.json
wandb: uploading history steps 0-1, summary, console lines 2-5
wandb:
wandb: Run history:
wandb:  eval/spellingbee_accuracy ▁
wandb: final/spellingbee_accuracy ▁
wandb:                 task_index ▁
wandb:
wandb: Run summary:
wandb:  eval/spellingbee_accuracy 0
wandb: final/spellingbee_accuracy 0
wandb:                 task_index 1
wandb:
wandb: 🚀 View run d24_r32_lora_maxoom_2026-03-27_2007_s2048_gc_confirm_s500_spe
llingbee at: https://wandb.ai/sunshines-gmail-com/nanochat-eval/runs/hhf5qp3w
wandb: ⭐️ View project at: https://wandb.ai/sunshines-gmail-com/nanochat-eval
wandb: Synced 5 W&B file(s), 0 media file(s), 0 artifact file(s) and 0 other fil
e(s)
wandb: Find logs at: ./wandb/run-20260328_003614-hhf5qp3w/logs
[W328 01:07:31.189425989 AllocatorConfig.cpp:28] Warning: PYTORCH_CUDA_ALLOC_CON
F is deprecated, use PYTORCH_ALLOC_CONF instead (function operator())
SpellingBee: 0/256 = 0.00% | Wilson95% [0.00%, 1.48%]
[done] confirmation eval complete
summary=/home/sun0115/nanochat-learn/notes/d24_r32_lora_maxoom_2026-03-27_2007_s
2048_gc_best_s500_confirm_summary_1000_2026-03-27_2020.txt
[done] confirm eval finished for d24_r32_lora_maxoom_2026-03-27_2007_s2048_gc
[done] completed at s2048_gc
sun0115@DESKTOP-L4C74MD:~/nanochat-learn/nanochat$

[autopilot]
e(s)
wandb: Find logs at: ./wandb/run-20260328_053323-50wywf0f/logs
[W328 06:04:45.347347321 AllocatorConfig.cpp:28] Warning: PYTORCH_CUDA_ALLOC_CON
F is deprecated, use PYTORCH_ALLOC_CONF instead (function operator())
SpellingBee: 0/256 = 0.00% | Wilson95% [0.00%, 1.48%]
[done] confirmation eval complete
summary=/home/sun0115/nanochat-learn/notes/d24_r32_lora_maxoom_lr5e5_2026-03-28_
0107_s2048_gc_best_s500_confirm_summary_1000_2026-03-28_0120.txt
[done] confirm eval finished for d24_r32_lora_maxoom_lr5e5_2026-03-28_0107_s2048
_gc
[done] completed at s2048_gc
/home/sun0115/nanochat-learn/notes/d24_r32_lora_maxoom_lr5e5_2026-03-28_0107_s20
48_gc_best_s500_confirm_summary_1000_2026-03-28_0120.txt: Filename too long (os
error 36)
[2026-03-28 06:04:45] Could not parse follow-up summary metrics
[2026-03-28 06:04:45] Wrote decision note: /home/sun0115/nanochat-learn/notes/au
to_continue_r32_sft_ablation_2026-03-27_2059_decision.md
[2026-03-28 06:04:45] Autopilot finished. Final action=hold_recipe_change, best_
label=d24_r32_lora_maxoom_2026-03-27_2007, best_score=21.6000
sun0115@DESKTOP-L4C74MD:~/nanochat-learn/nanochat$

[gpu]
NVIDIA GeForce RTX 4070, 0 %, 0 MiB, 12282 MiB

=== 2026-03-28 12:07:26 ===
[chain]
f5qp3w
2026-03-28 00:36:15,236 - nanochat.checkpoint_manager - INFO - Loading model fro
m /home/sun0115/.cache/nanochat/chatsft_checkpoints/d24_r32_lora_maxoom_2026-03-
27_2007_s2048_gc/best with step 500
2026-03-28 00:36:16,102 - nanochat.checkpoint_manager - INFO - Building model wi
th config: {'sequence_len': 2048, 'vocab_size': 32768, 'n_layer': 24, 'n_head':
9, 'n_kv_head': 9, 'n_embd': 1152, 'window_pattern': 'L'}
Rank 0 | 0/256 (0.00%)
==================================================
Final: 0/256 (0.00%)
SpellingBee accuracy: 0.00%
wandb: updating run metadata
wandb: uploading config.yaml; uploading output.log; uploading wandb-summary.json
wandb: uploading history steps 0-1, summary, console lines 2-5
wandb:
wandb: Run history:
wandb:  eval/spellingbee_accuracy ▁
wandb: final/spellingbee_accuracy ▁
wandb:                 task_index ▁
wandb:
wandb: Run summary:
wandb:  eval/spellingbee_accuracy 0
wandb: final/spellingbee_accuracy 0
wandb:                 task_index 1
wandb:
wandb: 🚀 View run d24_r32_lora_maxoom_2026-03-27_2007_s2048_gc_confirm_s500_spe
llingbee at: https://wandb.ai/sunshines-gmail-com/nanochat-eval/runs/hhf5qp3w
wandb: ⭐️ View project at: https://wandb.ai/sunshines-gmail-com/nanochat-eval
wandb: Synced 5 W&B file(s), 0 media file(s), 0 artifact file(s) and 0 other fil
e(s)
wandb: Find logs at: ./wandb/run-20260328_003614-hhf5qp3w/logs
[W328 01:07:31.189425989 AllocatorConfig.cpp:28] Warning: PYTORCH_CUDA_ALLOC_CON
F is deprecated, use PYTORCH_ALLOC_CONF instead (function operator())
SpellingBee: 0/256 = 0.00% | Wilson95% [0.00%, 1.48%]
[done] confirmation eval complete
summary=/home/sun0115/nanochat-learn/notes/d24_r32_lora_maxoom_2026-03-27_2007_s
2048_gc_best_s500_confirm_summary_1000_2026-03-27_2020.txt
[done] confirm eval finished for d24_r32_lora_maxoom_2026-03-27_2007_s2048_gc
[done] completed at s2048_gc
sun0115@DESKTOP-L4C74MD:~/nanochat-learn/nanochat$

[autopilot]
e(s)
wandb: Find logs at: ./wandb/run-20260328_053323-50wywf0f/logs
[W328 06:04:45.347347321 AllocatorConfig.cpp:28] Warning: PYTORCH_CUDA_ALLOC_CON
F is deprecated, use PYTORCH_ALLOC_CONF instead (function operator())
SpellingBee: 0/256 = 0.00% | Wilson95% [0.00%, 1.48%]
[done] confirmation eval complete
summary=/home/sun0115/nanochat-learn/notes/d24_r32_lora_maxoom_lr5e5_2026-03-28_
0107_s2048_gc_best_s500_confirm_summary_1000_2026-03-28_0120.txt
[done] confirm eval finished for d24_r32_lora_maxoom_lr5e5_2026-03-28_0107_s2048
_gc
[done] completed at s2048_gc
/home/sun0115/nanochat-learn/notes/d24_r32_lora_maxoom_lr5e5_2026-03-28_0107_s20
48_gc_best_s500_confirm_summary_1000_2026-03-28_0120.txt: Filename too long (os
error 36)
[2026-03-28 06:04:45] Could not parse follow-up summary metrics
[2026-03-28 06:04:45] Wrote decision note: /home/sun0115/nanochat-learn/notes/au
to_continue_r32_sft_ablation_2026-03-27_2059_decision.md
[2026-03-28 06:04:45] Autopilot finished. Final action=hold_recipe_change, best_
label=d24_r32_lora_maxoom_2026-03-27_2007, best_score=21.6000
sun0115@DESKTOP-L4C74MD:~/nanochat-learn/nanochat$

[gpu]
NVIDIA GeForce RTX 4070, 0 %, 0 MiB, 12282 MiB

=== 2026-03-28 12:12:26 ===
[chain]
f5qp3w
2026-03-28 00:36:15,236 - nanochat.checkpoint_manager - INFO - Loading model fro
m /home/sun0115/.cache/nanochat/chatsft_checkpoints/d24_r32_lora_maxoom_2026-03-
27_2007_s2048_gc/best with step 500
2026-03-28 00:36:16,102 - nanochat.checkpoint_manager - INFO - Building model wi
th config: {'sequence_len': 2048, 'vocab_size': 32768, 'n_layer': 24, 'n_head':
9, 'n_kv_head': 9, 'n_embd': 1152, 'window_pattern': 'L'}
Rank 0 | 0/256 (0.00%)
==================================================
Final: 0/256 (0.00%)
SpellingBee accuracy: 0.00%
wandb: updating run metadata
wandb: uploading config.yaml; uploading output.log; uploading wandb-summary.json
wandb: uploading history steps 0-1, summary, console lines 2-5
wandb:
wandb: Run history:
wandb:  eval/spellingbee_accuracy ▁
wandb: final/spellingbee_accuracy ▁
wandb:                 task_index ▁
wandb:
wandb: Run summary:
wandb:  eval/spellingbee_accuracy 0
wandb: final/spellingbee_accuracy 0
wandb:                 task_index 1
wandb:
wandb: 🚀 View run d24_r32_lora_maxoom_2026-03-27_2007_s2048_gc_confirm_s500_spe
llingbee at: https://wandb.ai/sunshines-gmail-com/nanochat-eval/runs/hhf5qp3w
wandb: ⭐️ View project at: https://wandb.ai/sunshines-gmail-com/nanochat-eval
wandb: Synced 5 W&B file(s), 0 media file(s), 0 artifact file(s) and 0 other fil
e(s)
wandb: Find logs at: ./wandb/run-20260328_003614-hhf5qp3w/logs
[W328 01:07:31.189425989 AllocatorConfig.cpp:28] Warning: PYTORCH_CUDA_ALLOC_CON
F is deprecated, use PYTORCH_ALLOC_CONF instead (function operator())
SpellingBee: 0/256 = 0.00% | Wilson95% [0.00%, 1.48%]
[done] confirmation eval complete
summary=/home/sun0115/nanochat-learn/notes/d24_r32_lora_maxoom_2026-03-27_2007_s
2048_gc_best_s500_confirm_summary_1000_2026-03-27_2020.txt
[done] confirm eval finished for d24_r32_lora_maxoom_2026-03-27_2007_s2048_gc
[done] completed at s2048_gc
sun0115@DESKTOP-L4C74MD:~/nanochat-learn/nanochat$

[autopilot]
e(s)
wandb: Find logs at: ./wandb/run-20260328_053323-50wywf0f/logs
[W328 06:04:45.347347321 AllocatorConfig.cpp:28] Warning: PYTORCH_CUDA_ALLOC_CON
F is deprecated, use PYTORCH_ALLOC_CONF instead (function operator())
SpellingBee: 0/256 = 0.00% | Wilson95% [0.00%, 1.48%]
[done] confirmation eval complete
summary=/home/sun0115/nanochat-learn/notes/d24_r32_lora_maxoom_lr5e5_2026-03-28_
0107_s2048_gc_best_s500_confirm_summary_1000_2026-03-28_0120.txt
[done] confirm eval finished for d24_r32_lora_maxoom_lr5e5_2026-03-28_0107_s2048
_gc
[done] completed at s2048_gc
/home/sun0115/nanochat-learn/notes/d24_r32_lora_maxoom_lr5e5_2026-03-28_0107_s20
48_gc_best_s500_confirm_summary_1000_2026-03-28_0120.txt: Filename too long (os
error 36)
[2026-03-28 06:04:45] Could not parse follow-up summary metrics
[2026-03-28 06:04:45] Wrote decision note: /home/sun0115/nanochat-learn/notes/au
to_continue_r32_sft_ablation_2026-03-27_2059_decision.md
[2026-03-28 06:04:45] Autopilot finished. Final action=hold_recipe_change, best_
label=d24_r32_lora_maxoom_2026-03-27_2007, best_score=21.6000
sun0115@DESKTOP-L4C74MD:~/nanochat-learn/nanochat$

[gpu]
NVIDIA GeForce RTX 4070, 0 %, 0 MiB, 12282 MiB

=== 2026-03-28 12:17:26 ===
[chain]
f5qp3w
2026-03-28 00:36:15,236 - nanochat.checkpoint_manager - INFO - Loading model fro
m /home/sun0115/.cache/nanochat/chatsft_checkpoints/d24_r32_lora_maxoom_2026-03-
27_2007_s2048_gc/best with step 500
2026-03-28 00:36:16,102 - nanochat.checkpoint_manager - INFO - Building model wi
th config: {'sequence_len': 2048, 'vocab_size': 32768, 'n_layer': 24, 'n_head':
9, 'n_kv_head': 9, 'n_embd': 1152, 'window_pattern': 'L'}
Rank 0 | 0/256 (0.00%)
==================================================
Final: 0/256 (0.00%)
SpellingBee accuracy: 0.00%
wandb: updating run metadata
wandb: uploading config.yaml; uploading output.log; uploading wandb-summary.json
wandb: uploading history steps 0-1, summary, console lines 2-5
wandb:
wandb: Run history:
wandb:  eval/spellingbee_accuracy ▁
wandb: final/spellingbee_accuracy ▁
wandb:                 task_index ▁
wandb:
wandb: Run summary:
wandb:  eval/spellingbee_accuracy 0
wandb: final/spellingbee_accuracy 0
wandb:                 task_index 1
wandb:
wandb: 🚀 View run d24_r32_lora_maxoom_2026-03-27_2007_s2048_gc_confirm_s500_spe
llingbee at: https://wandb.ai/sunshines-gmail-com/nanochat-eval/runs/hhf5qp3w
wandb: ⭐️ View project at: https://wandb.ai/sunshines-gmail-com/nanochat-eval
wandb: Synced 5 W&B file(s), 0 media file(s), 0 artifact file(s) and 0 other fil
e(s)
wandb: Find logs at: ./wandb/run-20260328_003614-hhf5qp3w/logs
[W328 01:07:31.189425989 AllocatorConfig.cpp:28] Warning: PYTORCH_CUDA_ALLOC_CON
F is deprecated, use PYTORCH_ALLOC_CONF instead (function operator())
SpellingBee: 0/256 = 0.00% | Wilson95% [0.00%, 1.48%]
[done] confirmation eval complete
summary=/home/sun0115/nanochat-learn/notes/d24_r32_lora_maxoom_2026-03-27_2007_s
2048_gc_best_s500_confirm_summary_1000_2026-03-27_2020.txt
[done] confirm eval finished for d24_r32_lora_maxoom_2026-03-27_2007_s2048_gc
[done] completed at s2048_gc
sun0115@DESKTOP-L4C74MD:~/nanochat-learn/nanochat$

[autopilot]
e(s)
wandb: Find logs at: ./wandb/run-20260328_053323-50wywf0f/logs
[W328 06:04:45.347347321 AllocatorConfig.cpp:28] Warning: PYTORCH_CUDA_ALLOC_CON
F is deprecated, use PYTORCH_ALLOC_CONF instead (function operator())
SpellingBee: 0/256 = 0.00% | Wilson95% [0.00%, 1.48%]
[done] confirmation eval complete
summary=/home/sun0115/nanochat-learn/notes/d24_r32_lora_maxoom_lr5e5_2026-03-28_
0107_s2048_gc_best_s500_confirm_summary_1000_2026-03-28_0120.txt
[done] confirm eval finished for d24_r32_lora_maxoom_lr5e5_2026-03-28_0107_s2048
_gc
[done] completed at s2048_gc
/home/sun0115/nanochat-learn/notes/d24_r32_lora_maxoom_lr5e5_2026-03-28_0107_s20
48_gc_best_s500_confirm_summary_1000_2026-03-28_0120.txt: Filename too long (os
error 36)
[2026-03-28 06:04:45] Could not parse follow-up summary metrics
[2026-03-28 06:04:45] Wrote decision note: /home/sun0115/nanochat-learn/notes/au
to_continue_r32_sft_ablation_2026-03-27_2059_decision.md
[2026-03-28 06:04:45] Autopilot finished. Final action=hold_recipe_change, best_
label=d24_r32_lora_maxoom_2026-03-27_2007, best_score=21.6000
sun0115@DESKTOP-L4C74MD:~/nanochat-learn/nanochat$

[gpu]
NVIDIA GeForce RTX 4070, 0 %, 0 MiB, 12282 MiB

=== 2026-03-28 12:22:26 ===
[chain]
f5qp3w
2026-03-28 00:36:15,236 - nanochat.checkpoint_manager - INFO - Loading model fro
m /home/sun0115/.cache/nanochat/chatsft_checkpoints/d24_r32_lora_maxoom_2026-03-
27_2007_s2048_gc/best with step 500
2026-03-28 00:36:16,102 - nanochat.checkpoint_manager - INFO - Building model wi
th config: {'sequence_len': 2048, 'vocab_size': 32768, 'n_layer': 24, 'n_head':
9, 'n_kv_head': 9, 'n_embd': 1152, 'window_pattern': 'L'}
Rank 0 | 0/256 (0.00%)
==================================================
Final: 0/256 (0.00%)
SpellingBee accuracy: 0.00%
wandb: updating run metadata
wandb: uploading config.yaml; uploading output.log; uploading wandb-summary.json
wandb: uploading history steps 0-1, summary, console lines 2-5
wandb:
wandb: Run history:
wandb:  eval/spellingbee_accuracy ▁
wandb: final/spellingbee_accuracy ▁
wandb:                 task_index ▁
wandb:
wandb: Run summary:
wandb:  eval/spellingbee_accuracy 0
wandb: final/spellingbee_accuracy 0
wandb:                 task_index 1
wandb:
wandb: 🚀 View run d24_r32_lora_maxoom_2026-03-27_2007_s2048_gc_confirm_s500_spe
llingbee at: https://wandb.ai/sunshines-gmail-com/nanochat-eval/runs/hhf5qp3w
wandb: ⭐️ View project at: https://wandb.ai/sunshines-gmail-com/nanochat-eval
wandb: Synced 5 W&B file(s), 0 media file(s), 0 artifact file(s) and 0 other fil
e(s)
wandb: Find logs at: ./wandb/run-20260328_003614-hhf5qp3w/logs
[W328 01:07:31.189425989 AllocatorConfig.cpp:28] Warning: PYTORCH_CUDA_ALLOC_CON
F is deprecated, use PYTORCH_ALLOC_CONF instead (function operator())
SpellingBee: 0/256 = 0.00% | Wilson95% [0.00%, 1.48%]
[done] confirmation eval complete
summary=/home/sun0115/nanochat-learn/notes/d24_r32_lora_maxoom_2026-03-27_2007_s
2048_gc_best_s500_confirm_summary_1000_2026-03-27_2020.txt
[done] confirm eval finished for d24_r32_lora_maxoom_2026-03-27_2007_s2048_gc
[done] completed at s2048_gc
sun0115@DESKTOP-L4C74MD:~/nanochat-learn/nanochat$

[autopilot]
e(s)
wandb: Find logs at: ./wandb/run-20260328_053323-50wywf0f/logs
[W328 06:04:45.347347321 AllocatorConfig.cpp:28] Warning: PYTORCH_CUDA_ALLOC_CON
F is deprecated, use PYTORCH_ALLOC_CONF instead (function operator())
SpellingBee: 0/256 = 0.00% | Wilson95% [0.00%, 1.48%]
[done] confirmation eval complete
summary=/home/sun0115/nanochat-learn/notes/d24_r32_lora_maxoom_lr5e5_2026-03-28_
0107_s2048_gc_best_s500_confirm_summary_1000_2026-03-28_0120.txt
[done] confirm eval finished for d24_r32_lora_maxoom_lr5e5_2026-03-28_0107_s2048
_gc
[done] completed at s2048_gc
/home/sun0115/nanochat-learn/notes/d24_r32_lora_maxoom_lr5e5_2026-03-28_0107_s20
48_gc_best_s500_confirm_summary_1000_2026-03-28_0120.txt: Filename too long (os
error 36)
[2026-03-28 06:04:45] Could not parse follow-up summary metrics
[2026-03-28 06:04:45] Wrote decision note: /home/sun0115/nanochat-learn/notes/au
to_continue_r32_sft_ablation_2026-03-27_2059_decision.md
[2026-03-28 06:04:45] Autopilot finished. Final action=hold_recipe_change, best_
label=d24_r32_lora_maxoom_2026-03-27_2007, best_score=21.6000
sun0115@DESKTOP-L4C74MD:~/nanochat-learn/nanochat$

[gpu]
NVIDIA GeForce RTX 4070, 0 %, 0 MiB, 12282 MiB

=== 2026-03-28 12:27:26 ===
[chain]
f5qp3w
2026-03-28 00:36:15,236 - nanochat.checkpoint_manager - INFO - Loading model fro
m /home/sun0115/.cache/nanochat/chatsft_checkpoints/d24_r32_lora_maxoom_2026-03-
27_2007_s2048_gc/best with step 500
2026-03-28 00:36:16,102 - nanochat.checkpoint_manager - INFO - Building model wi
th config: {'sequence_len': 2048, 'vocab_size': 32768, 'n_layer': 24, 'n_head':
9, 'n_kv_head': 9, 'n_embd': 1152, 'window_pattern': 'L'}
Rank 0 | 0/256 (0.00%)
==================================================
Final: 0/256 (0.00%)
SpellingBee accuracy: 0.00%
wandb: updating run metadata
wandb: uploading config.yaml; uploading output.log; uploading wandb-summary.json
wandb: uploading history steps 0-1, summary, console lines 2-5
wandb:
wandb: Run history:
wandb:  eval/spellingbee_accuracy ▁
wandb: final/spellingbee_accuracy ▁
wandb:                 task_index ▁
wandb:
wandb: Run summary:
wandb:  eval/spellingbee_accuracy 0
wandb: final/spellingbee_accuracy 0
wandb:                 task_index 1
wandb:
wandb: 🚀 View run d24_r32_lora_maxoom_2026-03-27_2007_s2048_gc_confirm_s500_spe
llingbee at: https://wandb.ai/sunshines-gmail-com/nanochat-eval/runs/hhf5qp3w
wandb: ⭐️ View project at: https://wandb.ai/sunshines-gmail-com/nanochat-eval
wandb: Synced 5 W&B file(s), 0 media file(s), 0 artifact file(s) and 0 other fil
e(s)
wandb: Find logs at: ./wandb/run-20260328_003614-hhf5qp3w/logs
[W328 01:07:31.189425989 AllocatorConfig.cpp:28] Warning: PYTORCH_CUDA_ALLOC_CON
F is deprecated, use PYTORCH_ALLOC_CONF instead (function operator())
SpellingBee: 0/256 = 0.00% | Wilson95% [0.00%, 1.48%]
[done] confirmation eval complete
summary=/home/sun0115/nanochat-learn/notes/d24_r32_lora_maxoom_2026-03-27_2007_s
2048_gc_best_s500_confirm_summary_1000_2026-03-27_2020.txt
[done] confirm eval finished for d24_r32_lora_maxoom_2026-03-27_2007_s2048_gc
[done] completed at s2048_gc
sun0115@DESKTOP-L4C74MD:~/nanochat-learn/nanochat$

[autopilot]
e(s)
wandb: Find logs at: ./wandb/run-20260328_053323-50wywf0f/logs
[W328 06:04:45.347347321 AllocatorConfig.cpp:28] Warning: PYTORCH_CUDA_ALLOC_CON
F is deprecated, use PYTORCH_ALLOC_CONF instead (function operator())
SpellingBee: 0/256 = 0.00% | Wilson95% [0.00%, 1.48%]
[done] confirmation eval complete
summary=/home/sun0115/nanochat-learn/notes/d24_r32_lora_maxoom_lr5e5_2026-03-28_
0107_s2048_gc_best_s500_confirm_summary_1000_2026-03-28_0120.txt
[done] confirm eval finished for d24_r32_lora_maxoom_lr5e5_2026-03-28_0107_s2048
_gc
[done] completed at s2048_gc
/home/sun0115/nanochat-learn/notes/d24_r32_lora_maxoom_lr5e5_2026-03-28_0107_s20
48_gc_best_s500_confirm_summary_1000_2026-03-28_0120.txt: Filename too long (os
error 36)
[2026-03-28 06:04:45] Could not parse follow-up summary metrics
[2026-03-28 06:04:45] Wrote decision note: /home/sun0115/nanochat-learn/notes/au
to_continue_r32_sft_ablation_2026-03-27_2059_decision.md
[2026-03-28 06:04:45] Autopilot finished. Final action=hold_recipe_change, best_
label=d24_r32_lora_maxoom_2026-03-27_2007, best_score=21.6000
sun0115@DESKTOP-L4C74MD:~/nanochat-learn/nanochat$

[gpu]
NVIDIA GeForce RTX 4070, 0 %, 0 MiB, 12282 MiB

=== 2026-03-28 12:32:26 ===
[chain]
f5qp3w
2026-03-28 00:36:15,236 - nanochat.checkpoint_manager - INFO - Loading model fro
m /home/sun0115/.cache/nanochat/chatsft_checkpoints/d24_r32_lora_maxoom_2026-03-
27_2007_s2048_gc/best with step 500
2026-03-28 00:36:16,102 - nanochat.checkpoint_manager - INFO - Building model wi
th config: {'sequence_len': 2048, 'vocab_size': 32768, 'n_layer': 24, 'n_head':
9, 'n_kv_head': 9, 'n_embd': 1152, 'window_pattern': 'L'}
Rank 0 | 0/256 (0.00%)
==================================================
Final: 0/256 (0.00%)
SpellingBee accuracy: 0.00%
wandb: updating run metadata
wandb: uploading config.yaml; uploading output.log; uploading wandb-summary.json
wandb: uploading history steps 0-1, summary, console lines 2-5
wandb:
wandb: Run history:
wandb:  eval/spellingbee_accuracy ▁
wandb: final/spellingbee_accuracy ▁
wandb:                 task_index ▁
wandb:
wandb: Run summary:
wandb:  eval/spellingbee_accuracy 0
wandb: final/spellingbee_accuracy 0
wandb:                 task_index 1
wandb:
wandb: 🚀 View run d24_r32_lora_maxoom_2026-03-27_2007_s2048_gc_confirm_s500_spe
llingbee at: https://wandb.ai/sunshines-gmail-com/nanochat-eval/runs/hhf5qp3w
wandb: ⭐️ View project at: https://wandb.ai/sunshines-gmail-com/nanochat-eval
wandb: Synced 5 W&B file(s), 0 media file(s), 0 artifact file(s) and 0 other fil
e(s)
wandb: Find logs at: ./wandb/run-20260328_003614-hhf5qp3w/logs
[W328 01:07:31.189425989 AllocatorConfig.cpp:28] Warning: PYTORCH_CUDA_ALLOC_CON
F is deprecated, use PYTORCH_ALLOC_CONF instead (function operator())
SpellingBee: 0/256 = 0.00% | Wilson95% [0.00%, 1.48%]
[done] confirmation eval complete
summary=/home/sun0115/nanochat-learn/notes/d24_r32_lora_maxoom_2026-03-27_2007_s
2048_gc_best_s500_confirm_summary_1000_2026-03-27_2020.txt
[done] confirm eval finished for d24_r32_lora_maxoom_2026-03-27_2007_s2048_gc
[done] completed at s2048_gc
sun0115@DESKTOP-L4C74MD:~/nanochat-learn/nanochat$

[autopilot]
e(s)
wandb: Find logs at: ./wandb/run-20260328_053323-50wywf0f/logs
[W328 06:04:45.347347321 AllocatorConfig.cpp:28] Warning: PYTORCH_CUDA_ALLOC_CON
F is deprecated, use PYTORCH_ALLOC_CONF instead (function operator())
SpellingBee: 0/256 = 0.00% | Wilson95% [0.00%, 1.48%]
[done] confirmation eval complete
summary=/home/sun0115/nanochat-learn/notes/d24_r32_lora_maxoom_lr5e5_2026-03-28_
0107_s2048_gc_best_s500_confirm_summary_1000_2026-03-28_0120.txt
[done] confirm eval finished for d24_r32_lora_maxoom_lr5e5_2026-03-28_0107_s2048
_gc
[done] completed at s2048_gc
/home/sun0115/nanochat-learn/notes/d24_r32_lora_maxoom_lr5e5_2026-03-28_0107_s20
48_gc_best_s500_confirm_summary_1000_2026-03-28_0120.txt: Filename too long (os
error 36)
[2026-03-28 06:04:45] Could not parse follow-up summary metrics
[2026-03-28 06:04:45] Wrote decision note: /home/sun0115/nanochat-learn/notes/au
to_continue_r32_sft_ablation_2026-03-27_2059_decision.md
[2026-03-28 06:04:45] Autopilot finished. Final action=hold_recipe_change, best_
label=d24_r32_lora_maxoom_2026-03-27_2007, best_score=21.6000
sun0115@DESKTOP-L4C74MD:~/nanochat-learn/nanochat$

[gpu]
NVIDIA GeForce RTX 4070, 0 %, 0 MiB, 12282 MiB

=== 2026-03-28 12:37:26 ===
[chain]
f5qp3w
2026-03-28 00:36:15,236 - nanochat.checkpoint_manager - INFO - Loading model fro
m /home/sun0115/.cache/nanochat/chatsft_checkpoints/d24_r32_lora_maxoom_2026-03-
27_2007_s2048_gc/best with step 500
2026-03-28 00:36:16,102 - nanochat.checkpoint_manager - INFO - Building model wi
th config: {'sequence_len': 2048, 'vocab_size': 32768, 'n_layer': 24, 'n_head':
9, 'n_kv_head': 9, 'n_embd': 1152, 'window_pattern': 'L'}
Rank 0 | 0/256 (0.00%)
==================================================
Final: 0/256 (0.00%)
SpellingBee accuracy: 0.00%
wandb: updating run metadata
wandb: uploading config.yaml; uploading output.log; uploading wandb-summary.json
wandb: uploading history steps 0-1, summary, console lines 2-5
wandb:
wandb: Run history:
wandb:  eval/spellingbee_accuracy ▁
wandb: final/spellingbee_accuracy ▁
wandb:                 task_index ▁
wandb:
wandb: Run summary:
wandb:  eval/spellingbee_accuracy 0
wandb: final/spellingbee_accuracy 0
wandb:                 task_index 1
wandb:
wandb: 🚀 View run d24_r32_lora_maxoom_2026-03-27_2007_s2048_gc_confirm_s500_spe
llingbee at: https://wandb.ai/sunshines-gmail-com/nanochat-eval/runs/hhf5qp3w
wandb: ⭐️ View project at: https://wandb.ai/sunshines-gmail-com/nanochat-eval
wandb: Synced 5 W&B file(s), 0 media file(s), 0 artifact file(s) and 0 other fil
e(s)
wandb: Find logs at: ./wandb/run-20260328_003614-hhf5qp3w/logs
[W328 01:07:31.189425989 AllocatorConfig.cpp:28] Warning: PYTORCH_CUDA_ALLOC_CON
F is deprecated, use PYTORCH_ALLOC_CONF instead (function operator())
SpellingBee: 0/256 = 0.00% | Wilson95% [0.00%, 1.48%]
[done] confirmation eval complete
summary=/home/sun0115/nanochat-learn/notes/d24_r32_lora_maxoom_2026-03-27_2007_s
2048_gc_best_s500_confirm_summary_1000_2026-03-27_2020.txt
[done] confirm eval finished for d24_r32_lora_maxoom_2026-03-27_2007_s2048_gc
[done] completed at s2048_gc
sun0115@DESKTOP-L4C74MD:~/nanochat-learn/nanochat$

[autopilot]
e(s)
wandb: Find logs at: ./wandb/run-20260328_053323-50wywf0f/logs
[W328 06:04:45.347347321 AllocatorConfig.cpp:28] Warning: PYTORCH_CUDA_ALLOC_CON
F is deprecated, use PYTORCH_ALLOC_CONF instead (function operator())
SpellingBee: 0/256 = 0.00% | Wilson95% [0.00%, 1.48%]
[done] confirmation eval complete
summary=/home/sun0115/nanochat-learn/notes/d24_r32_lora_maxoom_lr5e5_2026-03-28_
0107_s2048_gc_best_s500_confirm_summary_1000_2026-03-28_0120.txt
[done] confirm eval finished for d24_r32_lora_maxoom_lr5e5_2026-03-28_0107_s2048
_gc
[done] completed at s2048_gc
/home/sun0115/nanochat-learn/notes/d24_r32_lora_maxoom_lr5e5_2026-03-28_0107_s20
48_gc_best_s500_confirm_summary_1000_2026-03-28_0120.txt: Filename too long (os
error 36)
[2026-03-28 06:04:45] Could not parse follow-up summary metrics
[2026-03-28 06:04:45] Wrote decision note: /home/sun0115/nanochat-learn/notes/au
to_continue_r32_sft_ablation_2026-03-27_2059_decision.md
[2026-03-28 06:04:45] Autopilot finished. Final action=hold_recipe_change, best_
label=d24_r32_lora_maxoom_2026-03-27_2007, best_score=21.6000
sun0115@DESKTOP-L4C74MD:~/nanochat-learn/nanochat$

[gpu]
NVIDIA GeForce RTX 4070, 0 %, 0 MiB, 12282 MiB

=== 2026-03-28 12:42:26 ===
[chain]
f5qp3w
2026-03-28 00:36:15,236 - nanochat.checkpoint_manager - INFO - Loading model fro
m /home/sun0115/.cache/nanochat/chatsft_checkpoints/d24_r32_lora_maxoom_2026-03-
27_2007_s2048_gc/best with step 500
2026-03-28 00:36:16,102 - nanochat.checkpoint_manager - INFO - Building model wi
th config: {'sequence_len': 2048, 'vocab_size': 32768, 'n_layer': 24, 'n_head':
9, 'n_kv_head': 9, 'n_embd': 1152, 'window_pattern': 'L'}
Rank 0 | 0/256 (0.00%)
==================================================
Final: 0/256 (0.00%)
SpellingBee accuracy: 0.00%
wandb: updating run metadata
wandb: uploading config.yaml; uploading output.log; uploading wandb-summary.json
wandb: uploading history steps 0-1, summary, console lines 2-5
wandb:
wandb: Run history:
wandb:  eval/spellingbee_accuracy ▁
wandb: final/spellingbee_accuracy ▁
wandb:                 task_index ▁
wandb:
wandb: Run summary:
wandb:  eval/spellingbee_accuracy 0
wandb: final/spellingbee_accuracy 0
wandb:                 task_index 1
wandb:
wandb: 🚀 View run d24_r32_lora_maxoom_2026-03-27_2007_s2048_gc_confirm_s500_spe
llingbee at: https://wandb.ai/sunshines-gmail-com/nanochat-eval/runs/hhf5qp3w
wandb: ⭐️ View project at: https://wandb.ai/sunshines-gmail-com/nanochat-eval
wandb: Synced 5 W&B file(s), 0 media file(s), 0 artifact file(s) and 0 other fil
e(s)
wandb: Find logs at: ./wandb/run-20260328_003614-hhf5qp3w/logs
[W328 01:07:31.189425989 AllocatorConfig.cpp:28] Warning: PYTORCH_CUDA_ALLOC_CON
F is deprecated, use PYTORCH_ALLOC_CONF instead (function operator())
SpellingBee: 0/256 = 0.00% | Wilson95% [0.00%, 1.48%]
[done] confirmation eval complete
summary=/home/sun0115/nanochat-learn/notes/d24_r32_lora_maxoom_2026-03-27_2007_s
2048_gc_best_s500_confirm_summary_1000_2026-03-27_2020.txt
[done] confirm eval finished for d24_r32_lora_maxoom_2026-03-27_2007_s2048_gc
[done] completed at s2048_gc
sun0115@DESKTOP-L4C74MD:~/nanochat-learn/nanochat$

[autopilot]
e(s)
wandb: Find logs at: ./wandb/run-20260328_053323-50wywf0f/logs
[W328 06:04:45.347347321 AllocatorConfig.cpp:28] Warning: PYTORCH_CUDA_ALLOC_CON
F is deprecated, use PYTORCH_ALLOC_CONF instead (function operator())
SpellingBee: 0/256 = 0.00% | Wilson95% [0.00%, 1.48%]
[done] confirmation eval complete
summary=/home/sun0115/nanochat-learn/notes/d24_r32_lora_maxoom_lr5e5_2026-03-28_
0107_s2048_gc_best_s500_confirm_summary_1000_2026-03-28_0120.txt
[done] confirm eval finished for d24_r32_lora_maxoom_lr5e5_2026-03-28_0107_s2048
_gc
[done] completed at s2048_gc
/home/sun0115/nanochat-learn/notes/d24_r32_lora_maxoom_lr5e5_2026-03-28_0107_s20
48_gc_best_s500_confirm_summary_1000_2026-03-28_0120.txt: Filename too long (os
error 36)
[2026-03-28 06:04:45] Could not parse follow-up summary metrics
[2026-03-28 06:04:45] Wrote decision note: /home/sun0115/nanochat-learn/notes/au
to_continue_r32_sft_ablation_2026-03-27_2059_decision.md
[2026-03-28 06:04:45] Autopilot finished. Final action=hold_recipe_change, best_
label=d24_r32_lora_maxoom_2026-03-27_2007, best_score=21.6000
sun0115@DESKTOP-L4C74MD:~/nanochat-learn/nanochat$

[gpu]
NVIDIA GeForce RTX 4070, 0 %, 0 MiB, 12282 MiB

=== 2026-03-28 12:47:26 ===
[chain]
f5qp3w
2026-03-28 00:36:15,236 - nanochat.checkpoint_manager - INFO - Loading model fro
m /home/sun0115/.cache/nanochat/chatsft_checkpoints/d24_r32_lora_maxoom_2026-03-
27_2007_s2048_gc/best with step 500
2026-03-28 00:36:16,102 - nanochat.checkpoint_manager - INFO - Building model wi
th config: {'sequence_len': 2048, 'vocab_size': 32768, 'n_layer': 24, 'n_head':
9, 'n_kv_head': 9, 'n_embd': 1152, 'window_pattern': 'L'}
Rank 0 | 0/256 (0.00%)
==================================================
Final: 0/256 (0.00%)
SpellingBee accuracy: 0.00%
wandb: updating run metadata
wandb: uploading config.yaml; uploading output.log; uploading wandb-summary.json
wandb: uploading history steps 0-1, summary, console lines 2-5
wandb:
wandb: Run history:
wandb:  eval/spellingbee_accuracy ▁
wandb: final/spellingbee_accuracy ▁
wandb:                 task_index ▁
wandb:
wandb: Run summary:
wandb:  eval/spellingbee_accuracy 0
wandb: final/spellingbee_accuracy 0
wandb:                 task_index 1
wandb:
wandb: 🚀 View run d24_r32_lora_maxoom_2026-03-27_2007_s2048_gc_confirm_s500_spe
llingbee at: https://wandb.ai/sunshines-gmail-com/nanochat-eval/runs/hhf5qp3w
wandb: ⭐️ View project at: https://wandb.ai/sunshines-gmail-com/nanochat-eval
wandb: Synced 5 W&B file(s), 0 media file(s), 0 artifact file(s) and 0 other fil
e(s)
wandb: Find logs at: ./wandb/run-20260328_003614-hhf5qp3w/logs
[W328 01:07:31.189425989 AllocatorConfig.cpp:28] Warning: PYTORCH_CUDA_ALLOC_CON
F is deprecated, use PYTORCH_ALLOC_CONF instead (function operator())
SpellingBee: 0/256 = 0.00% | Wilson95% [0.00%, 1.48%]
[done] confirmation eval complete
summary=/home/sun0115/nanochat-learn/notes/d24_r32_lora_maxoom_2026-03-27_2007_s
2048_gc_best_s500_confirm_summary_1000_2026-03-27_2020.txt
[done] confirm eval finished for d24_r32_lora_maxoom_2026-03-27_2007_s2048_gc
[done] completed at s2048_gc
sun0115@DESKTOP-L4C74MD:~/nanochat-learn/nanochat$

[autopilot]
e(s)
wandb: Find logs at: ./wandb/run-20260328_053323-50wywf0f/logs
[W328 06:04:45.347347321 AllocatorConfig.cpp:28] Warning: PYTORCH_CUDA_ALLOC_CON
F is deprecated, use PYTORCH_ALLOC_CONF instead (function operator())
SpellingBee: 0/256 = 0.00% | Wilson95% [0.00%, 1.48%]
[done] confirmation eval complete
summary=/home/sun0115/nanochat-learn/notes/d24_r32_lora_maxoom_lr5e5_2026-03-28_
0107_s2048_gc_best_s500_confirm_summary_1000_2026-03-28_0120.txt
[done] confirm eval finished for d24_r32_lora_maxoom_lr5e5_2026-03-28_0107_s2048
_gc
[done] completed at s2048_gc
/home/sun0115/nanochat-learn/notes/d24_r32_lora_maxoom_lr5e5_2026-03-28_0107_s20
48_gc_best_s500_confirm_summary_1000_2026-03-28_0120.txt: Filename too long (os
error 36)
[2026-03-28 06:04:45] Could not parse follow-up summary metrics
[2026-03-28 06:04:45] Wrote decision note: /home/sun0115/nanochat-learn/notes/au
to_continue_r32_sft_ablation_2026-03-27_2059_decision.md
[2026-03-28 06:04:45] Autopilot finished. Final action=hold_recipe_change, best_
label=d24_r32_lora_maxoom_2026-03-27_2007, best_score=21.6000
sun0115@DESKTOP-L4C74MD:~/nanochat-learn/nanochat$

[gpu]
NVIDIA GeForce RTX 4070, 0 %, 0 MiB, 12282 MiB

=== 2026-03-28 12:52:26 ===
[chain]
f5qp3w
2026-03-28 00:36:15,236 - nanochat.checkpoint_manager - INFO - Loading model fro
m /home/sun0115/.cache/nanochat/chatsft_checkpoints/d24_r32_lora_maxoom_2026-03-
27_2007_s2048_gc/best with step 500
2026-03-28 00:36:16,102 - nanochat.checkpoint_manager - INFO - Building model wi
th config: {'sequence_len': 2048, 'vocab_size': 32768, 'n_layer': 24, 'n_head':
9, 'n_kv_head': 9, 'n_embd': 1152, 'window_pattern': 'L'}
Rank 0 | 0/256 (0.00%)
==================================================
Final: 0/256 (0.00%)
SpellingBee accuracy: 0.00%
wandb: updating run metadata
wandb: uploading config.yaml; uploading output.log; uploading wandb-summary.json
wandb: uploading history steps 0-1, summary, console lines 2-5
wandb:
wandb: Run history:
wandb:  eval/spellingbee_accuracy ▁
wandb: final/spellingbee_accuracy ▁
wandb:                 task_index ▁
wandb:
wandb: Run summary:
wandb:  eval/spellingbee_accuracy 0
wandb: final/spellingbee_accuracy 0
wandb:                 task_index 1
wandb:
wandb: 🚀 View run d24_r32_lora_maxoom_2026-03-27_2007_s2048_gc_confirm_s500_spe
llingbee at: https://wandb.ai/sunshines-gmail-com/nanochat-eval/runs/hhf5qp3w
wandb: ⭐️ View project at: https://wandb.ai/sunshines-gmail-com/nanochat-eval
wandb: Synced 5 W&B file(s), 0 media file(s), 0 artifact file(s) and 0 other fil
e(s)
wandb: Find logs at: ./wandb/run-20260328_003614-hhf5qp3w/logs
[W328 01:07:31.189425989 AllocatorConfig.cpp:28] Warning: PYTORCH_CUDA_ALLOC_CON
F is deprecated, use PYTORCH_ALLOC_CONF instead (function operator())
SpellingBee: 0/256 = 0.00% | Wilson95% [0.00%, 1.48%]
[done] confirmation eval complete
summary=/home/sun0115/nanochat-learn/notes/d24_r32_lora_maxoom_2026-03-27_2007_s
2048_gc_best_s500_confirm_summary_1000_2026-03-27_2020.txt
[done] confirm eval finished for d24_r32_lora_maxoom_2026-03-27_2007_s2048_gc
[done] completed at s2048_gc
sun0115@DESKTOP-L4C74MD:~/nanochat-learn/nanochat$

[autopilot]
e(s)
wandb: Find logs at: ./wandb/run-20260328_053323-50wywf0f/logs
[W328 06:04:45.347347321 AllocatorConfig.cpp:28] Warning: PYTORCH_CUDA_ALLOC_CON
F is deprecated, use PYTORCH_ALLOC_CONF instead (function operator())
SpellingBee: 0/256 = 0.00% | Wilson95% [0.00%, 1.48%]
[done] confirmation eval complete
summary=/home/sun0115/nanochat-learn/notes/d24_r32_lora_maxoom_lr5e5_2026-03-28_
0107_s2048_gc_best_s500_confirm_summary_1000_2026-03-28_0120.txt
[done] confirm eval finished for d24_r32_lora_maxoom_lr5e5_2026-03-28_0107_s2048
_gc
[done] completed at s2048_gc
/home/sun0115/nanochat-learn/notes/d24_r32_lora_maxoom_lr5e5_2026-03-28_0107_s20
48_gc_best_s500_confirm_summary_1000_2026-03-28_0120.txt: Filename too long (os
error 36)
[2026-03-28 06:04:45] Could not parse follow-up summary metrics
[2026-03-28 06:04:45] Wrote decision note: /home/sun0115/nanochat-learn/notes/au
to_continue_r32_sft_ablation_2026-03-27_2059_decision.md
[2026-03-28 06:04:45] Autopilot finished. Final action=hold_recipe_change, best_
label=d24_r32_lora_maxoom_2026-03-27_2007, best_score=21.6000
sun0115@DESKTOP-L4C74MD:~/nanochat-learn/nanochat$

[gpu]
NVIDIA GeForce RTX 4070, 0 %, 0 MiB, 12282 MiB

=== 2026-03-28 12:57:26 ===
[chain]
f5qp3w
2026-03-28 00:36:15,236 - nanochat.checkpoint_manager - INFO - Loading model fro
m /home/sun0115/.cache/nanochat/chatsft_checkpoints/d24_r32_lora_maxoom_2026-03-
27_2007_s2048_gc/best with step 500
2026-03-28 00:36:16,102 - nanochat.checkpoint_manager - INFO - Building model wi
th config: {'sequence_len': 2048, 'vocab_size': 32768, 'n_layer': 24, 'n_head':
9, 'n_kv_head': 9, 'n_embd': 1152, 'window_pattern': 'L'}
Rank 0 | 0/256 (0.00%)
==================================================
Final: 0/256 (0.00%)
SpellingBee accuracy: 0.00%
wandb: updating run metadata
wandb: uploading config.yaml; uploading output.log; uploading wandb-summary.json
wandb: uploading history steps 0-1, summary, console lines 2-5
wandb:
wandb: Run history:
wandb:  eval/spellingbee_accuracy ▁
wandb: final/spellingbee_accuracy ▁
wandb:                 task_index ▁
wandb:
wandb: Run summary:
wandb:  eval/spellingbee_accuracy 0
wandb: final/spellingbee_accuracy 0
wandb:                 task_index 1
wandb:
wandb: 🚀 View run d24_r32_lora_maxoom_2026-03-27_2007_s2048_gc_confirm_s500_spe
llingbee at: https://wandb.ai/sunshines-gmail-com/nanochat-eval/runs/hhf5qp3w
wandb: ⭐️ View project at: https://wandb.ai/sunshines-gmail-com/nanochat-eval
wandb: Synced 5 W&B file(s), 0 media file(s), 0 artifact file(s) and 0 other fil
e(s)
wandb: Find logs at: ./wandb/run-20260328_003614-hhf5qp3w/logs
[W328 01:07:31.189425989 AllocatorConfig.cpp:28] Warning: PYTORCH_CUDA_ALLOC_CON
F is deprecated, use PYTORCH_ALLOC_CONF instead (function operator())
SpellingBee: 0/256 = 0.00% | Wilson95% [0.00%, 1.48%]
[done] confirmation eval complete
summary=/home/sun0115/nanochat-learn/notes/d24_r32_lora_maxoom_2026-03-27_2007_s
2048_gc_best_s500_confirm_summary_1000_2026-03-27_2020.txt
[done] confirm eval finished for d24_r32_lora_maxoom_2026-03-27_2007_s2048_gc
[done] completed at s2048_gc
sun0115@DESKTOP-L4C74MD:~/nanochat-learn/nanochat$

[autopilot]
e(s)
wandb: Find logs at: ./wandb/run-20260328_053323-50wywf0f/logs
[W328 06:04:45.347347321 AllocatorConfig.cpp:28] Warning: PYTORCH_CUDA_ALLOC_CON
F is deprecated, use PYTORCH_ALLOC_CONF instead (function operator())
SpellingBee: 0/256 = 0.00% | Wilson95% [0.00%, 1.48%]
[done] confirmation eval complete
summary=/home/sun0115/nanochat-learn/notes/d24_r32_lora_maxoom_lr5e5_2026-03-28_
0107_s2048_gc_best_s500_confirm_summary_1000_2026-03-28_0120.txt
[done] confirm eval finished for d24_r32_lora_maxoom_lr5e5_2026-03-28_0107_s2048
_gc
[done] completed at s2048_gc
/home/sun0115/nanochat-learn/notes/d24_r32_lora_maxoom_lr5e5_2026-03-28_0107_s20
48_gc_best_s500_confirm_summary_1000_2026-03-28_0120.txt: Filename too long (os
error 36)
[2026-03-28 06:04:45] Could not parse follow-up summary metrics
[2026-03-28 06:04:45] Wrote decision note: /home/sun0115/nanochat-learn/notes/au
to_continue_r32_sft_ablation_2026-03-27_2059_decision.md
[2026-03-28 06:04:45] Autopilot finished. Final action=hold_recipe_change, best_
label=d24_r32_lora_maxoom_2026-03-27_2007, best_score=21.6000
sun0115@DESKTOP-L4C74MD:~/nanochat-learn/nanochat$

[gpu]
NVIDIA GeForce RTX 4070, 0 %, 0 MiB, 12282 MiB

=== 2026-03-28 13:02:26 ===
[chain]
f5qp3w
2026-03-28 00:36:15,236 - nanochat.checkpoint_manager - INFO - Loading model fro
m /home/sun0115/.cache/nanochat/chatsft_checkpoints/d24_r32_lora_maxoom_2026-03-
27_2007_s2048_gc/best with step 500
2026-03-28 00:36:16,102 - nanochat.checkpoint_manager - INFO - Building model wi
th config: {'sequence_len': 2048, 'vocab_size': 32768, 'n_layer': 24, 'n_head':
9, 'n_kv_head': 9, 'n_embd': 1152, 'window_pattern': 'L'}
Rank 0 | 0/256 (0.00%)
==================================================
Final: 0/256 (0.00%)
SpellingBee accuracy: 0.00%
wandb: updating run metadata
wandb: uploading config.yaml; uploading output.log; uploading wandb-summary.json
wandb: uploading history steps 0-1, summary, console lines 2-5
wandb:
wandb: Run history:
wandb:  eval/spellingbee_accuracy ▁
wandb: final/spellingbee_accuracy ▁
wandb:                 task_index ▁
wandb:
wandb: Run summary:
wandb:  eval/spellingbee_accuracy 0
wandb: final/spellingbee_accuracy 0
wandb:                 task_index 1
wandb:
wandb: 🚀 View run d24_r32_lora_maxoom_2026-03-27_2007_s2048_gc_confirm_s500_spe
llingbee at: https://wandb.ai/sunshines-gmail-com/nanochat-eval/runs/hhf5qp3w
wandb: ⭐️ View project at: https://wandb.ai/sunshines-gmail-com/nanochat-eval
wandb: Synced 5 W&B file(s), 0 media file(s), 0 artifact file(s) and 0 other fil
e(s)
wandb: Find logs at: ./wandb/run-20260328_003614-hhf5qp3w/logs
[W328 01:07:31.189425989 AllocatorConfig.cpp:28] Warning: PYTORCH_CUDA_ALLOC_CON
F is deprecated, use PYTORCH_ALLOC_CONF instead (function operator())
SpellingBee: 0/256 = 0.00% | Wilson95% [0.00%, 1.48%]
[done] confirmation eval complete
summary=/home/sun0115/nanochat-learn/notes/d24_r32_lora_maxoom_2026-03-27_2007_s
2048_gc_best_s500_confirm_summary_1000_2026-03-27_2020.txt
[done] confirm eval finished for d24_r32_lora_maxoom_2026-03-27_2007_s2048_gc
[done] completed at s2048_gc
sun0115@DESKTOP-L4C74MD:~/nanochat-learn/nanochat$

[autopilot]
e(s)
wandb: Find logs at: ./wandb/run-20260328_053323-50wywf0f/logs
[W328 06:04:45.347347321 AllocatorConfig.cpp:28] Warning: PYTORCH_CUDA_ALLOC_CON
F is deprecated, use PYTORCH_ALLOC_CONF instead (function operator())
SpellingBee: 0/256 = 0.00% | Wilson95% [0.00%, 1.48%]
[done] confirmation eval complete
summary=/home/sun0115/nanochat-learn/notes/d24_r32_lora_maxoom_lr5e5_2026-03-28_
0107_s2048_gc_best_s500_confirm_summary_1000_2026-03-28_0120.txt
[done] confirm eval finished for d24_r32_lora_maxoom_lr5e5_2026-03-28_0107_s2048
_gc
[done] completed at s2048_gc
/home/sun0115/nanochat-learn/notes/d24_r32_lora_maxoom_lr5e5_2026-03-28_0107_s20
48_gc_best_s500_confirm_summary_1000_2026-03-28_0120.txt: Filename too long (os
error 36)
[2026-03-28 06:04:45] Could not parse follow-up summary metrics
[2026-03-28 06:04:45] Wrote decision note: /home/sun0115/nanochat-learn/notes/au
to_continue_r32_sft_ablation_2026-03-27_2059_decision.md
[2026-03-28 06:04:45] Autopilot finished. Final action=hold_recipe_change, best_
label=d24_r32_lora_maxoom_2026-03-27_2007, best_score=21.6000
sun0115@DESKTOP-L4C74MD:~/nanochat-learn/nanochat$

[gpu]
NVIDIA GeForce RTX 4070, 0 %, 0 MiB, 12282 MiB

=== 2026-03-28 13:07:26 ===
[chain]
f5qp3w
2026-03-28 00:36:15,236 - nanochat.checkpoint_manager - INFO - Loading model fro
m /home/sun0115/.cache/nanochat/chatsft_checkpoints/d24_r32_lora_maxoom_2026-03-
27_2007_s2048_gc/best with step 500
2026-03-28 00:36:16,102 - nanochat.checkpoint_manager - INFO - Building model wi
th config: {'sequence_len': 2048, 'vocab_size': 32768, 'n_layer': 24, 'n_head':
9, 'n_kv_head': 9, 'n_embd': 1152, 'window_pattern': 'L'}
Rank 0 | 0/256 (0.00%)
==================================================
Final: 0/256 (0.00%)
SpellingBee accuracy: 0.00%
wandb: updating run metadata
wandb: uploading config.yaml; uploading output.log; uploading wandb-summary.json
wandb: uploading history steps 0-1, summary, console lines 2-5
wandb:
wandb: Run history:
wandb:  eval/spellingbee_accuracy ▁
wandb: final/spellingbee_accuracy ▁
wandb:                 task_index ▁
wandb:
wandb: Run summary:
wandb:  eval/spellingbee_accuracy 0
wandb: final/spellingbee_accuracy 0
wandb:                 task_index 1
wandb:
wandb: 🚀 View run d24_r32_lora_maxoom_2026-03-27_2007_s2048_gc_confirm_s500_spe
llingbee at: https://wandb.ai/sunshines-gmail-com/nanochat-eval/runs/hhf5qp3w
wandb: ⭐️ View project at: https://wandb.ai/sunshines-gmail-com/nanochat-eval
wandb: Synced 5 W&B file(s), 0 media file(s), 0 artifact file(s) and 0 other fil
e(s)
wandb: Find logs at: ./wandb/run-20260328_003614-hhf5qp3w/logs
[W328 01:07:31.189425989 AllocatorConfig.cpp:28] Warning: PYTORCH_CUDA_ALLOC_CON
F is deprecated, use PYTORCH_ALLOC_CONF instead (function operator())
SpellingBee: 0/256 = 0.00% | Wilson95% [0.00%, 1.48%]
[done] confirmation eval complete
summary=/home/sun0115/nanochat-learn/notes/d24_r32_lora_maxoom_2026-03-27_2007_s
2048_gc_best_s500_confirm_summary_1000_2026-03-27_2020.txt
[done] confirm eval finished for d24_r32_lora_maxoom_2026-03-27_2007_s2048_gc
[done] completed at s2048_gc
sun0115@DESKTOP-L4C74MD:~/nanochat-learn/nanochat$

[autopilot]
e(s)
wandb: Find logs at: ./wandb/run-20260328_053323-50wywf0f/logs
[W328 06:04:45.347347321 AllocatorConfig.cpp:28] Warning: PYTORCH_CUDA_ALLOC_CON
F is deprecated, use PYTORCH_ALLOC_CONF instead (function operator())
SpellingBee: 0/256 = 0.00% | Wilson95% [0.00%, 1.48%]
[done] confirmation eval complete
summary=/home/sun0115/nanochat-learn/notes/d24_r32_lora_maxoom_lr5e5_2026-03-28_
0107_s2048_gc_best_s500_confirm_summary_1000_2026-03-28_0120.txt
[done] confirm eval finished for d24_r32_lora_maxoom_lr5e5_2026-03-28_0107_s2048
_gc
[done] completed at s2048_gc
/home/sun0115/nanochat-learn/notes/d24_r32_lora_maxoom_lr5e5_2026-03-28_0107_s20
48_gc_best_s500_confirm_summary_1000_2026-03-28_0120.txt: Filename too long (os
error 36)
[2026-03-28 06:04:45] Could not parse follow-up summary metrics
[2026-03-28 06:04:45] Wrote decision note: /home/sun0115/nanochat-learn/notes/au
to_continue_r32_sft_ablation_2026-03-27_2059_decision.md
[2026-03-28 06:04:45] Autopilot finished. Final action=hold_recipe_change, best_
label=d24_r32_lora_maxoom_2026-03-27_2007, best_score=21.6000
sun0115@DESKTOP-L4C74MD:~/nanochat-learn/nanochat$

[gpu]
NVIDIA GeForce RTX 4070, 0 %, 0 MiB, 12282 MiB

=== 2026-03-28 13:12:26 ===
[chain]
f5qp3w
2026-03-28 00:36:15,236 - nanochat.checkpoint_manager - INFO - Loading model fro
m /home/sun0115/.cache/nanochat/chatsft_checkpoints/d24_r32_lora_maxoom_2026-03-
27_2007_s2048_gc/best with step 500
2026-03-28 00:36:16,102 - nanochat.checkpoint_manager - INFO - Building model wi
th config: {'sequence_len': 2048, 'vocab_size': 32768, 'n_layer': 24, 'n_head':
9, 'n_kv_head': 9, 'n_embd': 1152, 'window_pattern': 'L'}
Rank 0 | 0/256 (0.00%)
==================================================
Final: 0/256 (0.00%)
SpellingBee accuracy: 0.00%
wandb: updating run metadata
wandb: uploading config.yaml; uploading output.log; uploading wandb-summary.json
wandb: uploading history steps 0-1, summary, console lines 2-5
wandb:
wandb: Run history:
wandb:  eval/spellingbee_accuracy ▁
wandb: final/spellingbee_accuracy ▁
wandb:                 task_index ▁
wandb:
wandb: Run summary:
wandb:  eval/spellingbee_accuracy 0
wandb: final/spellingbee_accuracy 0
wandb:                 task_index 1
wandb:
wandb: 🚀 View run d24_r32_lora_maxoom_2026-03-27_2007_s2048_gc_confirm_s500_spe
llingbee at: https://wandb.ai/sunshines-gmail-com/nanochat-eval/runs/hhf5qp3w
wandb: ⭐️ View project at: https://wandb.ai/sunshines-gmail-com/nanochat-eval
wandb: Synced 5 W&B file(s), 0 media file(s), 0 artifact file(s) and 0 other fil
e(s)
wandb: Find logs at: ./wandb/run-20260328_003614-hhf5qp3w/logs
[W328 01:07:31.189425989 AllocatorConfig.cpp:28] Warning: PYTORCH_CUDA_ALLOC_CON
F is deprecated, use PYTORCH_ALLOC_CONF instead (function operator())
SpellingBee: 0/256 = 0.00% | Wilson95% [0.00%, 1.48%]
[done] confirmation eval complete
summary=/home/sun0115/nanochat-learn/notes/d24_r32_lora_maxoom_2026-03-27_2007_s
2048_gc_best_s500_confirm_summary_1000_2026-03-27_2020.txt
[done] confirm eval finished for d24_r32_lora_maxoom_2026-03-27_2007_s2048_gc
[done] completed at s2048_gc
sun0115@DESKTOP-L4C74MD:~/nanochat-learn/nanochat$

[autopilot]
e(s)
wandb: Find logs at: ./wandb/run-20260328_053323-50wywf0f/logs
[W328 06:04:45.347347321 AllocatorConfig.cpp:28] Warning: PYTORCH_CUDA_ALLOC_CON
F is deprecated, use PYTORCH_ALLOC_CONF instead (function operator())
SpellingBee: 0/256 = 0.00% | Wilson95% [0.00%, 1.48%]
[done] confirmation eval complete
summary=/home/sun0115/nanochat-learn/notes/d24_r32_lora_maxoom_lr5e5_2026-03-28_
0107_s2048_gc_best_s500_confirm_summary_1000_2026-03-28_0120.txt
[done] confirm eval finished for d24_r32_lora_maxoom_lr5e5_2026-03-28_0107_s2048
_gc
[done] completed at s2048_gc
/home/sun0115/nanochat-learn/notes/d24_r32_lora_maxoom_lr5e5_2026-03-28_0107_s20
48_gc_best_s500_confirm_summary_1000_2026-03-28_0120.txt: Filename too long (os
error 36)
[2026-03-28 06:04:45] Could not parse follow-up summary metrics
[2026-03-28 06:04:45] Wrote decision note: /home/sun0115/nanochat-learn/notes/au
to_continue_r32_sft_ablation_2026-03-27_2059_decision.md
[2026-03-28 06:04:45] Autopilot finished. Final action=hold_recipe_change, best_
label=d24_r32_lora_maxoom_2026-03-27_2007, best_score=21.6000
sun0115@DESKTOP-L4C74MD:~/nanochat-learn/nanochat$

[gpu]
NVIDIA GeForce RTX 4070, 0 %, 0 MiB, 12282 MiB

=== 2026-03-28 13:17:26 ===
[chain]
f5qp3w
2026-03-28 00:36:15,236 - nanochat.checkpoint_manager - INFO - Loading model fro
m /home/sun0115/.cache/nanochat/chatsft_checkpoints/d24_r32_lora_maxoom_2026-03-
27_2007_s2048_gc/best with step 500
2026-03-28 00:36:16,102 - nanochat.checkpoint_manager - INFO - Building model wi
th config: {'sequence_len': 2048, 'vocab_size': 32768, 'n_layer': 24, 'n_head':
9, 'n_kv_head': 9, 'n_embd': 1152, 'window_pattern': 'L'}
Rank 0 | 0/256 (0.00%)
==================================================
Final: 0/256 (0.00%)
SpellingBee accuracy: 0.00%
wandb: updating run metadata
wandb: uploading config.yaml; uploading output.log; uploading wandb-summary.json
wandb: uploading history steps 0-1, summary, console lines 2-5
wandb:
wandb: Run history:
wandb:  eval/spellingbee_accuracy ▁
wandb: final/spellingbee_accuracy ▁
wandb:                 task_index ▁
wandb:
wandb: Run summary:
wandb:  eval/spellingbee_accuracy 0
wandb: final/spellingbee_accuracy 0
wandb:                 task_index 1
wandb:
wandb: 🚀 View run d24_r32_lora_maxoom_2026-03-27_2007_s2048_gc_confirm_s500_spe
llingbee at: https://wandb.ai/sunshines-gmail-com/nanochat-eval/runs/hhf5qp3w
wandb: ⭐️ View project at: https://wandb.ai/sunshines-gmail-com/nanochat-eval
wandb: Synced 5 W&B file(s), 0 media file(s), 0 artifact file(s) and 0 other fil
e(s)
wandb: Find logs at: ./wandb/run-20260328_003614-hhf5qp3w/logs
[W328 01:07:31.189425989 AllocatorConfig.cpp:28] Warning: PYTORCH_CUDA_ALLOC_CON
F is deprecated, use PYTORCH_ALLOC_CONF instead (function operator())
SpellingBee: 0/256 = 0.00% | Wilson95% [0.00%, 1.48%]
[done] confirmation eval complete
summary=/home/sun0115/nanochat-learn/notes/d24_r32_lora_maxoom_2026-03-27_2007_s
2048_gc_best_s500_confirm_summary_1000_2026-03-27_2020.txt
[done] confirm eval finished for d24_r32_lora_maxoom_2026-03-27_2007_s2048_gc
[done] completed at s2048_gc
sun0115@DESKTOP-L4C74MD:~/nanochat-learn/nanochat$

[autopilot]
e(s)
wandb: Find logs at: ./wandb/run-20260328_053323-50wywf0f/logs
[W328 06:04:45.347347321 AllocatorConfig.cpp:28] Warning: PYTORCH_CUDA_ALLOC_CON
F is deprecated, use PYTORCH_ALLOC_CONF instead (function operator())
SpellingBee: 0/256 = 0.00% | Wilson95% [0.00%, 1.48%]
[done] confirmation eval complete
summary=/home/sun0115/nanochat-learn/notes/d24_r32_lora_maxoom_lr5e5_2026-03-28_
0107_s2048_gc_best_s500_confirm_summary_1000_2026-03-28_0120.txt
[done] confirm eval finished for d24_r32_lora_maxoom_lr5e5_2026-03-28_0107_s2048
_gc
[done] completed at s2048_gc
/home/sun0115/nanochat-learn/notes/d24_r32_lora_maxoom_lr5e5_2026-03-28_0107_s20
48_gc_best_s500_confirm_summary_1000_2026-03-28_0120.txt: Filename too long (os
error 36)
[2026-03-28 06:04:45] Could not parse follow-up summary metrics
[2026-03-28 06:04:45] Wrote decision note: /home/sun0115/nanochat-learn/notes/au
to_continue_r32_sft_ablation_2026-03-27_2059_decision.md
[2026-03-28 06:04:45] Autopilot finished. Final action=hold_recipe_change, best_
label=d24_r32_lora_maxoom_2026-03-27_2007, best_score=21.6000
sun0115@DESKTOP-L4C74MD:~/nanochat-learn/nanochat$

[gpu]
NVIDIA GeForce RTX 4070, 0 %, 0 MiB, 12282 MiB

=== 2026-03-28 13:22:26 ===
[chain]
f5qp3w
2026-03-28 00:36:15,236 - nanochat.checkpoint_manager - INFO - Loading model fro
m /home/sun0115/.cache/nanochat/chatsft_checkpoints/d24_r32_lora_maxoom_2026-03-
27_2007_s2048_gc/best with step 500
2026-03-28 00:36:16,102 - nanochat.checkpoint_manager - INFO - Building model wi
th config: {'sequence_len': 2048, 'vocab_size': 32768, 'n_layer': 24, 'n_head':
9, 'n_kv_head': 9, 'n_embd': 1152, 'window_pattern': 'L'}
Rank 0 | 0/256 (0.00%)
==================================================
Final: 0/256 (0.00%)
SpellingBee accuracy: 0.00%
wandb: updating run metadata
wandb: uploading config.yaml; uploading output.log; uploading wandb-summary.json
wandb: uploading history steps 0-1, summary, console lines 2-5
wandb:
wandb: Run history:
wandb:  eval/spellingbee_accuracy ▁
wandb: final/spellingbee_accuracy ▁
wandb:                 task_index ▁
wandb:
wandb: Run summary:
wandb:  eval/spellingbee_accuracy 0
wandb: final/spellingbee_accuracy 0
wandb:                 task_index 1
wandb:
wandb: 🚀 View run d24_r32_lora_maxoom_2026-03-27_2007_s2048_gc_confirm_s500_spe
llingbee at: https://wandb.ai/sunshines-gmail-com/nanochat-eval/runs/hhf5qp3w
wandb: ⭐️ View project at: https://wandb.ai/sunshines-gmail-com/nanochat-eval
wandb: Synced 5 W&B file(s), 0 media file(s), 0 artifact file(s) and 0 other fil
e(s)
wandb: Find logs at: ./wandb/run-20260328_003614-hhf5qp3w/logs
[W328 01:07:31.189425989 AllocatorConfig.cpp:28] Warning: PYTORCH_CUDA_ALLOC_CON
F is deprecated, use PYTORCH_ALLOC_CONF instead (function operator())
SpellingBee: 0/256 = 0.00% | Wilson95% [0.00%, 1.48%]
[done] confirmation eval complete
summary=/home/sun0115/nanochat-learn/notes/d24_r32_lora_maxoom_2026-03-27_2007_s
2048_gc_best_s500_confirm_summary_1000_2026-03-27_2020.txt
[done] confirm eval finished for d24_r32_lora_maxoom_2026-03-27_2007_s2048_gc
[done] completed at s2048_gc
sun0115@DESKTOP-L4C74MD:~/nanochat-learn/nanochat$

[autopilot]
e(s)
wandb: Find logs at: ./wandb/run-20260328_053323-50wywf0f/logs
[W328 06:04:45.347347321 AllocatorConfig.cpp:28] Warning: PYTORCH_CUDA_ALLOC_CON
F is deprecated, use PYTORCH_ALLOC_CONF instead (function operator())
SpellingBee: 0/256 = 0.00% | Wilson95% [0.00%, 1.48%]
[done] confirmation eval complete
summary=/home/sun0115/nanochat-learn/notes/d24_r32_lora_maxoom_lr5e5_2026-03-28_
0107_s2048_gc_best_s500_confirm_summary_1000_2026-03-28_0120.txt
[done] confirm eval finished for d24_r32_lora_maxoom_lr5e5_2026-03-28_0107_s2048
_gc
[done] completed at s2048_gc
/home/sun0115/nanochat-learn/notes/d24_r32_lora_maxoom_lr5e5_2026-03-28_0107_s20
48_gc_best_s500_confirm_summary_1000_2026-03-28_0120.txt: Filename too long (os
error 36)
[2026-03-28 06:04:45] Could not parse follow-up summary metrics
[2026-03-28 06:04:45] Wrote decision note: /home/sun0115/nanochat-learn/notes/au
to_continue_r32_sft_ablation_2026-03-27_2059_decision.md
[2026-03-28 06:04:45] Autopilot finished. Final action=hold_recipe_change, best_
label=d24_r32_lora_maxoom_2026-03-27_2007, best_score=21.6000
sun0115@DESKTOP-L4C74MD:~/nanochat-learn/nanochat$

[gpu]
NVIDIA GeForce RTX 4070, 0 %, 0 MiB, 12282 MiB

=== 2026-03-28 13:27:26 ===
[chain]
f5qp3w
2026-03-28 00:36:15,236 - nanochat.checkpoint_manager - INFO - Loading model fro
m /home/sun0115/.cache/nanochat/chatsft_checkpoints/d24_r32_lora_maxoom_2026-03-
27_2007_s2048_gc/best with step 500
2026-03-28 00:36:16,102 - nanochat.checkpoint_manager - INFO - Building model wi
th config: {'sequence_len': 2048, 'vocab_size': 32768, 'n_layer': 24, 'n_head':
9, 'n_kv_head': 9, 'n_embd': 1152, 'window_pattern': 'L'}
Rank 0 | 0/256 (0.00%)
==================================================
Final: 0/256 (0.00%)
SpellingBee accuracy: 0.00%
wandb: updating run metadata
wandb: uploading config.yaml; uploading output.log; uploading wandb-summary.json
wandb: uploading history steps 0-1, summary, console lines 2-5
wandb:
wandb: Run history:
wandb:  eval/spellingbee_accuracy ▁
wandb: final/spellingbee_accuracy ▁
wandb:                 task_index ▁
wandb:
wandb: Run summary:
wandb:  eval/spellingbee_accuracy 0
wandb: final/spellingbee_accuracy 0
wandb:                 task_index 1
wandb:
wandb: 🚀 View run d24_r32_lora_maxoom_2026-03-27_2007_s2048_gc_confirm_s500_spe
llingbee at: https://wandb.ai/sunshines-gmail-com/nanochat-eval/runs/hhf5qp3w
wandb: ⭐️ View project at: https://wandb.ai/sunshines-gmail-com/nanochat-eval
wandb: Synced 5 W&B file(s), 0 media file(s), 0 artifact file(s) and 0 other fil
e(s)
wandb: Find logs at: ./wandb/run-20260328_003614-hhf5qp3w/logs
[W328 01:07:31.189425989 AllocatorConfig.cpp:28] Warning: PYTORCH_CUDA_ALLOC_CON
F is deprecated, use PYTORCH_ALLOC_CONF instead (function operator())
SpellingBee: 0/256 = 0.00% | Wilson95% [0.00%, 1.48%]
[done] confirmation eval complete
summary=/home/sun0115/nanochat-learn/notes/d24_r32_lora_maxoom_2026-03-27_2007_s
2048_gc_best_s500_confirm_summary_1000_2026-03-27_2020.txt
[done] confirm eval finished for d24_r32_lora_maxoom_2026-03-27_2007_s2048_gc
[done] completed at s2048_gc
sun0115@DESKTOP-L4C74MD:~/nanochat-learn/nanochat$

[autopilot]
e(s)
wandb: Find logs at: ./wandb/run-20260328_053323-50wywf0f/logs
[W328 06:04:45.347347321 AllocatorConfig.cpp:28] Warning: PYTORCH_CUDA_ALLOC_CON
F is deprecated, use PYTORCH_ALLOC_CONF instead (function operator())
SpellingBee: 0/256 = 0.00% | Wilson95% [0.00%, 1.48%]
[done] confirmation eval complete
summary=/home/sun0115/nanochat-learn/notes/d24_r32_lora_maxoom_lr5e5_2026-03-28_
0107_s2048_gc_best_s500_confirm_summary_1000_2026-03-28_0120.txt
[done] confirm eval finished for d24_r32_lora_maxoom_lr5e5_2026-03-28_0107_s2048
_gc
[done] completed at s2048_gc
/home/sun0115/nanochat-learn/notes/d24_r32_lora_maxoom_lr5e5_2026-03-28_0107_s20
48_gc_best_s500_confirm_summary_1000_2026-03-28_0120.txt: Filename too long (os
error 36)
[2026-03-28 06:04:45] Could not parse follow-up summary metrics
[2026-03-28 06:04:45] Wrote decision note: /home/sun0115/nanochat-learn/notes/au
to_continue_r32_sft_ablation_2026-03-27_2059_decision.md
[2026-03-28 06:04:45] Autopilot finished. Final action=hold_recipe_change, best_
label=d24_r32_lora_maxoom_2026-03-27_2007, best_score=21.6000
sun0115@DESKTOP-L4C74MD:~/nanochat-learn/nanochat$

[gpu]
NVIDIA GeForce RTX 4070, 0 %, 0 MiB, 12282 MiB

=== 2026-03-28 13:32:26 ===
[chain]
f5qp3w
2026-03-28 00:36:15,236 - nanochat.checkpoint_manager - INFO - Loading model fro
m /home/sun0115/.cache/nanochat/chatsft_checkpoints/d24_r32_lora_maxoom_2026-03-
27_2007_s2048_gc/best with step 500
2026-03-28 00:36:16,102 - nanochat.checkpoint_manager - INFO - Building model wi
th config: {'sequence_len': 2048, 'vocab_size': 32768, 'n_layer': 24, 'n_head':
9, 'n_kv_head': 9, 'n_embd': 1152, 'window_pattern': 'L'}
Rank 0 | 0/256 (0.00%)
==================================================
Final: 0/256 (0.00%)
SpellingBee accuracy: 0.00%
wandb: updating run metadata
wandb: uploading config.yaml; uploading output.log; uploading wandb-summary.json
wandb: uploading history steps 0-1, summary, console lines 2-5
wandb:
wandb: Run history:
wandb:  eval/spellingbee_accuracy ▁
wandb: final/spellingbee_accuracy ▁
wandb:                 task_index ▁
wandb:
wandb: Run summary:
wandb:  eval/spellingbee_accuracy 0
wandb: final/spellingbee_accuracy 0
wandb:                 task_index 1
wandb:
wandb: 🚀 View run d24_r32_lora_maxoom_2026-03-27_2007_s2048_gc_confirm_s500_spe
llingbee at: https://wandb.ai/sunshines-gmail-com/nanochat-eval/runs/hhf5qp3w
wandb: ⭐️ View project at: https://wandb.ai/sunshines-gmail-com/nanochat-eval
wandb: Synced 5 W&B file(s), 0 media file(s), 0 artifact file(s) and 0 other fil
e(s)
wandb: Find logs at: ./wandb/run-20260328_003614-hhf5qp3w/logs
[W328 01:07:31.189425989 AllocatorConfig.cpp:28] Warning: PYTORCH_CUDA_ALLOC_CON
F is deprecated, use PYTORCH_ALLOC_CONF instead (function operator())
SpellingBee: 0/256 = 0.00% | Wilson95% [0.00%, 1.48%]
[done] confirmation eval complete
summary=/home/sun0115/nanochat-learn/notes/d24_r32_lora_maxoom_2026-03-27_2007_s
2048_gc_best_s500_confirm_summary_1000_2026-03-27_2020.txt
[done] confirm eval finished for d24_r32_lora_maxoom_2026-03-27_2007_s2048_gc
[done] completed at s2048_gc
sun0115@DESKTOP-L4C74MD:~/nanochat-learn/nanochat$

[autopilot]
e(s)
wandb: Find logs at: ./wandb/run-20260328_053323-50wywf0f/logs
[W328 06:04:45.347347321 AllocatorConfig.cpp:28] Warning: PYTORCH_CUDA_ALLOC_CON
F is deprecated, use PYTORCH_ALLOC_CONF instead (function operator())
SpellingBee: 0/256 = 0.00% | Wilson95% [0.00%, 1.48%]
[done] confirmation eval complete
summary=/home/sun0115/nanochat-learn/notes/d24_r32_lora_maxoom_lr5e5_2026-03-28_
0107_s2048_gc_best_s500_confirm_summary_1000_2026-03-28_0120.txt
[done] confirm eval finished for d24_r32_lora_maxoom_lr5e5_2026-03-28_0107_s2048
_gc
[done] completed at s2048_gc
/home/sun0115/nanochat-learn/notes/d24_r32_lora_maxoom_lr5e5_2026-03-28_0107_s20
48_gc_best_s500_confirm_summary_1000_2026-03-28_0120.txt: Filename too long (os
error 36)
[2026-03-28 06:04:45] Could not parse follow-up summary metrics
[2026-03-28 06:04:45] Wrote decision note: /home/sun0115/nanochat-learn/notes/au
to_continue_r32_sft_ablation_2026-03-27_2059_decision.md
[2026-03-28 06:04:45] Autopilot finished. Final action=hold_recipe_change, best_
label=d24_r32_lora_maxoom_2026-03-27_2007, best_score=21.6000
sun0115@DESKTOP-L4C74MD:~/nanochat-learn/nanochat$

[gpu]
NVIDIA GeForce RTX 4070, 0 %, 0 MiB, 12282 MiB

=== 2026-03-28 13:37:26 ===
[chain]
f5qp3w
2026-03-28 00:36:15,236 - nanochat.checkpoint_manager - INFO - Loading model fro
m /home/sun0115/.cache/nanochat/chatsft_checkpoints/d24_r32_lora_maxoom_2026-03-
27_2007_s2048_gc/best with step 500
2026-03-28 00:36:16,102 - nanochat.checkpoint_manager - INFO - Building model wi
th config: {'sequence_len': 2048, 'vocab_size': 32768, 'n_layer': 24, 'n_head':
9, 'n_kv_head': 9, 'n_embd': 1152, 'window_pattern': 'L'}
Rank 0 | 0/256 (0.00%)
==================================================
Final: 0/256 (0.00%)
SpellingBee accuracy: 0.00%
wandb: updating run metadata
wandb: uploading config.yaml; uploading output.log; uploading wandb-summary.json
wandb: uploading history steps 0-1, summary, console lines 2-5
wandb:
wandb: Run history:
wandb:  eval/spellingbee_accuracy ▁
wandb: final/spellingbee_accuracy ▁
wandb:                 task_index ▁
wandb:
wandb: Run summary:
wandb:  eval/spellingbee_accuracy 0
wandb: final/spellingbee_accuracy 0
wandb:                 task_index 1
wandb:
wandb: 🚀 View run d24_r32_lora_maxoom_2026-03-27_2007_s2048_gc_confirm_s500_spe
llingbee at: https://wandb.ai/sunshines-gmail-com/nanochat-eval/runs/hhf5qp3w
wandb: ⭐️ View project at: https://wandb.ai/sunshines-gmail-com/nanochat-eval
wandb: Synced 5 W&B file(s), 0 media file(s), 0 artifact file(s) and 0 other fil
e(s)
wandb: Find logs at: ./wandb/run-20260328_003614-hhf5qp3w/logs
[W328 01:07:31.189425989 AllocatorConfig.cpp:28] Warning: PYTORCH_CUDA_ALLOC_CON
F is deprecated, use PYTORCH_ALLOC_CONF instead (function operator())
SpellingBee: 0/256 = 0.00% | Wilson95% [0.00%, 1.48%]
[done] confirmation eval complete
summary=/home/sun0115/nanochat-learn/notes/d24_r32_lora_maxoom_2026-03-27_2007_s
2048_gc_best_s500_confirm_summary_1000_2026-03-27_2020.txt
[done] confirm eval finished for d24_r32_lora_maxoom_2026-03-27_2007_s2048_gc
[done] completed at s2048_gc
sun0115@DESKTOP-L4C74MD:~/nanochat-learn/nanochat$

[autopilot]
e(s)
wandb: Find logs at: ./wandb/run-20260328_053323-50wywf0f/logs
[W328 06:04:45.347347321 AllocatorConfig.cpp:28] Warning: PYTORCH_CUDA_ALLOC_CON
F is deprecated, use PYTORCH_ALLOC_CONF instead (function operator())
SpellingBee: 0/256 = 0.00% | Wilson95% [0.00%, 1.48%]
[done] confirmation eval complete
summary=/home/sun0115/nanochat-learn/notes/d24_r32_lora_maxoom_lr5e5_2026-03-28_
0107_s2048_gc_best_s500_confirm_summary_1000_2026-03-28_0120.txt
[done] confirm eval finished for d24_r32_lora_maxoom_lr5e5_2026-03-28_0107_s2048
_gc
[done] completed at s2048_gc
/home/sun0115/nanochat-learn/notes/d24_r32_lora_maxoom_lr5e5_2026-03-28_0107_s20
48_gc_best_s500_confirm_summary_1000_2026-03-28_0120.txt: Filename too long (os
error 36)
[2026-03-28 06:04:45] Could not parse follow-up summary metrics
[2026-03-28 06:04:45] Wrote decision note: /home/sun0115/nanochat-learn/notes/au
to_continue_r32_sft_ablation_2026-03-27_2059_decision.md
[2026-03-28 06:04:45] Autopilot finished. Final action=hold_recipe_change, best_
label=d24_r32_lora_maxoom_2026-03-27_2007, best_score=21.6000
sun0115@DESKTOP-L4C74MD:~/nanochat-learn/nanochat$

[gpu]
NVIDIA GeForce RTX 4070, 0 %, 0 MiB, 12282 MiB

=== 2026-03-28 13:42:26 ===
[chain]
f5qp3w
2026-03-28 00:36:15,236 - nanochat.checkpoint_manager - INFO - Loading model fro
m /home/sun0115/.cache/nanochat/chatsft_checkpoints/d24_r32_lora_maxoom_2026-03-
27_2007_s2048_gc/best with step 500
2026-03-28 00:36:16,102 - nanochat.checkpoint_manager - INFO - Building model wi
th config: {'sequence_len': 2048, 'vocab_size': 32768, 'n_layer': 24, 'n_head':
9, 'n_kv_head': 9, 'n_embd': 1152, 'window_pattern': 'L'}
Rank 0 | 0/256 (0.00%)
==================================================
Final: 0/256 (0.00%)
SpellingBee accuracy: 0.00%
wandb: updating run metadata
wandb: uploading config.yaml; uploading output.log; uploading wandb-summary.json
wandb: uploading history steps 0-1, summary, console lines 2-5
wandb:
wandb: Run history:
wandb:  eval/spellingbee_accuracy ▁
wandb: final/spellingbee_accuracy ▁
wandb:                 task_index ▁
wandb:
wandb: Run summary:
wandb:  eval/spellingbee_accuracy 0
wandb: final/spellingbee_accuracy 0
wandb:                 task_index 1
wandb:
wandb: 🚀 View run d24_r32_lora_maxoom_2026-03-27_2007_s2048_gc_confirm_s500_spe
llingbee at: https://wandb.ai/sunshines-gmail-com/nanochat-eval/runs/hhf5qp3w
wandb: ⭐️ View project at: https://wandb.ai/sunshines-gmail-com/nanochat-eval
wandb: Synced 5 W&B file(s), 0 media file(s), 0 artifact file(s) and 0 other fil
e(s)
wandb: Find logs at: ./wandb/run-20260328_003614-hhf5qp3w/logs
[W328 01:07:31.189425989 AllocatorConfig.cpp:28] Warning: PYTORCH_CUDA_ALLOC_CON
F is deprecated, use PYTORCH_ALLOC_CONF instead (function operator())
SpellingBee: 0/256 = 0.00% | Wilson95% [0.00%, 1.48%]
[done] confirmation eval complete
summary=/home/sun0115/nanochat-learn/notes/d24_r32_lora_maxoom_2026-03-27_2007_s
2048_gc_best_s500_confirm_summary_1000_2026-03-27_2020.txt
[done] confirm eval finished for d24_r32_lora_maxoom_2026-03-27_2007_s2048_gc
[done] completed at s2048_gc
sun0115@DESKTOP-L4C74MD:~/nanochat-learn/nanochat$

[autopilot]
e(s)
wandb: Find logs at: ./wandb/run-20260328_053323-50wywf0f/logs
[W328 06:04:45.347347321 AllocatorConfig.cpp:28] Warning: PYTORCH_CUDA_ALLOC_CON
F is deprecated, use PYTORCH_ALLOC_CONF instead (function operator())
SpellingBee: 0/256 = 0.00% | Wilson95% [0.00%, 1.48%]
[done] confirmation eval complete
summary=/home/sun0115/nanochat-learn/notes/d24_r32_lora_maxoom_lr5e5_2026-03-28_
0107_s2048_gc_best_s500_confirm_summary_1000_2026-03-28_0120.txt
[done] confirm eval finished for d24_r32_lora_maxoom_lr5e5_2026-03-28_0107_s2048
_gc
[done] completed at s2048_gc
/home/sun0115/nanochat-learn/notes/d24_r32_lora_maxoom_lr5e5_2026-03-28_0107_s20
48_gc_best_s500_confirm_summary_1000_2026-03-28_0120.txt: Filename too long (os
error 36)
[2026-03-28 06:04:45] Could not parse follow-up summary metrics
[2026-03-28 06:04:45] Wrote decision note: /home/sun0115/nanochat-learn/notes/au
to_continue_r32_sft_ablation_2026-03-27_2059_decision.md
[2026-03-28 06:04:45] Autopilot finished. Final action=hold_recipe_change, best_
label=d24_r32_lora_maxoom_2026-03-27_2007, best_score=21.6000
sun0115@DESKTOP-L4C74MD:~/nanochat-learn/nanochat$

[gpu]
NVIDIA GeForce RTX 4070, 0 %, 0 MiB, 12282 MiB

=== 2026-03-28 13:47:26 ===
[chain]
f5qp3w
2026-03-28 00:36:15,236 - nanochat.checkpoint_manager - INFO - Loading model fro
m /home/sun0115/.cache/nanochat/chatsft_checkpoints/d24_r32_lora_maxoom_2026-03-
27_2007_s2048_gc/best with step 500
2026-03-28 00:36:16,102 - nanochat.checkpoint_manager - INFO - Building model wi
th config: {'sequence_len': 2048, 'vocab_size': 32768, 'n_layer': 24, 'n_head':
9, 'n_kv_head': 9, 'n_embd': 1152, 'window_pattern': 'L'}
Rank 0 | 0/256 (0.00%)
==================================================
Final: 0/256 (0.00%)
SpellingBee accuracy: 0.00%
wandb: updating run metadata
wandb: uploading config.yaml; uploading output.log; uploading wandb-summary.json
wandb: uploading history steps 0-1, summary, console lines 2-5
wandb:
wandb: Run history:
wandb:  eval/spellingbee_accuracy ▁
wandb: final/spellingbee_accuracy ▁
wandb:                 task_index ▁
wandb:
wandb: Run summary:
wandb:  eval/spellingbee_accuracy 0
wandb: final/spellingbee_accuracy 0
wandb:                 task_index 1
wandb:
wandb: 🚀 View run d24_r32_lora_maxoom_2026-03-27_2007_s2048_gc_confirm_s500_spe
llingbee at: https://wandb.ai/sunshines-gmail-com/nanochat-eval/runs/hhf5qp3w
wandb: ⭐️ View project at: https://wandb.ai/sunshines-gmail-com/nanochat-eval
wandb: Synced 5 W&B file(s), 0 media file(s), 0 artifact file(s) and 0 other fil
e(s)
wandb: Find logs at: ./wandb/run-20260328_003614-hhf5qp3w/logs
[W328 01:07:31.189425989 AllocatorConfig.cpp:28] Warning: PYTORCH_CUDA_ALLOC_CON
F is deprecated, use PYTORCH_ALLOC_CONF instead (function operator())
SpellingBee: 0/256 = 0.00% | Wilson95% [0.00%, 1.48%]
[done] confirmation eval complete
summary=/home/sun0115/nanochat-learn/notes/d24_r32_lora_maxoom_2026-03-27_2007_s
2048_gc_best_s500_confirm_summary_1000_2026-03-27_2020.txt
[done] confirm eval finished for d24_r32_lora_maxoom_2026-03-27_2007_s2048_gc
[done] completed at s2048_gc
sun0115@DESKTOP-L4C74MD:~/nanochat-learn/nanochat$

[autopilot]
e(s)
wandb: Find logs at: ./wandb/run-20260328_053323-50wywf0f/logs
[W328 06:04:45.347347321 AllocatorConfig.cpp:28] Warning: PYTORCH_CUDA_ALLOC_CON
F is deprecated, use PYTORCH_ALLOC_CONF instead (function operator())
SpellingBee: 0/256 = 0.00% | Wilson95% [0.00%, 1.48%]
[done] confirmation eval complete
summary=/home/sun0115/nanochat-learn/notes/d24_r32_lora_maxoom_lr5e5_2026-03-28_
0107_s2048_gc_best_s500_confirm_summary_1000_2026-03-28_0120.txt
[done] confirm eval finished for d24_r32_lora_maxoom_lr5e5_2026-03-28_0107_s2048
_gc
[done] completed at s2048_gc
/home/sun0115/nanochat-learn/notes/d24_r32_lora_maxoom_lr5e5_2026-03-28_0107_s20
48_gc_best_s500_confirm_summary_1000_2026-03-28_0120.txt: Filename too long (os
error 36)
[2026-03-28 06:04:45] Could not parse follow-up summary metrics
[2026-03-28 06:04:45] Wrote decision note: /home/sun0115/nanochat-learn/notes/au
to_continue_r32_sft_ablation_2026-03-27_2059_decision.md
[2026-03-28 06:04:45] Autopilot finished. Final action=hold_recipe_change, best_
label=d24_r32_lora_maxoom_2026-03-27_2007, best_score=21.6000
sun0115@DESKTOP-L4C74MD:~/nanochat-learn/nanochat$

[gpu]
NVIDIA GeForce RTX 4070, 0 %, 0 MiB, 12282 MiB

=== 2026-03-28 13:52:27 ===
[chain]
f5qp3w
2026-03-28 00:36:15,236 - nanochat.checkpoint_manager - INFO - Loading model fro
m /home/sun0115/.cache/nanochat/chatsft_checkpoints/d24_r32_lora_maxoom_2026-03-
27_2007_s2048_gc/best with step 500
2026-03-28 00:36:16,102 - nanochat.checkpoint_manager - INFO - Building model wi
th config: {'sequence_len': 2048, 'vocab_size': 32768, 'n_layer': 24, 'n_head':
9, 'n_kv_head': 9, 'n_embd': 1152, 'window_pattern': 'L'}
Rank 0 | 0/256 (0.00%)
==================================================
Final: 0/256 (0.00%)
SpellingBee accuracy: 0.00%
wandb: updating run metadata
wandb: uploading config.yaml; uploading output.log; uploading wandb-summary.json
wandb: uploading history steps 0-1, summary, console lines 2-5
wandb:
wandb: Run history:
wandb:  eval/spellingbee_accuracy ▁
wandb: final/spellingbee_accuracy ▁
wandb:                 task_index ▁
wandb:
wandb: Run summary:
wandb:  eval/spellingbee_accuracy 0
wandb: final/spellingbee_accuracy 0
wandb:                 task_index 1
wandb:
wandb: 🚀 View run d24_r32_lora_maxoom_2026-03-27_2007_s2048_gc_confirm_s500_spe
llingbee at: https://wandb.ai/sunshines-gmail-com/nanochat-eval/runs/hhf5qp3w
wandb: ⭐️ View project at: https://wandb.ai/sunshines-gmail-com/nanochat-eval
wandb: Synced 5 W&B file(s), 0 media file(s), 0 artifact file(s) and 0 other fil
e(s)
wandb: Find logs at: ./wandb/run-20260328_003614-hhf5qp3w/logs
[W328 01:07:31.189425989 AllocatorConfig.cpp:28] Warning: PYTORCH_CUDA_ALLOC_CON
F is deprecated, use PYTORCH_ALLOC_CONF instead (function operator())
SpellingBee: 0/256 = 0.00% | Wilson95% [0.00%, 1.48%]
[done] confirmation eval complete
summary=/home/sun0115/nanochat-learn/notes/d24_r32_lora_maxoom_2026-03-27_2007_s
2048_gc_best_s500_confirm_summary_1000_2026-03-27_2020.txt
[done] confirm eval finished for d24_r32_lora_maxoom_2026-03-27_2007_s2048_gc
[done] completed at s2048_gc
sun0115@DESKTOP-L4C74MD:~/nanochat-learn/nanochat$

[autopilot]
e(s)
wandb: Find logs at: ./wandb/run-20260328_053323-50wywf0f/logs
[W328 06:04:45.347347321 AllocatorConfig.cpp:28] Warning: PYTORCH_CUDA_ALLOC_CON
F is deprecated, use PYTORCH_ALLOC_CONF instead (function operator())
SpellingBee: 0/256 = 0.00% | Wilson95% [0.00%, 1.48%]
[done] confirmation eval complete
summary=/home/sun0115/nanochat-learn/notes/d24_r32_lora_maxoom_lr5e5_2026-03-28_
0107_s2048_gc_best_s500_confirm_summary_1000_2026-03-28_0120.txt
[done] confirm eval finished for d24_r32_lora_maxoom_lr5e5_2026-03-28_0107_s2048
_gc
[done] completed at s2048_gc
/home/sun0115/nanochat-learn/notes/d24_r32_lora_maxoom_lr5e5_2026-03-28_0107_s20
48_gc_best_s500_confirm_summary_1000_2026-03-28_0120.txt: Filename too long (os
error 36)
[2026-03-28 06:04:45] Could not parse follow-up summary metrics
[2026-03-28 06:04:45] Wrote decision note: /home/sun0115/nanochat-learn/notes/au
to_continue_r32_sft_ablation_2026-03-27_2059_decision.md
[2026-03-28 06:04:45] Autopilot finished. Final action=hold_recipe_change, best_
label=d24_r32_lora_maxoom_2026-03-27_2007, best_score=21.6000
sun0115@DESKTOP-L4C74MD:~/nanochat-learn/nanochat$

[gpu]
NVIDIA GeForce RTX 4070, 0 %, 0 MiB, 12282 MiB

=== 2026-03-28 13:57:27 ===
[chain]
f5qp3w
2026-03-28 00:36:15,236 - nanochat.checkpoint_manager - INFO - Loading model fro
m /home/sun0115/.cache/nanochat/chatsft_checkpoints/d24_r32_lora_maxoom_2026-03-
27_2007_s2048_gc/best with step 500
2026-03-28 00:36:16,102 - nanochat.checkpoint_manager - INFO - Building model wi
th config: {'sequence_len': 2048, 'vocab_size': 32768, 'n_layer': 24, 'n_head':
9, 'n_kv_head': 9, 'n_embd': 1152, 'window_pattern': 'L'}
Rank 0 | 0/256 (0.00%)
==================================================
Final: 0/256 (0.00%)
SpellingBee accuracy: 0.00%
wandb: updating run metadata
wandb: uploading config.yaml; uploading output.log; uploading wandb-summary.json
wandb: uploading history steps 0-1, summary, console lines 2-5
wandb:
wandb: Run history:
wandb:  eval/spellingbee_accuracy ▁
wandb: final/spellingbee_accuracy ▁
wandb:                 task_index ▁
wandb:
wandb: Run summary:
wandb:  eval/spellingbee_accuracy 0
wandb: final/spellingbee_accuracy 0
wandb:                 task_index 1
wandb:
wandb: 🚀 View run d24_r32_lora_maxoom_2026-03-27_2007_s2048_gc_confirm_s500_spe
llingbee at: https://wandb.ai/sunshines-gmail-com/nanochat-eval/runs/hhf5qp3w
wandb: ⭐️ View project at: https://wandb.ai/sunshines-gmail-com/nanochat-eval
wandb: Synced 5 W&B file(s), 0 media file(s), 0 artifact file(s) and 0 other fil
e(s)
wandb: Find logs at: ./wandb/run-20260328_003614-hhf5qp3w/logs
[W328 01:07:31.189425989 AllocatorConfig.cpp:28] Warning: PYTORCH_CUDA_ALLOC_CON
F is deprecated, use PYTORCH_ALLOC_CONF instead (function operator())
SpellingBee: 0/256 = 0.00% | Wilson95% [0.00%, 1.48%]
[done] confirmation eval complete
summary=/home/sun0115/nanochat-learn/notes/d24_r32_lora_maxoom_2026-03-27_2007_s
2048_gc_best_s500_confirm_summary_1000_2026-03-27_2020.txt
[done] confirm eval finished for d24_r32_lora_maxoom_2026-03-27_2007_s2048_gc
[done] completed at s2048_gc
sun0115@DESKTOP-L4C74MD:~/nanochat-learn/nanochat$

[autopilot]
e(s)
wandb: Find logs at: ./wandb/run-20260328_053323-50wywf0f/logs
[W328 06:04:45.347347321 AllocatorConfig.cpp:28] Warning: PYTORCH_CUDA_ALLOC_CON
F is deprecated, use PYTORCH_ALLOC_CONF instead (function operator())
SpellingBee: 0/256 = 0.00% | Wilson95% [0.00%, 1.48%]
[done] confirmation eval complete
summary=/home/sun0115/nanochat-learn/notes/d24_r32_lora_maxoom_lr5e5_2026-03-28_
0107_s2048_gc_best_s500_confirm_summary_1000_2026-03-28_0120.txt
[done] confirm eval finished for d24_r32_lora_maxoom_lr5e5_2026-03-28_0107_s2048
_gc
[done] completed at s2048_gc
/home/sun0115/nanochat-learn/notes/d24_r32_lora_maxoom_lr5e5_2026-03-28_0107_s20
48_gc_best_s500_confirm_summary_1000_2026-03-28_0120.txt: Filename too long (os
error 36)
[2026-03-28 06:04:45] Could not parse follow-up summary metrics
[2026-03-28 06:04:45] Wrote decision note: /home/sun0115/nanochat-learn/notes/au
to_continue_r32_sft_ablation_2026-03-27_2059_decision.md
[2026-03-28 06:04:45] Autopilot finished. Final action=hold_recipe_change, best_
label=d24_r32_lora_maxoom_2026-03-27_2007, best_score=21.6000
sun0115@DESKTOP-L4C74MD:~/nanochat-learn/nanochat$

[gpu]
NVIDIA GeForce RTX 4070, 0 %, 0 MiB, 12282 MiB

=== 2026-03-28 14:02:27 ===
[chain]
f5qp3w
2026-03-28 00:36:15,236 - nanochat.checkpoint_manager - INFO - Loading model fro
m /home/sun0115/.cache/nanochat/chatsft_checkpoints/d24_r32_lora_maxoom_2026-03-
27_2007_s2048_gc/best with step 500
2026-03-28 00:36:16,102 - nanochat.checkpoint_manager - INFO - Building model wi
th config: {'sequence_len': 2048, 'vocab_size': 32768, 'n_layer': 24, 'n_head':
9, 'n_kv_head': 9, 'n_embd': 1152, 'window_pattern': 'L'}
Rank 0 | 0/256 (0.00%)
==================================================
Final: 0/256 (0.00%)
SpellingBee accuracy: 0.00%
wandb: updating run metadata
wandb: uploading config.yaml; uploading output.log; uploading wandb-summary.json
wandb: uploading history steps 0-1, summary, console lines 2-5
wandb:
wandb: Run history:
wandb:  eval/spellingbee_accuracy ▁
wandb: final/spellingbee_accuracy ▁
wandb:                 task_index ▁
wandb:
wandb: Run summary:
wandb:  eval/spellingbee_accuracy 0
wandb: final/spellingbee_accuracy 0
wandb:                 task_index 1
wandb:
wandb: 🚀 View run d24_r32_lora_maxoom_2026-03-27_2007_s2048_gc_confirm_s500_spe
llingbee at: https://wandb.ai/sunshines-gmail-com/nanochat-eval/runs/hhf5qp3w
wandb: ⭐️ View project at: https://wandb.ai/sunshines-gmail-com/nanochat-eval
wandb: Synced 5 W&B file(s), 0 media file(s), 0 artifact file(s) and 0 other fil
e(s)
wandb: Find logs at: ./wandb/run-20260328_003614-hhf5qp3w/logs
[W328 01:07:31.189425989 AllocatorConfig.cpp:28] Warning: PYTORCH_CUDA_ALLOC_CON
F is deprecated, use PYTORCH_ALLOC_CONF instead (function operator())
SpellingBee: 0/256 = 0.00% | Wilson95% [0.00%, 1.48%]
[done] confirmation eval complete
summary=/home/sun0115/nanochat-learn/notes/d24_r32_lora_maxoom_2026-03-27_2007_s
2048_gc_best_s500_confirm_summary_1000_2026-03-27_2020.txt
[done] confirm eval finished for d24_r32_lora_maxoom_2026-03-27_2007_s2048_gc
[done] completed at s2048_gc
sun0115@DESKTOP-L4C74MD:~/nanochat-learn/nanochat$

[autopilot]
e(s)
wandb: Find logs at: ./wandb/run-20260328_053323-50wywf0f/logs
[W328 06:04:45.347347321 AllocatorConfig.cpp:28] Warning: PYTORCH_CUDA_ALLOC_CON
F is deprecated, use PYTORCH_ALLOC_CONF instead (function operator())
SpellingBee: 0/256 = 0.00% | Wilson95% [0.00%, 1.48%]
[done] confirmation eval complete
summary=/home/sun0115/nanochat-learn/notes/d24_r32_lora_maxoom_lr5e5_2026-03-28_
0107_s2048_gc_best_s500_confirm_summary_1000_2026-03-28_0120.txt
[done] confirm eval finished for d24_r32_lora_maxoom_lr5e5_2026-03-28_0107_s2048
_gc
[done] completed at s2048_gc
/home/sun0115/nanochat-learn/notes/d24_r32_lora_maxoom_lr5e5_2026-03-28_0107_s20
48_gc_best_s500_confirm_summary_1000_2026-03-28_0120.txt: Filename too long (os
error 36)
[2026-03-28 06:04:45] Could not parse follow-up summary metrics
[2026-03-28 06:04:45] Wrote decision note: /home/sun0115/nanochat-learn/notes/au
to_continue_r32_sft_ablation_2026-03-27_2059_decision.md
[2026-03-28 06:04:45] Autopilot finished. Final action=hold_recipe_change, best_
label=d24_r32_lora_maxoom_2026-03-27_2007, best_score=21.6000
sun0115@DESKTOP-L4C74MD:~/nanochat-learn/nanochat$

[gpu]
NVIDIA GeForce RTX 4070, 0 %, 0 MiB, 12282 MiB

