2026-03-19 13:10:44,508 - nanochat.common - [32m[1mINFO[0m - Distributed world size: 1
wandb: [wandb.login()] Loaded credentials for https://api.wandb.ai from /home/sun0115/.netrc.
wandb: Currently logged in as: sunshines (sunshines-gmail-com) to https://api.wandb.ai. Use `wandb login --relogin` to force relogin
wandb: setting up run ycp91tsy
wandb: Tracking run with wandb version 0.24.2
wandb: Run data is saved locally in /home/sun0115/nanochat-learn/nanochat/wandb/run-20260319_131044-ycp91tsy
wandb: Run `wandb offline` to turn off syncing.
wandb: Syncing run d24_r32_lora_nextbest_2026-03-19_1310_s1536_gc
wandb: ⭐️ View project at https://wandb.ai/sunshines-gmail-com/nanochat-sft
wandb: 🚀 View run at https://wandb.ai/sunshines-gmail-com/nanochat-sft/runs/ycp91tsy
2026-03-19 13:10:45,997 - nanochat.checkpoint_manager - [32m[1mINFO[0m - Loading model from /home/sun0115/.cache/nanochat/base_checkpoints/d24_asp48_track with step 820230
2026-03-19 13:10:47,703 - nanochat.checkpoint_manager - [32m[1mINFO[0m - Building model with config: {'sequence_len': 2048, 'vocab_size': 32768, 'n_layer': 24, 'n_head': 9, 'n_kv_head': 9, 'n_embd': 1152, 'window_pattern': 'L'}
Gradient checkpointing enabled (activation recomputation in backward)
Skipping torch.compile in LoRA mode for stability
LoRA enabled: rank=64, alpha=128.0
Applied LoRA to 120 layers
Trainable params: 23,003,136 / 933,694,896 (2.46%)
Skipping torch.compile in LoRA mode for stability
Tokens / micro-batch / rank: 1 x 1536 = 1,536
Tokens / micro-batch: 1,536
Total batch size 7,680 => gradient accumulation steps: 5
Using AdamW optimizer for LoRA params with lr=0.0001
Step 00000 | Validation bpb: 0.7434
step 00001 (0.10%) | loss: 1.045844 | lrm: 0.01 | dt: 1097.34ms | tok/sec: 6,998 | mfu: 2.36 | epoch: 1 | total time: 0.00m
step 00002 (0.20%) | loss: 1.381429 | lrm: 0.01 | dt: 1027.93ms | tok/sec: 7,471 | mfu: 2.52 | epoch: 1 | total time: 0.00m
step 00003 (0.30%) | loss: 1.761907 | lrm: 0.01 | dt: 726.38ms | tok/sec: 10,573 | mfu: 3.57 | epoch: 1 | total time: 0.00m
step 00004 (0.40%) | loss: 1.816459 | lrm: 0.02 | dt: 908.94ms | tok/sec: 8,449 | mfu: 2.85 | epoch: 1 | total time: 0.00m
step 00005 (0.50%) | loss: 1.890164 | lrm: 0.02 | dt: 917.11ms | tok/sec: 8,374 | mfu: 2.83 | epoch: 1 | total time: 0.00m
step 00006 (0.60%) | loss: 1.968717 | lrm: 0.03 | dt: 916.21ms | tok/sec: 8,382 | mfu: 2.83 | epoch: 1 | total time: 0.00m
step 00007 (0.70%) | loss: 2.004945 | lrm: 0.03 | dt: 1047.25ms | tok/sec: 7,333 | mfu: 2.47 | epoch: 1 | total time: 0.00m
step 00008 (0.80%) | loss: 2.003076 | lrm: 0.04 | dt: 722.84ms | tok/sec: 10,624 | mfu: 3.59 | epoch: 1 | total time: 0.00m
step 00009 (0.90%) | loss: 2.016623 | lrm: 0.04 | dt: 898.77ms | tok/sec: 8,545 | mfu: 2.88 | epoch: 1 | total time: 0.00m
step 00010 (1.00%) | loss: 2.239979 | lrm: 0.05 | dt: 897.49ms | tok/sec: 8,557 | mfu: 2.89 | epoch: 1 | total time: 0.00m
step 00011 (1.10%) | loss: 2.255756 | lrm: 0.05 | dt: 900.22ms | tok/sec: 8,531 | mfu: 2.88 | epoch: 1 | total time: 0.02m
step 00012 (1.20%) | loss: 2.313449 | lrm: 0.06 | dt: 1020.27ms | tok/sec: 7,527 | mfu: 2.54 | epoch: 1 | total time: 0.03m
step 00013 (1.30%) | loss: 2.366194 | lrm: 0.06 | dt: 899.93ms | tok/sec: 8,533 | mfu: 2.88 | epoch: 1 | total time: 0.05m
step 00014 (1.40%) | loss: 2.370110 | lrm: 0.07 | dt: 899.59ms | tok/sec: 8,537 | mfu: 2.88 | epoch: 1 | total time: 0.06m
step 00015 (1.50%) | loss: 2.372925 | lrm: 0.07 | dt: 934.40ms | tok/sec: 8,219 | mfu: 2.77 | epoch: 1 | total time: 0.08m
step 00016 (1.60%) | loss: 2.363820 | lrm: 0.08 | dt: 1048.97ms | tok/sec: 7,321 | mfu: 2.47 | epoch: 1 | total time: 0.10m
step 00017 (1.70%) | loss: 2.363158 | lrm: 0.09 | dt: 924.60ms | tok/sec: 8,306 | mfu: 2.80 | epoch: 1 | total time: 0.11m
step 00018 (1.80%) | loss: 2.336388 | lrm: 0.09 | dt: 923.09ms | tok/sec: 8,319 | mfu: 2.81 | epoch: 1 | total time: 0.13m
step 00019 (1.90%) | loss: 2.351080 | lrm: 0.09 | dt: 918.28ms | tok/sec: 8,363 | mfu: 2.82 | epoch: 1 | total time: 0.14m
step 00020 (2.00%) | loss: 2.317591 | lrm: 0.10 | dt: 917.42ms | tok/sec: 8,371 | mfu: 2.82 | epoch: 1 | total time: 0.16m
step 00021 (2.10%) | loss: 2.314993 | lrm: 0.10 | dt: 1040.04ms | tok/sec: 7,384 | mfu: 2.49 | epoch: 1 | total time: 0.17m
step 00022 (2.20%) | loss: 2.337098 | lrm: 0.11 | dt: 913.41ms | tok/sec: 8,408 | mfu: 2.84 | epoch: 1 | total time: 0.19m
step 00023 (2.30%) | loss: 2.339925 | lrm: 0.11 | dt: 911.86ms | tok/sec: 8,422 | mfu: 2.84 | epoch: 1 | total time: 0.20m
step 00024 (2.40%) | loss: 2.318669 | lrm: 0.12 | dt: 908.44ms | tok/sec: 8,454 | mfu: 2.85 | epoch: 1 | total time: 0.22m
step 00025 (2.50%) | loss: 2.339198 | lrm: 0.12 | dt: 907.35ms | tok/sec: 8,464 | mfu: 2.86 | epoch: 1 | total time: 0.23m
step 00026 (2.60%) | loss: 2.402884 | lrm: 0.13 | dt: 1030.84ms | tok/sec: 7,450 | mfu: 2.51 | epoch: 1 | total time: 0.25m
step 00027 (2.70%) | loss: 2.454698 | lrm: 0.13 | dt: 906.90ms | tok/sec: 8,468 | mfu: 2.86 | epoch: 1 | total time: 0.27m
step 00028 (2.80%) | loss: 2.417569 | lrm: 0.14 | dt: 907.67ms | tok/sec: 8,461 | mfu: 2.86 | epoch: 1 | total time: 0.28m
step 00029 (2.90%) | loss: 2.413210 | lrm: 0.14 | dt: 908.15ms | tok/sec: 8,456 | mfu: 2.85 | epoch: 1 | total time: 0.30m
step 00030 (3.00%) | loss: 2.424151 | lrm: 0.15 | dt: 906.93ms | tok/sec: 8,468 | mfu: 2.86 | epoch: 1 | total time: 0.31m
step 00031 (3.10%) | loss: 2.397224 | lrm: 0.15 | dt: 1018.60ms | tok/sec: 7,539 | mfu: 2.54 | epoch: 1 | total time: 0.33m
step 00032 (3.20%) | loss: 2.458964 | lrm: 0.16 | dt: 903.92ms | tok/sec: 8,496 | mfu: 2.87 | epoch: 1 | total time: 0.34m
step 00033 (3.30%) | loss: 2.474198 | lrm: 0.17 | dt: 908.06ms | tok/sec: 8,457 | mfu: 2.85 | epoch: 1 | total time: 0.36m
step 00034 (3.40%) | loss: 2.458855 | lrm: 0.17 | dt: 728.79ms | tok/sec: 10,538 | mfu: 3.56 | epoch: 1 | total time: 0.37m
step 00035 (3.50%) | loss: 2.406333 | lrm: 0.18 | dt: 903.73ms | tok/sec: 8,498 | mfu: 2.87 | epoch: 1 | total time: 0.39m
step 00036 (3.60%) | loss: 2.400915 | lrm: 0.18 | dt: 1020.09ms | tok/sec: 7,528 | mfu: 2.54 | epoch: 1 | total time: 0.40m
step 00037 (3.70%) | loss: 2.369811 | lrm: 0.18 | dt: 904.16ms | tok/sec: 8,494 | mfu: 2.87 | epoch: 1 | total time: 0.42m
step 00038 (3.80%) | loss: 2.357719 | lrm: 0.19 | dt: 903.34ms | tok/sec: 8,501 | mfu: 2.87 | epoch: 1 | total time: 0.43m
step 00039 (3.90%) | loss: 2.373336 | lrm: 0.19 | dt: 901.13ms | tok/sec: 8,522 | mfu: 2.88 | epoch: 1 | total time: 0.45m
step 00040 (4.00%) | loss: 2.411962 | lrm: 0.20 | dt: 906.59ms | tok/sec: 8,471 | mfu: 2.86 | epoch: 1 | total time: 0.46m
step 00041 (4.10%) | loss: 2.408532 | lrm: 0.20 | dt: 847.86ms | tok/sec: 9,058 | mfu: 3.06 | epoch: 1 | total time: 0.48m
step 00042 (4.20%) | loss: 2.370752 | lrm: 0.21 | dt: 727.63ms | tok/sec: 10,554 | mfu: 3.56 | epoch: 1 | total time: 0.49m
step 00043 (4.30%) | loss: 2.368373 | lrm: 0.21 | dt: 900.30ms | tok/sec: 8,530 | mfu: 2.88 | epoch: 1 | total time: 0.51m
step 00044 (4.40%) | loss: 2.351164 | lrm: 0.22 | dt: 899.54ms | tok/sec: 8,537 | mfu: 2.88 | epoch: 1 | total time: 0.52m
step 00045 (4.50%) | loss: 2.356720 | lrm: 0.22 | dt: 900.55ms | tok/sec: 8,528 | mfu: 2.88 | epoch: 1 | total time: 0.54m
step 00046 (4.60%) | loss: 2.286973 | lrm: 0.23 | dt: 901.87ms | tok/sec: 8,515 | mfu: 2.87 | epoch: 1 | total time: 0.55m
step 00047 (4.70%) | loss: 2.275896 | lrm: 0.23 | dt: 1016.65ms | tok/sec: 7,554 | mfu: 2.55 | epoch: 1 | total time: 0.57m
step 00048 (4.80%) | loss: 2.263296 | lrm: 0.24 | dt: 903.19ms | tok/sec: 8,503 | mfu: 2.87 | epoch: 1 | total time: 0.58m
step 00049 (4.90%) | loss: 2.281954 | lrm: 0.24 | dt: 906.48ms | tok/sec: 8,472 | mfu: 2.86 | epoch: 1 | total time: 0.60m
step 00050 (5.00%) | loss: 2.298939 | lrm: 0.25 | dt: 934.11ms | tok/sec: 8,221 | mfu: 2.77 | epoch: 1 | total time: 0.61m
Step 00050 | Validation bpb: 0.7002
2026-03-19 13:12:27,420 - nanochat.checkpoint_manager - [32m[1mINFO[0m - Saved model parameters to: /home/sun0115/.cache/nanochat/chatsft_checkpoints/d24_r32_lora_nextbest_2026-03-19_1310_s1536_gc/best/model_000050.pt
2026-03-19 13:12:27,421 - nanochat.checkpoint_manager - [32m[1mINFO[0m - Saved metadata to: /home/sun0115/.cache/nanochat/chatsft_checkpoints/d24_r32_lora_nextbest_2026-03-19_1310_s1536_gc/best/meta_000050.json
Saved best checkpoint at step 50 (val_bpb=0.7002)
step 00051 (5.10%) | loss: 2.292148 | lrm: 0.25 | dt: 1054.81ms | tok/sec: 7,280 | mfu: 2.46 | epoch: 1 | total time: 0.63m
step 00052 (5.20%) | loss: 2.290539 | lrm: 0.26 | dt: 908.18ms | tok/sec: 8,456 | mfu: 2.85 | epoch: 1 | total time: 0.65m
step 00053 (5.30%) | loss: 2.333602 | lrm: 0.26 | dt: 908.81ms | tok/sec: 8,450 | mfu: 2.85 | epoch: 1 | total time: 0.66m
step 00054 (5.40%) | loss: 2.356519 | lrm: 0.27 | dt: 907.62ms | tok/sec: 8,461 | mfu: 2.86 | epoch: 1 | total time: 0.68m
step 00055 (5.50%) | loss: 2.378235 | lrm: 0.27 | dt: 1014.81ms | tok/sec: 7,567 | mfu: 2.55 | epoch: 1 | total time: 0.69m
step 00056 (5.60%) | loss: 2.307384 | lrm: 0.28 | dt: 908.19ms | tok/sec: 8,456 | mfu: 2.85 | epoch: 1 | total time: 0.71m
step 00057 (5.70%) | loss: 2.316879 | lrm: 0.28 | dt: 905.21ms | tok/sec: 8,484 | mfu: 2.86 | epoch: 1 | total time: 0.72m
step 00058 (5.80%) | loss: 2.312249 | lrm: 0.29 | dt: 906.59ms | tok/sec: 8,471 | mfu: 2.86 | epoch: 1 | total time: 0.74m
step 00059 (5.90%) | loss: 2.393183 | lrm: 0.29 | dt: 909.37ms | tok/sec: 8,445 | mfu: 2.85 | epoch: 1 | total time: 0.75m
step 00060 (6.00%) | loss: 2.389739 | lrm: 0.30 | dt: 1055.38ms | tok/sec: 7,277 | mfu: 2.46 | epoch: 1 | total time: 0.77m
step 00061 (6.10%) | loss: 2.392261 | lrm: 0.30 | dt: 752.30ms | tok/sec: 10,208 | mfu: 3.44 | epoch: 1 | total time: 0.78m
step 00062 (6.20%) | loss: 2.342643 | lrm: 0.31 | dt: 932.29ms | tok/sec: 8,237 | mfu: 2.78 | epoch: 1 | total time: 0.80m
step 00063 (6.30%) | loss: 2.362586 | lrm: 0.32 | dt: 928.58ms | tok/sec: 8,270 | mfu: 2.79 | epoch: 1 | total time: 0.81m
step 00064 (6.40%) | loss: 2.348628 | lrm: 0.32 | dt: 969.61ms | tok/sec: 7,920 | mfu: 2.67 | epoch: 1 | total time: 0.83m
step 00065 (6.50%) | loss: 2.341129 | lrm: 0.33 | dt: 1042.26ms | tok/sec: 7,368 | mfu: 2.49 | epoch: 1 | total time: 0.85m
step 00066 (6.60%) | loss: 2.352288 | lrm: 0.33 | dt: 920.64ms | tok/sec: 8,341 | mfu: 2.81 | epoch: 1 | total time: 0.86m
step 00067 (6.70%) | loss: 2.341400 | lrm: 0.34 | dt: 919.82ms | tok/sec: 8,349 | mfu: 2.82 | epoch: 1 | total time: 0.88m
step 00068 (6.80%) | loss: 2.272313 | lrm: 0.34 | dt: 917.65ms | tok/sec: 8,369 | mfu: 2.82 | epoch: 1 | total time: 0.89m
step 00069 (6.90%) | loss: 2.265182 | lrm: 0.35 | dt: 916.28ms | tok/sec: 8,381 | mfu: 2.83 | epoch: 1 | total time: 0.91m
step 00070 (7.00%) | loss: 2.192258 | lrm: 0.35 | dt: 1029.11ms | tok/sec: 7,462 | mfu: 2.52 | epoch: 1 | total time: 0.93m
step 00071 (7.10%) | loss: 2.220218 | lrm: 0.35 | dt: 732.99ms | tok/sec: 10,477 | mfu: 3.54 | epoch: 1 | total time: 0.94m
step 00072 (7.20%) | loss: 2.196993 | lrm: 0.36 | dt: 912.08ms | tok/sec: 8,420 | mfu: 2.84 | epoch: 1 | total time: 0.95m
step 00073 (7.30%) | loss: 2.350814 | lrm: 0.36 | dt: 911.74ms | tok/sec: 8,423 | mfu: 2.84 | epoch: 1 | total time: 0.97m
step 00074 (7.40%) | loss: 2.307465 | lrm: 0.37 | dt: 912.40ms | tok/sec: 8,417 | mfu: 2.84 | epoch: 1 | total time: 0.98m
step 00075 (7.50%) | loss: 2.292392 | lrm: 0.37 | dt: 910.94ms | tok/sec: 8,430 | mfu: 2.84 | epoch: 1 | total time: 1.00m
step 00076 (7.60%) | loss: 2.275233 | lrm: 0.38 | dt: 1020.29ms | tok/sec: 7,527 | mfu: 2.54 | epoch: 1 | total time: 1.02m
step 00077 (7.70%) | loss: 2.262004 | lrm: 0.38 | dt: 908.39ms | tok/sec: 8,454 | mfu: 2.85 | epoch: 1 | total time: 1.03m
step 00078 (7.80%) | loss: 2.211143 | lrm: 0.39 | dt: 911.41ms | tok/sec: 8,426 | mfu: 2.84 | epoch: 1 | total time: 1.05m
step 00079 (7.90%) | loss: 2.214453 | lrm: 0.39 | dt: 908.86ms | tok/sec: 8,450 | mfu: 2.85 | epoch: 1 | total time: 1.06m
step 00080 (8.00%) | loss: 2.178205 | lrm: 0.40 | dt: 912.94ms | tok/sec: 8,412 | mfu: 2.84 | epoch: 1 | total time: 1.08m
step 00081 (8.10%) | loss: 2.147936 | lrm: 0.40 | dt: 1011.64ms | tok/sec: 7,591 | mfu: 2.56 | epoch: 1 | total time: 1.09m
step 00082 (8.20%) | loss: 2.162320 | lrm: 0.41 | dt: 905.20ms | tok/sec: 8,484 | mfu: 2.86 | epoch: 1 | total time: 1.11m
step 00083 (8.30%) | loss: 2.158355 | lrm: 0.41 | dt: 904.25ms | tok/sec: 8,493 | mfu: 2.87 | epoch: 1 | total time: 1.12m
step 00084 (8.40%) | loss: 2.160585 | lrm: 0.42 | dt: 903.98ms | tok/sec: 8,495 | mfu: 2.87 | epoch: 1 | total time: 1.14m
step 00085 (8.50%) | loss: 2.170733 | lrm: 0.42 | dt: 907.05ms | tok/sec: 8,466 | mfu: 2.86 | epoch: 1 | total time: 1.15m
step 00086 (8.60%) | loss: 2.157590 | lrm: 0.43 | dt: 1020.50ms | tok/sec: 7,525 | mfu: 2.54 | epoch: 1 | total time: 1.17m
step 00087 (8.70%) | loss: 2.110473 | lrm: 0.43 | dt: 902.92ms | tok/sec: 8,505 | mfu: 2.87 | epoch: 1 | total time: 1.19m
step 00088 (8.80%) | loss: 2.113822 | lrm: 0.44 | dt: 906.13ms | tok/sec: 8,475 | mfu: 2.86 | epoch: 1 | total time: 1.20m
step 00089 (8.90%) | loss: 2.165499 | lrm: 0.44 | dt: 902.03ms | tok/sec: 8,514 | mfu: 2.87 | epoch: 1 | total time: 1.22m
step 00090 (9.00%) | loss: 2.138402 | lrm: 0.45 | dt: 930.07ms | tok/sec: 8,257 | mfu: 2.79 | epoch: 1 | total time: 1.23m
step 00091 (9.10%) | loss: 2.135151 | lrm: 0.45 | dt: 843.92ms | tok/sec: 9,100 | mfu: 3.07 | epoch: 1 | total time: 1.25m
step 00092 (9.20%) | loss: 2.084822 | lrm: 0.46 | dt: 725.90ms | tok/sec: 10,579 | mfu: 3.57 | epoch: 1 | total time: 1.26m
step 00093 (9.30%) | loss: 2.048024 | lrm: 0.46 | dt: 725.55ms | tok/sec: 10,585 | mfu: 3.57 | epoch: 1 | total time: 1.27m
step 00094 (9.40%) | loss: 2.044870 | lrm: 0.47 | dt: 903.34ms | tok/sec: 8,501 | mfu: 2.87 | epoch: 1 | total time: 1.29m
step 00095 (9.50%) | loss: 2.045529 | lrm: 0.47 | dt: 902.79ms | tok/sec: 8,506 | mfu: 2.87 | epoch: 1 | total time: 1.30m
step 00096 (9.60%) | loss: 2.063052 | lrm: 0.48 | dt: 1041.15ms | tok/sec: 7,376 | mfu: 2.49 | epoch: 1 | total time: 1.32m
step 00097 (9.70%) | loss: 2.008184 | lrm: 0.48 | dt: 938.79ms | tok/sec: 8,180 | mfu: 2.76 | epoch: 1 | total time: 1.33m
step 00098 (9.80%) | loss: 1.966132 | lrm: 0.49 | dt: 930.36ms | tok/sec: 8,254 | mfu: 2.79 | epoch: 1 | total time: 1.35m
step 00099 (9.90%) | loss: 1.977467 | lrm: 0.49 | dt: 927.13ms | tok/sec: 8,283 | mfu: 2.80 | epoch: 1 | total time: 1.36m
step 00100 (10.00%) | loss: 1.974983 | lrm: 0.50 | dt: 920.93ms | tok/sec: 8,339 | mfu: 2.81 | epoch: 1 | total time: 1.38m
Step 00100 | Validation bpb: 0.6762
2026-03-19 13:13:35,806 - nanochat.checkpoint_manager - [32m[1mINFO[0m - Saved model parameters to: /home/sun0115/.cache/nanochat/chatsft_checkpoints/d24_r32_lora_nextbest_2026-03-19_1310_s1536_gc/best/model_000100.pt
2026-03-19 13:13:35,807 - nanochat.checkpoint_manager - [32m[1mINFO[0m - Saved metadata to: /home/sun0115/.cache/nanochat/chatsft_checkpoints/d24_r32_lora_nextbest_2026-03-19_1310_s1536_gc/best/meta_000100.json
Saved best checkpoint at step 100 (val_bpb=0.6762)
step 00101 (10.10%) | loss: 1.956611 | lrm: 0.51 | dt: 1024.90ms | tok/sec: 7,493 | mfu: 2.53 | epoch: 1 | total time: 1.40m
step 00102 (10.20%) | loss: 1.978296 | lrm: 0.51 | dt: 904.37ms | tok/sec: 8,492 | mfu: 2.87 | epoch: 1 | total time: 1.41m
step 00103 (10.30%) | loss: 1.975952 | lrm: 0.51 | dt: 903.05ms | tok/sec: 8,504 | mfu: 2.87 | epoch: 1 | total time: 1.43m
step 00104 (10.40%) | loss: 1.971981 | lrm: 0.52 | dt: 904.54ms | tok/sec: 8,490 | mfu: 2.87 | epoch: 1 | total time: 1.44m
step 00105 (10.50%) | loss: 1.971332 | lrm: 0.52 | dt: 1017.00ms | tok/sec: 7,551 | mfu: 2.55 | epoch: 1 | total time: 1.46m
step 00106 (10.60%) | loss: 2.013649 | lrm: 0.53 | dt: 918.97ms | tok/sec: 8,357 | mfu: 2.82 | epoch: 1 | total time: 1.47m
step 00107 (10.70%) | loss: 2.034330 | lrm: 0.53 | dt: 935.42ms | tok/sec: 8,210 | mfu: 2.77 | epoch: 1 | total time: 1.49m
step 00108 (10.80%) | loss: 2.018785 | lrm: 0.54 | dt: 933.65ms | tok/sec: 8,225 | mfu: 2.78 | epoch: 1 | total time: 1.51m
step 00109 (10.90%) | loss: 1.999625 | lrm: 0.54 | dt: 937.54ms | tok/sec: 8,191 | mfu: 2.76 | epoch: 1 | total time: 1.52m
step 00110 (11.00%) | loss: 2.000733 | lrm: 0.55 | dt: 1036.94ms | tok/sec: 7,406 | mfu: 2.50 | epoch: 1 | total time: 1.54m
step 00111 (11.10%) | loss: 2.040808 | lrm: 0.55 | dt: 920.74ms | tok/sec: 8,341 | mfu: 2.81 | epoch: 1 | total time: 1.55m
step 00112 (11.20%) | loss: 2.025924 | lrm: 0.56 | dt: 918.60ms | tok/sec: 8,360 | mfu: 2.82 | epoch: 1 | total time: 1.57m
step 00113 (11.30%) | loss: 2.058565 | lrm: 0.56 | dt: 918.31ms | tok/sec: 8,363 | mfu: 2.82 | epoch: 1 | total time: 1.58m
step 00114 (11.40%) | loss: 2.049408 | lrm: 0.57 | dt: 915.94ms | tok/sec: 8,384 | mfu: 2.83 | epoch: 1 | total time: 1.60m
step 00115 (11.50%) | loss: 2.092346 | lrm: 0.57 | dt: 1028.20ms | tok/sec: 7,469 | mfu: 2.52 | epoch: 1 | total time: 1.62m
step 00116 (11.60%) | loss: 2.118995 | lrm: 0.58 | dt: 910.65ms | tok/sec: 8,433 | mfu: 2.85 | epoch: 1 | total time: 1.63m
step 00117 (11.70%) | loss: 2.080349 | lrm: 0.58 | dt: 910.40ms | tok/sec: 8,435 | mfu: 2.85 | epoch: 1 | total time: 1.65m
step 00118 (11.80%) | loss: 2.130053 | lrm: 0.59 | dt: 908.63ms | tok/sec: 8,452 | mfu: 2.85 | epoch: 1 | total time: 1.66m
step 00119 (11.90%) | loss: 2.097452 | lrm: 0.59 | dt: 906.75ms | tok/sec: 8,469 | mfu: 2.86 | epoch: 1 | total time: 1.68m
step 00120 (12.00%) | loss: 2.063422 | lrm: 0.60 | dt: 1018.88ms | tok/sec: 7,537 | mfu: 2.54 | epoch: 1 | total time: 1.69m
step 00121 (12.10%) | loss: 2.103556 | lrm: 0.60 | dt: 906.46ms | tok/sec: 8,472 | mfu: 2.86 | epoch: 1 | total time: 1.71m
step 00122 (12.20%) | loss: 2.099545 | lrm: 0.61 | dt: 904.75ms | tok/sec: 8,488 | mfu: 2.86 | epoch: 1 | total time: 1.72m
step 00123 (12.30%) | loss: 2.071469 | lrm: 0.61 | dt: 906.27ms | tok/sec: 8,474 | mfu: 2.86 | epoch: 1 | total time: 1.74m
step 00124 (12.40%) | loss: 2.038699 | lrm: 0.62 | dt: 905.84ms | tok/sec: 8,478 | mfu: 2.86 | epoch: 1 | total time: 1.75m
step 00125 (12.50%) | loss: 2.042382 | lrm: 0.62 | dt: 859.00ms | tok/sec: 8,940 | mfu: 3.02 | epoch: 1 | total time: 1.77m
step 00126 (12.60%) | loss: 2.019057 | lrm: 0.63 | dt: 916.80ms | tok/sec: 8,376 | mfu: 2.83 | epoch: 1 | total time: 1.78m
step 00127 (12.70%) | loss: 2.055962 | lrm: 0.64 | dt: 934.20ms | tok/sec: 8,220 | mfu: 2.77 | epoch: 1 | total time: 1.80m
step 00128 (12.80%) | loss: 2.118205 | lrm: 0.64 | dt: 933.05ms | tok/sec: 8,231 | mfu: 2.78 | epoch: 1 | total time: 1.82m
step 00129 (12.90%) | loss: 2.095134 | lrm: 0.65 | dt: 909.44ms | tok/sec: 8,444 | mfu: 2.85 | epoch: 1 | total time: 1.83m
step 00130 (13.00%) | loss: 1.991636 | lrm: 0.65 | dt: 728.37ms | tok/sec: 10,544 | mfu: 3.56 | epoch: 1 | total time: 1.84m
step 00131 (13.10%) | loss: 1.955108 | lrm: 0.66 | dt: 1072.23ms | tok/sec: 7,162 | mfu: 2.42 | epoch: 1 | total time: 1.86m
step 00132 (13.20%) | loss: 1.948201 | lrm: 0.66 | dt: 941.35ms | tok/sec: 8,158 | mfu: 2.75 | epoch: 1 | total time: 1.88m
step 00133 (13.30%) | loss: 1.961743 | lrm: 0.67 | dt: 920.75ms | tok/sec: 8,341 | mfu: 2.81 | epoch: 1 | total time: 1.89m
step 00134 (13.40%) | loss: 1.945859 | lrm: 0.67 | dt: 933.38ms | tok/sec: 8,228 | mfu: 2.78 | epoch: 1 | total time: 1.91m
step 00135 (13.50%) | loss: 1.964974 | lrm: 0.68 | dt: 907.16ms | tok/sec: 8,465 | mfu: 2.86 | epoch: 1 | total time: 1.92m
step 00136 (13.60%) | loss: 1.940723 | lrm: 0.68 | dt: 1009.69ms | tok/sec: 7,606 | mfu: 2.57 | epoch: 1 | total time: 1.94m
step 00137 (13.70%) | loss: 1.933650 | lrm: 0.69 | dt: 906.95ms | tok/sec: 8,467 | mfu: 2.86 | epoch: 1 | total time: 1.95m
step 00138 (13.80%) | loss: 1.941098 | lrm: 0.69 | dt: 907.76ms | tok/sec: 8,460 | mfu: 2.85 | epoch: 1 | total time: 1.97m
step 00139 (13.90%) | loss: 1.939513 | lrm: 0.70 | dt: 902.18ms | tok/sec: 8,512 | mfu: 2.87 | epoch: 1 | total time: 1.98m
step 00140 (14.00%) | loss: 1.916639 | lrm: 0.70 | dt: 904.85ms | tok/sec: 8,487 | mfu: 2.86 | epoch: 1 | total time: 2.00m
step 00141 (14.10%) | loss: 1.930088 | lrm: 0.70 | dt: 863.12ms | tok/sec: 8,897 | mfu: 3.00 | epoch: 1 | total time: 2.01m
step 00142 (14.20%) | loss: 1.947850 | lrm: 0.71 | dt: 751.49ms | tok/sec: 10,219 | mfu: 3.45 | epoch: 1 | total time: 2.03m
step 00143 (14.30%) | loss: 1.908461 | lrm: 0.71 | dt: 928.25ms | tok/sec: 8,273 | mfu: 2.79 | epoch: 1 | total time: 2.04m
step 00144 (14.40%) | loss: 1.904146 | lrm: 0.72 | dt: 927.42ms | tok/sec: 8,281 | mfu: 2.79 | epoch: 1 | total time: 2.06m
step 00145 (14.50%) | loss: 1.933269 | lrm: 0.72 | dt: 923.26ms | tok/sec: 8,318 | mfu: 2.81 | epoch: 1 | total time: 2.07m
step 00146 (14.60%) | loss: 1.916749 | lrm: 0.73 | dt: 1054.98ms | tok/sec: 7,279 | mfu: 2.46 | epoch: 1 | total time: 2.09m
step 00147 (14.70%) | loss: 1.976171 | lrm: 0.73 | dt: 926.15ms | tok/sec: 8,292 | mfu: 2.80 | epoch: 1 | total time: 2.11m
step 00148 (14.80%) | loss: 1.999840 | lrm: 0.74 | dt: 919.93ms | tok/sec: 8,348 | mfu: 2.82 | epoch: 1 | total time: 2.12m
step 00149 (14.90%) | loss: 2.009457 | lrm: 0.74 | dt: 913.59ms | tok/sec: 8,406 | mfu: 2.84 | epoch: 1 | total time: 2.14m
step 00150 (15.00%) | loss: 1.995055 | lrm: 0.75 | dt: 916.00ms | tok/sec: 8,384 | mfu: 2.83 | epoch: 1 | total time: 2.15m
Step 00150 | Validation bpb: 0.6613
2026-03-19 13:14:44,423 - nanochat.checkpoint_manager - [32m[1mINFO[0m - Saved model parameters to: /home/sun0115/.cache/nanochat/chatsft_checkpoints/d24_r32_lora_nextbest_2026-03-19_1310_s1536_gc/best/model_000150.pt
2026-03-19 13:14:44,424 - nanochat.checkpoint_manager - [32m[1mINFO[0m - Saved metadata to: /home/sun0115/.cache/nanochat/chatsft_checkpoints/d24_r32_lora_nextbest_2026-03-19_1310_s1536_gc/best/meta_000150.json
Saved best checkpoint at step 150 (val_bpb=0.6613)
step 00151 (15.10%) | loss: 1.983334 | lrm: 0.75 | dt: 1144.67ms | tok/sec: 6,709 | mfu: 2.26 | epoch: 1 | total time: 2.17m
step 00152 (15.20%) | loss: 1.954108 | lrm: 0.76 | dt: 933.26ms | tok/sec: 8,229 | mfu: 2.78 | epoch: 1 | total time: 2.19m
step 00153 (15.30%) | loss: 1.944768 | lrm: 0.76 | dt: 925.71ms | tok/sec: 8,296 | mfu: 2.80 | epoch: 1 | total time: 2.20m
step 00154 (15.40%) | loss: 1.980889 | lrm: 0.77 | dt: 925.45ms | tok/sec: 8,298 | mfu: 2.80 | epoch: 1 | total time: 2.22m
step 00155 (15.50%) | loss: 1.967911 | lrm: 0.77 | dt: 855.34ms | tok/sec: 8,978 | mfu: 3.03 | epoch: 1 | total time: 2.23m
step 00156 (15.60%) | loss: 1.968001 | lrm: 0.78 | dt: 740.04ms | tok/sec: 10,377 | mfu: 3.50 | epoch: 1 | total time: 2.24m
step 00157 (15.70%) | loss: 2.017869 | lrm: 0.78 | dt: 918.44ms | tok/sec: 8,362 | mfu: 2.82 | epoch: 1 | total time: 2.26m
step 00158 (15.80%) | loss: 1.994317 | lrm: 0.79 | dt: 919.39ms | tok/sec: 8,353 | mfu: 2.82 | epoch: 1 | total time: 2.27m
step 00159 (15.90%) | loss: 2.027008 | lrm: 0.79 | dt: 943.65ms | tok/sec: 8,138 | mfu: 2.75 | epoch: 1 | total time: 2.29m
step 00160 (16.00%) | loss: 2.082164 | lrm: 0.80 | dt: 914.93ms | tok/sec: 8,394 | mfu: 2.83 | epoch: 1 | total time: 2.30m
step 00161 (16.10%) | loss: 2.098610 | lrm: 0.80 | dt: 1019.54ms | tok/sec: 7,532 | mfu: 2.54 | epoch: 1 | total time: 2.32m
step 00162 (16.20%) | loss: 2.054195 | lrm: 0.81 | dt: 909.83ms | tok/sec: 8,441 | mfu: 2.85 | epoch: 1 | total time: 2.34m
step 00163 (16.30%) | loss: 2.109693 | lrm: 0.81 | dt: 936.04ms | tok/sec: 8,204 | mfu: 2.77 | epoch: 1 | total time: 2.35m
step 00164 (16.40%) | loss: 2.107666 | lrm: 0.82 | dt: 910.46ms | tok/sec: 8,435 | mfu: 2.85 | epoch: 1 | total time: 2.37m
step 00165 (16.50%) | loss: 2.097259 | lrm: 0.82 | dt: 731.42ms | tok/sec: 10,500 | mfu: 3.54 | epoch: 1 | total time: 2.38m
step 00166 (16.60%) | loss: 2.074858 | lrm: 0.83 | dt: 1019.16ms | tok/sec: 7,535 | mfu: 2.54 | epoch: 1 | total time: 2.40m
step 00167 (16.70%) | loss: 2.059884 | lrm: 0.83 | dt: 906.15ms | tok/sec: 8,475 | mfu: 2.86 | epoch: 1 | total time: 2.41m
step 00168 (16.80%) | loss: 2.045884 | lrm: 0.84 | dt: 906.71ms | tok/sec: 8,470 | mfu: 2.86 | epoch: 1 | total time: 2.43m
step 00169 (16.90%) | loss: 2.042911 | lrm: 0.84 | dt: 907.34ms | tok/sec: 8,464 | mfu: 2.86 | epoch: 1 | total time: 2.44m
step 00170 (17.00%) | loss: 2.016989 | lrm: 0.85 | dt: 903.17ms | tok/sec: 8,503 | mfu: 2.87 | epoch: 1 | total time: 2.46m
step 00171 (17.10%) | loss: 1.961176 | lrm: 0.85 | dt: 1014.36ms | tok/sec: 7,571 | mfu: 2.55 | epoch: 1 | total time: 2.47m
step 00172 (17.20%) | loss: 1.982668 | lrm: 0.86 | dt: 904.90ms | tok/sec: 8,487 | mfu: 2.86 | epoch: 1 | total time: 2.49m
step 00173 (17.30%) | loss: 1.977365 | lrm: 0.86 | dt: 906.86ms | tok/sec: 8,468 | mfu: 2.86 | epoch: 1 | total time: 2.50m
step 00174 (17.40%) | loss: 2.004248 | lrm: 0.87 | dt: 906.00ms | tok/sec: 8,476 | mfu: 2.86 | epoch: 1 | total time: 2.52m
step 00175 (17.50%) | loss: 2.024742 | lrm: 0.87 | dt: 904.45ms | tok/sec: 8,491 | mfu: 2.87 | epoch: 1 | total time: 2.53m
step 00176 (17.60%) | loss: 2.017781 | lrm: 0.88 | dt: 1009.41ms | tok/sec: 7,608 | mfu: 2.57 | epoch: 1 | total time: 2.55m
step 00177 (17.70%) | loss: 1.962013 | lrm: 0.88 | dt: 904.46ms | tok/sec: 8,491 | mfu: 2.87 | epoch: 1 | total time: 2.57m
step 00178 (17.80%) | loss: 1.968041 | lrm: 0.89 | dt: 902.19ms | tok/sec: 8,512 | mfu: 2.87 | epoch: 1 | total time: 2.58m
step 00179 (17.90%) | loss: 1.929628 | lrm: 0.89 | dt: 906.04ms | tok/sec: 8,476 | mfu: 2.86 | epoch: 1 | total time: 2.60m
step 00180 (18.00%) | loss: 1.912667 | lrm: 0.90 | dt: 725.54ms | tok/sec: 10,585 | mfu: 3.57 | epoch: 1 | total time: 2.61m
step 00181 (18.10%) | loss: 1.968609 | lrm: 0.90 | dt: 1013.43ms | tok/sec: 7,578 | mfu: 2.56 | epoch: 1 | total time: 2.63m
step 00182 (18.20%) | loss: 1.994261 | lrm: 0.91 | dt: 903.53ms | tok/sec: 8,500 | mfu: 2.87 | epoch: 1 | total time: 2.64m
step 00183 (18.30%) | loss: 1.968614 | lrm: 0.91 | dt: 904.02ms | tok/sec: 8,495 | mfu: 2.87 | epoch: 1 | total time: 2.66m
step 00184 (18.40%) | loss: 1.952777 | lrm: 0.92 | dt: 909.37ms | tok/sec: 8,445 | mfu: 2.85 | epoch: 1 | total time: 2.67m
step 00185 (18.50%) | loss: 1.971556 | lrm: 0.92 | dt: 905.51ms | tok/sec: 8,481 | mfu: 2.86 | epoch: 1 | total time: 2.69m
step 00186 (18.60%) | loss: 1.955874 | lrm: 0.93 | dt: 840.00ms | tok/sec: 9,142 | mfu: 3.09 | epoch: 1 | total time: 2.70m
step 00187 (18.70%) | loss: 1.997001 | lrm: 0.93 | dt: 912.67ms | tok/sec: 8,414 | mfu: 2.84 | epoch: 1 | total time: 2.72m
step 00188 (18.80%) | loss: 1.969206 | lrm: 0.94 | dt: 933.95ms | tok/sec: 8,223 | mfu: 2.77 | epoch: 1 | total time: 2.73m
step 00189 (18.90%) | loss: 1.963043 | lrm: 0.94 | dt: 930.39ms | tok/sec: 8,254 | mfu: 2.79 | epoch: 1 | total time: 2.75m
step 00190 (19.00%) | loss: 1.984745 | lrm: 0.95 | dt: 747.11ms | tok/sec: 10,279 | mfu: 3.47 | epoch: 1 | total time: 2.76m
step 00191 (19.10%) | loss: 1.972639 | lrm: 0.95 | dt: 1047.46ms | tok/sec: 7,332 | mfu: 2.47 | epoch: 1 | total time: 2.78m
step 00192 (19.20%) | loss: 1.959904 | lrm: 0.96 | dt: 924.60ms | tok/sec: 8,306 | mfu: 2.80 | epoch: 1 | total time: 2.79m
step 00193 (19.30%) | loss: 2.033340 | lrm: 0.96 | dt: 919.59ms | tok/sec: 8,351 | mfu: 2.82 | epoch: 1 | total time: 2.81m
step 00194 (19.40%) | loss: 1.999908 | lrm: 0.97 | dt: 916.71ms | tok/sec: 8,377 | mfu: 2.83 | epoch: 1 | total time: 2.82m
step 00195 (19.50%) | loss: 2.066665 | lrm: 0.97 | dt: 915.44ms | tok/sec: 8,389 | mfu: 2.83 | epoch: 1 | total time: 2.84m
step 00196 (19.60%) | loss: 2.034744 | lrm: 0.98 | dt: 1032.43ms | tok/sec: 7,438 | mfu: 2.51 | epoch: 1 | total time: 2.85m
step 00197 (19.70%) | loss: 2.041410 | lrm: 0.98 | dt: 915.26ms | tok/sec: 8,391 | mfu: 2.83 | epoch: 1 | total time: 2.87m
step 00198 (19.80%) | loss: 2.069602 | lrm: 0.99 | dt: 910.22ms | tok/sec: 8,437 | mfu: 2.85 | epoch: 1 | total time: 2.89m
step 00199 (19.90%) | loss: 2.090533 | lrm: 0.99 | dt: 914.66ms | tok/sec: 8,396 | mfu: 2.83 | epoch: 1 | total time: 2.90m
step 00200 (20.00%) | loss: 2.059955 | lrm: 1.00 | dt: 912.61ms | tok/sec: 8,415 | mfu: 2.84 | epoch: 1 | total time: 2.92m
Step 00200 | Validation bpb: 0.6497
2026-03-19 13:15:52,702 - nanochat.checkpoint_manager - [32m[1mINFO[0m - Saved model parameters to: /home/sun0115/.cache/nanochat/chatsft_checkpoints/d24_r32_lora_nextbest_2026-03-19_1310_s1536_gc/best/model_000200.pt
2026-03-19 13:15:52,702 - nanochat.checkpoint_manager - [32m[1mINFO[0m - Saved metadata to: /home/sun0115/.cache/nanochat/chatsft_checkpoints/d24_r32_lora_nextbest_2026-03-19_1310_s1536_gc/best/meta_000200.json
Saved best checkpoint at step 200 (val_bpb=0.6497)
step 00201 (20.10%) | loss: 2.041712 | lrm: 1.00 | dt: 1112.60ms | tok/sec: 6,902 | mfu: 2.33 | epoch: 1 | total time: 2.93m
step 00202 (20.20%) | loss: 2.044273 | lrm: 1.00 | dt: 920.33ms | tok/sec: 8,344 | mfu: 2.82 | epoch: 1 | total time: 2.95m
step 00203 (20.30%) | loss: 2.017634 | lrm: 1.00 | dt: 920.77ms | tok/sec: 8,340 | mfu: 2.81 | epoch: 1 | total time: 2.96m
step 00204 (20.40%) | loss: 2.058632 | lrm: 1.00 | dt: 932.12ms | tok/sec: 8,239 | mfu: 2.78 | epoch: 1 | total time: 2.98m
step 00205 (20.50%) | loss: 2.030711 | lrm: 1.00 | dt: 1045.98ms | tok/sec: 7,342 | mfu: 2.48 | epoch: 1 | total time: 3.00m
step 00206 (20.60%) | loss: 2.022933 | lrm: 1.00 | dt: 938.37ms | tok/sec: 8,184 | mfu: 2.76 | epoch: 1 | total time: 3.01m
step 00207 (20.70%) | loss: 2.056634 | lrm: 1.00 | dt: 958.10ms | tok/sec: 8,015 | mfu: 2.70 | epoch: 1 | total time: 3.03m
step 00208 (20.80%) | loss: 2.045478 | lrm: 1.00 | dt: 958.40ms | tok/sec: 8,013 | mfu: 2.70 | epoch: 1 | total time: 3.05m
step 00209 (20.90%) | loss: 2.041347 | lrm: 1.00 | dt: 922.54ms | tok/sec: 8,324 | mfu: 2.81 | epoch: 1 | total time: 3.06m
step 00210 (21.00%) | loss: 2.033632 | lrm: 1.00 | dt: 1033.76ms | tok/sec: 7,429 | mfu: 2.51 | epoch: 1 | total time: 3.08m
step 00211 (21.10%) | loss: 2.054936 | lrm: 1.00 | dt: 929.81ms | tok/sec: 8,259 | mfu: 2.79 | epoch: 1 | total time: 3.09m
step 00212 (21.20%) | loss: 2.037057 | lrm: 1.00 | dt: 736.03ms | tok/sec: 10,434 | mfu: 3.52 | epoch: 1 | total time: 3.11m
step 00213 (21.30%) | loss: 2.019883 | lrm: 1.00 | dt: 970.68ms | tok/sec: 7,911 | mfu: 2.67 | epoch: 1 | total time: 3.12m
step 00214 (21.40%) | loss: 1.992380 | lrm: 1.00 | dt: 958.51ms | tok/sec: 8,012 | mfu: 2.70 | epoch: 1 | total time: 3.14m
step 00215 (21.50%) | loss: 1.989800 | lrm: 1.00 | dt: 1075.83ms | tok/sec: 7,138 | mfu: 2.41 | epoch: 1 | total time: 3.16m
step 00216 (21.60%) | loss: 1.977753 | lrm: 1.00 | dt: 952.73ms | tok/sec: 8,061 | mfu: 2.72 | epoch: 1 | total time: 3.17m
step 00217 (21.70%) | loss: 1.975320 | lrm: 1.00 | dt: 968.28ms | tok/sec: 7,931 | mfu: 2.68 | epoch: 1 | total time: 3.19m
step 00218 (21.80%) | loss: 2.026028 | lrm: 1.00 | dt: 951.54ms | tok/sec: 8,071 | mfu: 2.72 | epoch: 1 | total time: 3.20m
step 00219 (21.90%) | loss: 2.026760 | lrm: 1.00 | dt: 948.63ms | tok/sec: 8,095 | mfu: 2.73 | epoch: 1 | total time: 3.22m
step 00220 (22.00%) | loss: 1.997957 | lrm: 1.00 | dt: 1038.44ms | tok/sec: 7,395 | mfu: 2.50 | epoch: 1 | total time: 3.24m
step 00221 (22.10%) | loss: 2.018154 | lrm: 1.00 | dt: 939.14ms | tok/sec: 8,177 | mfu: 2.76 | epoch: 1 | total time: 3.25m
step 00222 (22.20%) | loss: 2.012168 | lrm: 1.00 | dt: 937.14ms | tok/sec: 8,195 | mfu: 2.77 | epoch: 1 | total time: 3.27m
step 00223 (22.30%) | loss: 2.028168 | lrm: 1.00 | dt: 964.26ms | tok/sec: 7,964 | mfu: 2.69 | epoch: 1 | total time: 3.28m
step 00224 (22.40%) | loss: 2.004856 | lrm: 1.00 | dt: 914.47ms | tok/sec: 8,398 | mfu: 2.83 | epoch: 1 | total time: 3.30m
step 00225 (22.50%) | loss: 1.988954 | lrm: 1.00 | dt: 1032.92ms | tok/sec: 7,435 | mfu: 2.51 | epoch: 1 | total time: 3.32m
step 00226 (22.60%) | loss: 2.017025 | lrm: 1.00 | dt: 778.78ms | tok/sec: 9,861 | mfu: 3.33 | epoch: 1 | total time: 3.33m
step 00227 (22.70%) | loss: 2.026208 | lrm: 1.00 | dt: 1001.08ms | tok/sec: 7,671 | mfu: 2.59 | epoch: 1 | total time: 3.35m
step 00228 (22.80%) | loss: 1.997427 | lrm: 1.00 | dt: 738.76ms | tok/sec: 10,395 | mfu: 3.51 | epoch: 1 | total time: 3.36m
step 00229 (22.90%) | loss: 2.016388 | lrm: 1.00 | dt: 931.12ms | tok/sec: 8,248 | mfu: 2.78 | epoch: 1 | total time: 3.37m
step 00230 (23.00%) | loss: 2.021755 | lrm: 1.00 | dt: 975.06ms | tok/sec: 7,876 | mfu: 2.66 | epoch: 1 | total time: 3.39m
step 00231 (23.10%) | loss: 1.996975 | lrm: 1.00 | dt: 1057.63ms | tok/sec: 7,261 | mfu: 2.45 | epoch: 1 | total time: 3.41m
step 00232 (23.20%) | loss: 1.996991 | lrm: 1.00 | dt: 991.52ms | tok/sec: 7,745 | mfu: 2.61 | epoch: 1 | total time: 3.42m
step 00233 (23.30%) | loss: 2.007909 | lrm: 1.00 | dt: 961.99ms | tok/sec: 7,983 | mfu: 2.69 | epoch: 1 | total time: 3.44m
step 00234 (23.40%) | loss: 2.006585 | lrm: 1.00 | dt: 963.19ms | tok/sec: 7,973 | mfu: 2.69 | epoch: 1 | total time: 3.46m
step 00235 (23.50%) | loss: 2.006226 | lrm: 1.00 | dt: 941.15ms | tok/sec: 8,160 | mfu: 2.75 | epoch: 1 | total time: 3.47m
step 00236 (23.60%) | loss: 1.975800 | lrm: 1.00 | dt: 1073.55ms | tok/sec: 7,153 | mfu: 2.41 | epoch: 1 | total time: 3.49m
step 00237 (23.70%) | loss: 2.034426 | lrm: 1.00 | dt: 991.07ms | tok/sec: 7,749 | mfu: 2.61 | epoch: 1 | total time: 3.51m
step 00238 (23.80%) | loss: 1.976809 | lrm: 1.00 | dt: 917.02ms | tok/sec: 8,374 | mfu: 2.83 | epoch: 1 | total time: 3.52m
step 00239 (23.90%) | loss: 1.922419 | lrm: 1.00 | dt: 958.16ms | tok/sec: 8,015 | mfu: 2.70 | epoch: 1 | total time: 3.54m
step 00240 (24.00%) | loss: 1.991449 | lrm: 1.00 | dt: 936.12ms | tok/sec: 8,204 | mfu: 2.77 | epoch: 1 | total time: 3.55m
step 00241 (24.10%) | loss: 1.918855 | lrm: 1.00 | dt: 1056.39ms | tok/sec: 7,270 | mfu: 2.45 | epoch: 1 | total time: 3.57m
step 00242 (24.20%) | loss: 1.917040 | lrm: 1.00 | dt: 961.97ms | tok/sec: 7,983 | mfu: 2.69 | epoch: 1 | total time: 3.59m
step 00243 (24.30%) | loss: 1.916655 | lrm: 1.00 | dt: 934.53ms | tok/sec: 8,218 | mfu: 2.77 | epoch: 1 | total time: 3.60m
step 00244 (24.40%) | loss: 1.943000 | lrm: 1.00 | dt: 940.92ms | tok/sec: 8,162 | mfu: 2.75 | epoch: 1 | total time: 3.62m
step 00245 (24.50%) | loss: 1.930086 | lrm: 1.00 | dt: 934.34ms | tok/sec: 8,219 | mfu: 2.77 | epoch: 1 | total time: 3.63m
step 00246 (24.60%) | loss: 1.902619 | lrm: 1.00 | dt: 1077.32ms | tok/sec: 7,128 | mfu: 2.41 | epoch: 1 | total time: 3.65m
step 00247 (24.70%) | loss: 1.952935 | lrm: 1.00 | dt: 931.52ms | tok/sec: 8,244 | mfu: 2.78 | epoch: 1 | total time: 3.67m
step 00248 (24.80%) | loss: 1.919761 | lrm: 1.00 | dt: 941.28ms | tok/sec: 8,159 | mfu: 2.75 | epoch: 1 | total time: 3.68m
step 00249 (24.90%) | loss: 1.978769 | lrm: 1.00 | dt: 928.53ms | tok/sec: 8,271 | mfu: 2.79 | epoch: 1 | total time: 3.70m
step 00250 (25.00%) | loss: 1.953210 | lrm: 1.00 | dt: 963.13ms | tok/sec: 7,974 | mfu: 2.69 | epoch: 1 | total time: 3.71m
Step 00250 | Validation bpb: 0.6443
2026-03-19 13:17:02,884 - nanochat.checkpoint_manager - [32m[1mINFO[0m - Saved model parameters to: /home/sun0115/.cache/nanochat/chatsft_checkpoints/d24_r32_lora_nextbest_2026-03-19_1310_s1536_gc/best/model_000250.pt
2026-03-19 13:17:02,884 - nanochat.checkpoint_manager - [32m[1mINFO[0m - Saved metadata to: /home/sun0115/.cache/nanochat/chatsft_checkpoints/d24_r32_lora_nextbest_2026-03-19_1310_s1536_gc/best/meta_000250.json
Saved best checkpoint at step 250 (val_bpb=0.6443)
step 00251 (25.10%) | loss: 1.992664 | lrm: 1.00 | dt: 1135.65ms | tok/sec: 6,762 | mfu: 2.28 | epoch: 1 | total time: 3.73m
step 00252 (25.20%) | loss: 1.972420 | lrm: 1.00 | dt: 923.52ms | tok/sec: 8,315 | mfu: 2.81 | epoch: 1 | total time: 3.75m
step 00253 (25.30%) | loss: 1.936335 | lrm: 1.00 | dt: 966.32ms | tok/sec: 7,947 | mfu: 2.68 | epoch: 1 | total time: 3.77m
step 00254 (25.40%) | loss: 1.920084 | lrm: 1.00 | dt: 938.94ms | tok/sec: 8,179 | mfu: 2.76 | epoch: 1 | total time: 3.78m
step 00255 (25.50%) | loss: 1.916962 | lrm: 1.00 | dt: 1071.05ms | tok/sec: 7,170 | mfu: 2.42 | epoch: 1 | total time: 3.80m
step 00256 (25.60%) | loss: 2.018649 | lrm: 1.00 | dt: 939.29ms | tok/sec: 8,176 | mfu: 2.76 | epoch: 1 | total time: 3.81m
step 00257 (25.70%) | loss: 2.038225 | lrm: 1.00 | dt: 938.86ms | tok/sec: 8,180 | mfu: 2.76 | epoch: 1 | total time: 3.83m
step 00258 (25.80%) | loss: 2.108074 | lrm: 1.00 | dt: 958.96ms | tok/sec: 8,008 | mfu: 2.70 | epoch: 1 | total time: 3.85m
step 00259 (25.90%) | loss: 2.082172 | lrm: 1.00 | dt: 919.53ms | tok/sec: 8,352 | mfu: 2.82 | epoch: 1 | total time: 3.86m
step 00260 (26.00%) | loss: 2.093778 | lrm: 1.00 | dt: 1053.34ms | tok/sec: 7,291 | mfu: 2.46 | epoch: 1 | total time: 3.88m
step 00261 (26.10%) | loss: 2.155351 | lrm: 1.00 | dt: 930.12ms | tok/sec: 8,257 | mfu: 2.79 | epoch: 1 | total time: 3.89m
step 00262 (26.20%) | loss: 2.085185 | lrm: 1.00 | dt: 927.90ms | tok/sec: 8,276 | mfu: 2.79 | epoch: 1 | total time: 3.91m
step 00263 (26.30%) | loss: 2.037812 | lrm: 1.00 | dt: 945.46ms | tok/sec: 8,123 | mfu: 2.74 | epoch: 1 | total time: 3.93m
step 00264 (26.40%) | loss: 2.026387 | lrm: 1.00 | dt: 942.37ms | tok/sec: 8,149 | mfu: 2.75 | epoch: 1 | total time: 3.94m
step 00265 (26.50%) | loss: 2.008597 | lrm: 1.00 | dt: 1044.72ms | tok/sec: 7,351 | mfu: 2.48 | epoch: 1 | total time: 3.96m
step 00266 (26.60%) | loss: 1.993486 | lrm: 1.00 | dt: 938.64ms | tok/sec: 8,182 | mfu: 2.76 | epoch: 1 | total time: 3.97m
step 00267 (26.70%) | loss: 2.014175 | lrm: 1.00 | dt: 915.44ms | tok/sec: 8,389 | mfu: 2.83 | epoch: 1 | total time: 3.99m
step 00268 (26.80%) | loss: 1.959270 | lrm: 1.00 | dt: 953.53ms | tok/sec: 8,054 | mfu: 2.72 | epoch: 1 | total time: 4.01m
step 00269 (26.90%) | loss: 1.977988 | lrm: 1.00 | dt: 945.77ms | tok/sec: 8,120 | mfu: 2.74 | epoch: 1 | total time: 4.02m
step 00270 (27.00%) | loss: 1.957903 | lrm: 1.00 | dt: 1071.72ms | tok/sec: 7,166 | mfu: 2.42 | epoch: 1 | total time: 4.04m
step 00271 (27.10%) | loss: 1.949728 | lrm: 1.00 | dt: 965.57ms | tok/sec: 7,953 | mfu: 2.68 | epoch: 1 | total time: 4.06m
step 00272 (27.20%) | loss: 1.977536 | lrm: 1.00 | dt: 922.74ms | tok/sec: 8,323 | mfu: 2.81 | epoch: 1 | total time: 4.07m
step 00273 (27.30%) | loss: 1.978465 | lrm: 1.00 | dt: 749.51ms | tok/sec: 10,246 | mfu: 3.46 | epoch: 1 | total time: 4.08m
step 00274 (27.40%) | loss: 1.919068 | lrm: 1.00 | dt: 905.55ms | tok/sec: 8,480 | mfu: 2.86 | epoch: 1 | total time: 4.10m
step 00275 (27.50%) | loss: 1.857644 | lrm: 1.00 | dt: 1015.96ms | tok/sec: 7,559 | mfu: 2.55 | epoch: 1 | total time: 4.12m
step 00276 (27.60%) | loss: 1.872578 | lrm: 1.00 | dt: 935.39ms | tok/sec: 8,210 | mfu: 2.77 | epoch: 1 | total time: 4.13m
step 00277 (27.70%) | loss: 1.829441 | lrm: 1.00 | dt: 932.93ms | tok/sec: 8,232 | mfu: 2.78 | epoch: 1 | total time: 4.15m
step 00278 (27.80%) | loss: 1.855626 | lrm: 1.00 | dt: 749.97ms | tok/sec: 10,240 | mfu: 3.46 | epoch: 1 | total time: 4.16m
step 00279 (27.90%) | loss: 1.883390 | lrm: 1.00 | dt: 928.84ms | tok/sec: 8,268 | mfu: 2.79 | epoch: 1 | total time: 4.17m
step 00280 (28.00%) | loss: 1.914187 | lrm: 1.00 | dt: 922.56ms | tok/sec: 8,324 | mfu: 2.81 | epoch: 1 | total time: 4.19m
step 00281 (28.10%) | loss: 1.905920 | lrm: 1.00 | dt: 1033.17ms | tok/sec: 7,433 | mfu: 2.51 | epoch: 1 | total time: 4.21m
step 00282 (28.20%) | loss: 1.972784 | lrm: 1.00 | dt: 747.14ms | tok/sec: 10,279 | mfu: 3.47 | epoch: 1 | total time: 4.22m
step 00283 (28.30%) | loss: 1.918519 | lrm: 1.00 | dt: 921.41ms | tok/sec: 8,335 | mfu: 2.81 | epoch: 1 | total time: 4.23m
step 00284 (28.40%) | loss: 1.969615 | lrm: 1.00 | dt: 915.89ms | tok/sec: 8,385 | mfu: 2.83 | epoch: 1 | total time: 4.25m
step 00285 (28.50%) | loss: 2.037012 | lrm: 1.00 | dt: 919.46ms | tok/sec: 8,352 | mfu: 2.82 | epoch: 1 | total time: 4.27m
step 00286 (28.60%) | loss: 2.028088 | lrm: 1.00 | dt: 1030.51ms | tok/sec: 7,452 | mfu: 2.51 | epoch: 1 | total time: 4.28m
step 00287 (28.70%) | loss: 2.117860 | lrm: 1.00 | dt: 913.75ms | tok/sec: 8,404 | mfu: 2.84 | epoch: 1 | total time: 4.30m
step 00288 (28.80%) | loss: 2.084368 | lrm: 1.00 | dt: 913.15ms | tok/sec: 8,410 | mfu: 2.84 | epoch: 1 | total time: 4.31m
step 00289 (28.90%) | loss: 2.068468 | lrm: 1.00 | dt: 909.81ms | tok/sec: 8,441 | mfu: 2.85 | epoch: 1 | total time: 4.33m
step 00290 (29.00%) | loss: 2.031286 | lrm: 1.00 | dt: 911.99ms | tok/sec: 8,421 | mfu: 2.84 | epoch: 1 | total time: 4.34m
step 00291 (29.10%) | loss: 2.075876 | lrm: 1.00 | dt: 1027.80ms | tok/sec: 7,472 | mfu: 2.52 | epoch: 1 | total time: 4.36m
step 00292 (29.20%) | loss: 2.062067 | lrm: 1.00 | dt: 909.45ms | tok/sec: 8,444 | mfu: 2.85 | epoch: 1 | total time: 4.38m
step 00293 (29.30%) | loss: 2.084797 | lrm: 1.00 | dt: 909.09ms | tok/sec: 8,447 | mfu: 2.85 | epoch: 1 | total time: 4.39m
step 00294 (29.40%) | loss: 2.059438 | lrm: 1.00 | dt: 730.09ms | tok/sec: 10,519 | mfu: 3.55 | epoch: 1 | total time: 4.40m
step 00295 (29.50%) | loss: 2.060700 | lrm: 1.00 | dt: 913.79ms | tok/sec: 8,404 | mfu: 2.84 | epoch: 1 | total time: 4.42m
step 00296 (29.60%) | loss: 2.049522 | lrm: 1.00 | dt: 1012.26ms | tok/sec: 7,587 | mfu: 2.56 | epoch: 1 | total time: 4.43m
step 00297 (29.70%) | loss: 1.997374 | lrm: 1.00 | dt: 909.18ms | tok/sec: 8,447 | mfu: 2.85 | epoch: 1 | total time: 4.45m
step 00298 (29.80%) | loss: 1.964765 | lrm: 1.00 | dt: 908.75ms | tok/sec: 8,451 | mfu: 2.85 | epoch: 1 | total time: 4.47m
step 00299 (29.90%) | loss: 1.976152 | lrm: 1.00 | dt: 905.27ms | tok/sec: 8,483 | mfu: 2.86 | epoch: 1 | total time: 4.48m
step 00300 (30.00%) | loss: 1.989965 | lrm: 1.00 | dt: 906.40ms | tok/sec: 8,473 | mfu: 2.86 | epoch: 1 | total time: 4.50m
Step 00300 | Validation bpb: 0.6397
2026-03-19 13:18:12,213 - nanochat.checkpoint_manager - [32m[1mINFO[0m - Saved model parameters to: /home/sun0115/.cache/nanochat/chatsft_checkpoints/d24_r32_lora_nextbest_2026-03-19_1310_s1536_gc/best/model_000300.pt
2026-03-19 13:18:12,214 - nanochat.checkpoint_manager - [32m[1mINFO[0m - Saved metadata to: /home/sun0115/.cache/nanochat/chatsft_checkpoints/d24_r32_lora_nextbest_2026-03-19_1310_s1536_gc/best/meta_000300.json
Saved best checkpoint at step 300 (val_bpb=0.6397)
Rotated old best checkpoint: step 000050
step 00301 (30.10%) | loss: 1.950829 | lrm: 1.00 | dt: 1061.65ms | tok/sec: 7,233 | mfu: 2.44 | epoch: 1 | total time: 4.51m
step 00302 (30.20%) | loss: 1.951235 | lrm: 1.00 | dt: 954.19ms | tok/sec: 8,048 | mfu: 2.72 | epoch: 1 | total time: 4.53m
step 00303 (30.30%) | loss: 1.975772 | lrm: 1.00 | dt: 940.35ms | tok/sec: 8,167 | mfu: 2.76 | epoch: 1 | total time: 4.54m
step 00304 (30.40%) | loss: 1.983819 | lrm: 1.00 | dt: 921.88ms | tok/sec: 8,330 | mfu: 2.81 | epoch: 1 | total time: 4.56m
step 00305 (30.50%) | loss: 2.013126 | lrm: 1.00 | dt: 1030.77ms | tok/sec: 7,450 | mfu: 2.51 | epoch: 1 | total time: 4.58m
step 00306 (30.60%) | loss: 2.014813 | lrm: 1.00 | dt: 962.49ms | tok/sec: 7,979 | mfu: 2.69 | epoch: 1 | total time: 4.59m
step 00307 (30.70%) | loss: 2.017664 | lrm: 1.00 | dt: 922.23ms | tok/sec: 8,327 | mfu: 2.81 | epoch: 1 | total time: 4.61m
step 00308 (30.80%) | loss: 1.954738 | lrm: 1.00 | dt: 931.49ms | tok/sec: 8,244 | mfu: 2.78 | epoch: 1 | total time: 4.62m
step 00309 (30.90%) | loss: 2.042058 | lrm: 1.00 | dt: 996.96ms | tok/sec: 7,703 | mfu: 2.60 | epoch: 1 | total time: 4.64m
step 00310 (31.00%) | loss: 2.066824 | lrm: 1.00 | dt: 1015.33ms | tok/sec: 7,564 | mfu: 2.55 | epoch: 1 | total time: 4.66m
step 00311 (31.10%) | loss: 2.078820 | lrm: 1.00 | dt: 913.65ms | tok/sec: 8,405 | mfu: 2.84 | epoch: 1 | total time: 4.67m
step 00312 (31.20%) | loss: 2.090664 | lrm: 1.00 | dt: 907.41ms | tok/sec: 8,463 | mfu: 2.86 | epoch: 1 | total time: 4.69m
step 00313 (31.30%) | loss: 2.104091 | lrm: 1.00 | dt: 965.13ms | tok/sec: 7,957 | mfu: 2.69 | epoch: 1 | total time: 4.70m
step 00314 (31.40%) | loss: 2.113515 | lrm: 1.00 | dt: 929.45ms | tok/sec: 8,262 | mfu: 2.79 | epoch: 1 | total time: 4.72m
step 00315 (31.50%) | loss: 2.127059 | lrm: 1.00 | dt: 1021.93ms | tok/sec: 7,515 | mfu: 2.54 | epoch: 1 | total time: 4.74m
step 00316 (31.60%) | loss: 2.144782 | lrm: 1.00 | dt: 737.02ms | tok/sec: 10,420 | mfu: 3.52 | epoch: 1 | total time: 4.75m
step 00317 (31.70%) | loss: 2.133133 | lrm: 1.00 | dt: 904.50ms | tok/sec: 8,490 | mfu: 2.87 | epoch: 1 | total time: 4.76m
step 00318 (31.80%) | loss: 2.137564 | lrm: 1.00 | dt: 907.04ms | tok/sec: 8,467 | mfu: 2.86 | epoch: 1 | total time: 4.78m
step 00319 (31.90%) | loss: 2.099928 | lrm: 1.00 | dt: 907.29ms | tok/sec: 8,464 | mfu: 2.86 | epoch: 1 | total time: 4.79m
step 00320 (32.00%) | loss: 2.181530 | lrm: 1.00 | dt: 1026.47ms | tok/sec: 7,481 | mfu: 2.52 | epoch: 1 | total time: 4.81m
step 00321 (32.10%) | loss: 2.145776 | lrm: 1.00 | dt: 939.97ms | tok/sec: 8,170 | mfu: 2.76 | epoch: 1 | total time: 4.83m
step 00322 (32.20%) | loss: 2.090423 | lrm: 1.00 | dt: 936.49ms | tok/sec: 8,200 | mfu: 2.77 | epoch: 1 | total time: 4.84m
step 00323 (32.30%) | loss: 2.108495 | lrm: 1.00 | dt: 926.89ms | tok/sec: 8,285 | mfu: 2.80 | epoch: 1 | total time: 4.86m
step 00324 (32.40%) | loss: 2.095786 | lrm: 1.00 | dt: 934.65ms | tok/sec: 8,216 | mfu: 2.77 | epoch: 1 | total time: 4.87m
step 00325 (32.50%) | loss: 2.043631 | lrm: 1.00 | dt: 1040.21ms | tok/sec: 7,383 | mfu: 2.49 | epoch: 1 | total time: 4.89m
step 00326 (32.60%) | loss: 2.028187 | lrm: 1.00 | dt: 924.22ms | tok/sec: 8,309 | mfu: 2.80 | epoch: 1 | total time: 4.91m
step 00327 (32.70%) | loss: 2.018457 | lrm: 1.00 | dt: 922.17ms | tok/sec: 8,328 | mfu: 2.81 | epoch: 1 | total time: 4.92m
step 00328 (32.80%) | loss: 2.014274 | lrm: 1.00 | dt: 916.81ms | tok/sec: 8,376 | mfu: 2.83 | epoch: 1 | total time: 4.94m
step 00329 (32.90%) | loss: 2.057288 | lrm: 1.00 | dt: 917.41ms | tok/sec: 8,371 | mfu: 2.82 | epoch: 1 | total time: 4.95m
step 00330 (33.00%) | loss: 2.031635 | lrm: 1.00 | dt: 1035.51ms | tok/sec: 7,416 | mfu: 2.50 | epoch: 1 | total time: 4.97m
step 00331 (33.10%) | loss: 2.028853 | lrm: 1.00 | dt: 919.07ms | tok/sec: 8,356 | mfu: 2.82 | epoch: 1 | total time: 4.98m
step 00332 (33.20%) | loss: 2.039613 | lrm: 1.00 | dt: 915.12ms | tok/sec: 8,392 | mfu: 2.83 | epoch: 1 | total time: 5.00m
step 00333 (33.30%) | loss: 2.016798 | lrm: 1.00 | dt: 914.47ms | tok/sec: 8,398 | mfu: 2.83 | epoch: 1 | total time: 5.02m
step 00334 (33.40%) | loss: 1.980980 | lrm: 1.00 | dt: 915.68ms | tok/sec: 8,387 | mfu: 2.83 | epoch: 1 | total time: 5.03m
step 00335 (33.50%) | loss: 1.968722 | lrm: 1.00 | dt: 1023.82ms | tok/sec: 7,501 | mfu: 2.53 | epoch: 1 | total time: 5.05m
step 00336 (33.60%) | loss: 1.954377 | lrm: 1.00 | dt: 911.67ms | tok/sec: 8,424 | mfu: 2.84 | epoch: 1 | total time: 5.06m
step 00337 (33.70%) | loss: 1.946118 | lrm: 1.00 | dt: 912.58ms | tok/sec: 8,415 | mfu: 2.84 | epoch: 1 | total time: 5.08m
step 00338 (33.80%) | loss: 1.949565 | lrm: 1.00 | dt: 915.91ms | tok/sec: 8,385 | mfu: 2.83 | epoch: 1 | total time: 5.09m
step 00339 (33.90%) | loss: 1.900223 | lrm: 1.00 | dt: 911.55ms | tok/sec: 8,425 | mfu: 2.84 | epoch: 1 | total time: 5.11m
step 00340 (34.00%) | loss: 1.915266 | lrm: 1.00 | dt: 1023.74ms | tok/sec: 7,501 | mfu: 2.53 | epoch: 1 | total time: 5.13m
step 00341 (34.10%) | loss: 1.912203 | lrm: 1.00 | dt: 924.54ms | tok/sec: 8,306 | mfu: 2.80 | epoch: 1 | total time: 5.14m
step 00342 (34.20%) | loss: 1.927876 | lrm: 1.00 | dt: 910.61ms | tok/sec: 8,433 | mfu: 2.85 | epoch: 1 | total time: 5.16m
step 00343 (34.30%) | loss: 1.915368 | lrm: 1.00 | dt: 913.80ms | tok/sec: 8,404 | mfu: 2.84 | epoch: 1 | total time: 5.17m
step 00344 (34.40%) | loss: 1.922609 | lrm: 1.00 | dt: 911.05ms | tok/sec: 8,429 | mfu: 2.84 | epoch: 1 | total time: 5.19m
step 00345 (34.50%) | loss: 1.894039 | lrm: 1.00 | dt: 1018.04ms | tok/sec: 7,543 | mfu: 2.55 | epoch: 1 | total time: 5.20m
step 00346 (34.60%) | loss: 1.966368 | lrm: 1.00 | dt: 905.59ms | tok/sec: 8,480 | mfu: 2.86 | epoch: 1 | total time: 5.22m
step 00347 (34.70%) | loss: 1.956063 | lrm: 1.00 | dt: 902.75ms | tok/sec: 8,507 | mfu: 2.87 | epoch: 1 | total time: 5.23m
step 00348 (34.80%) | loss: 1.970074 | lrm: 1.00 | dt: 903.49ms | tok/sec: 8,500 | mfu: 2.87 | epoch: 1 | total time: 5.25m
step 00349 (34.90%) | loss: 1.961923 | lrm: 1.00 | dt: 903.47ms | tok/sec: 8,500 | mfu: 2.87 | epoch: 1 | total time: 5.26m
step 00350 (35.00%) | loss: 1.970312 | lrm: 1.00 | dt: 1013.49ms | tok/sec: 7,577 | mfu: 2.56 | epoch: 1 | total time: 5.28m
Step 00350 | Validation bpb: 0.6366
2026-03-19 13:19:21,842 - nanochat.checkpoint_manager - [32m[1mINFO[0m - Saved model parameters to: /home/sun0115/.cache/nanochat/chatsft_checkpoints/d24_r32_lora_nextbest_2026-03-19_1310_s1536_gc/best/model_000350.pt
2026-03-19 13:19:21,843 - nanochat.checkpoint_manager - [32m[1mINFO[0m - Saved metadata to: /home/sun0115/.cache/nanochat/chatsft_checkpoints/d24_r32_lora_nextbest_2026-03-19_1310_s1536_gc/best/meta_000350.json
Saved best checkpoint at step 350 (val_bpb=0.6366)
Rotated old best checkpoint: step 000100
step 00351 (35.10%) | loss: 1.944475 | lrm: 1.00 | dt: 1109.01ms | tok/sec: 6,925 | mfu: 2.34 | epoch: 1 | total time: 5.30m
step 00352 (35.20%) | loss: 1.946043 | lrm: 1.00 | dt: 916.12ms | tok/sec: 8,383 | mfu: 2.83 | epoch: 1 | total time: 5.31m
step 00353 (35.30%) | loss: 1.920836 | lrm: 1.00 | dt: 903.58ms | tok/sec: 8,499 | mfu: 2.87 | epoch: 1 | total time: 5.33m
step 00354 (35.40%) | loss: 1.901206 | lrm: 1.00 | dt: 908.42ms | tok/sec: 8,454 | mfu: 2.85 | epoch: 1 | total time: 5.34m
step 00355 (35.50%) | loss: 1.884962 | lrm: 1.00 | dt: 1020.10ms | tok/sec: 7,528 | mfu: 2.54 | epoch: 1 | total time: 5.36m
step 00356 (35.60%) | loss: 1.863844 | lrm: 1.00 | dt: 907.68ms | tok/sec: 8,461 | mfu: 2.86 | epoch: 1 | total time: 5.38m
step 00357 (35.70%) | loss: 1.894368 | lrm: 1.00 | dt: 909.51ms | tok/sec: 8,444 | mfu: 2.85 | epoch: 1 | total time: 5.39m
step 00358 (35.80%) | loss: 1.903911 | lrm: 1.00 | dt: 912.80ms | tok/sec: 8,413 | mfu: 2.84 | epoch: 1 | total time: 5.41m
step 00359 (35.90%) | loss: 1.909475 | lrm: 1.00 | dt: 1007.30ms | tok/sec: 7,624 | mfu: 2.57 | epoch: 1 | total time: 5.42m
step 00360 (36.00%) | loss: 1.890335 | lrm: 1.00 | dt: 1014.71ms | tok/sec: 7,568 | mfu: 2.55 | epoch: 1 | total time: 5.44m
step 00361 (36.10%) | loss: 1.880222 | lrm: 1.00 | dt: 907.72ms | tok/sec: 8,460 | mfu: 2.85 | epoch: 1 | total time: 5.46m
step 00362 (36.20%) | loss: 1.901626 | lrm: 1.00 | dt: 908.59ms | tok/sec: 8,452 | mfu: 2.85 | epoch: 1 | total time: 5.47m
step 00363 (36.30%) | loss: 1.893944 | lrm: 1.00 | dt: 906.99ms | tok/sec: 8,467 | mfu: 2.86 | epoch: 1 | total time: 5.49m
step 00364 (36.40%) | loss: 1.841737 | lrm: 1.00 | dt: 907.07ms | tok/sec: 8,466 | mfu: 2.86 | epoch: 1 | total time: 5.50m
step 00365 (36.50%) | loss: 1.847897 | lrm: 1.00 | dt: 1025.30ms | tok/sec: 7,490 | mfu: 2.53 | epoch: 1 | total time: 5.52m
step 00366 (36.60%) | loss: 1.816796 | lrm: 1.00 | dt: 938.62ms | tok/sec: 8,182 | mfu: 2.76 | epoch: 1 | total time: 5.53m
step 00367 (36.70%) | loss: 1.821202 | lrm: 1.00 | dt: 934.02ms | tok/sec: 8,222 | mfu: 2.77 | epoch: 1 | total time: 5.55m
step 00368 (36.80%) | loss: 1.925896 | lrm: 1.00 | dt: 933.87ms | tok/sec: 8,223 | mfu: 2.78 | epoch: 1 | total time: 5.57m
step 00369 (36.90%) | loss: 1.888037 | lrm: 1.00 | dt: 746.15ms | tok/sec: 10,292 | mfu: 3.47 | epoch: 1 | total time: 5.58m
step 00370 (37.00%) | loss: 1.849626 | lrm: 1.00 | dt: 1040.98ms | tok/sec: 7,377 | mfu: 2.49 | epoch: 1 | total time: 5.60m
step 00371 (37.10%) | loss: 1.901993 | lrm: 1.00 | dt: 922.04ms | tok/sec: 8,329 | mfu: 2.81 | epoch: 1 | total time: 5.61m
step 00372 (37.20%) | loss: 1.882211 | lrm: 1.00 | dt: 921.87ms | tok/sec: 8,330 | mfu: 2.81 | epoch: 1 | total time: 5.63m
step 00373 (37.30%) | loss: 1.881779 | lrm: 1.00 | dt: 917.03ms | tok/sec: 8,374 | mfu: 2.83 | epoch: 1 | total time: 5.64m
step 00374 (37.40%) | loss: 1.846634 | lrm: 1.00 | dt: 916.52ms | tok/sec: 8,379 | mfu: 2.83 | epoch: 1 | total time: 5.66m
step 00375 (37.50%) | loss: 1.937748 | lrm: 1.00 | dt: 1029.74ms | tok/sec: 7,458 | mfu: 2.52 | epoch: 1 | total time: 5.67m
step 00376 (37.60%) | loss: 1.926805 | lrm: 1.00 | dt: 913.51ms | tok/sec: 8,407 | mfu: 2.84 | epoch: 1 | total time: 5.69m
step 00377 (37.70%) | loss: 1.920308 | lrm: 1.00 | dt: 910.09ms | tok/sec: 8,438 | mfu: 2.85 | epoch: 1 | total time: 5.70m
step 00378 (37.80%) | loss: 1.912207 | lrm: 1.00 | dt: 912.70ms | tok/sec: 8,414 | mfu: 2.84 | epoch: 1 | total time: 5.72m
step 00379 (37.90%) | loss: 1.905949 | lrm: 1.00 | dt: 910.98ms | tok/sec: 8,430 | mfu: 2.84 | epoch: 1 | total time: 5.73m
step 00380 (38.00%) | loss: 1.859924 | lrm: 1.00 | dt: 1033.21ms | tok/sec: 7,433 | mfu: 2.51 | epoch: 1 | total time: 5.75m
step 00381 (38.10%) | loss: 1.842629 | lrm: 1.00 | dt: 908.25ms | tok/sec: 8,455 | mfu: 2.85 | epoch: 1 | total time: 5.77m
step 00382 (38.20%) | loss: 1.827465 | lrm: 1.00 | dt: 910.67ms | tok/sec: 8,433 | mfu: 2.85 | epoch: 1 | total time: 5.78m
step 00383 (38.30%) | loss: 1.877085 | lrm: 1.00 | dt: 908.12ms | tok/sec: 8,457 | mfu: 2.85 | epoch: 1 | total time: 5.80m
step 00384 (38.40%) | loss: 1.941479 | lrm: 1.00 | dt: 907.66ms | tok/sec: 8,461 | mfu: 2.86 | epoch: 1 | total time: 5.81m
step 00385 (38.50%) | loss: 1.921792 | lrm: 1.00 | dt: 1028.69ms | tok/sec: 7,465 | mfu: 2.52 | epoch: 1 | total time: 5.83m
step 00386 (38.60%) | loss: 1.910232 | lrm: 1.00 | dt: 908.64ms | tok/sec: 8,452 | mfu: 2.85 | epoch: 1 | total time: 5.84m
step 00387 (38.70%) | loss: 1.915222 | lrm: 1.00 | dt: 906.26ms | tok/sec: 8,474 | mfu: 2.86 | epoch: 1 | total time: 5.86m
step 00388 (38.80%) | loss: 1.978565 | lrm: 1.00 | dt: 947.64ms | tok/sec: 8,104 | mfu: 2.73 | epoch: 1 | total time: 5.88m
step 00389 (38.90%) | loss: 1.988883 | lrm: 1.00 | dt: 729.71ms | tok/sec: 10,524 | mfu: 3.55 | epoch: 1 | total time: 5.89m
step 00390 (39.00%) | loss: 2.006229 | lrm: 1.00 | dt: 904.66ms | tok/sec: 8,489 | mfu: 2.86 | epoch: 1 | total time: 5.90m
step 00391 (39.10%) | loss: 2.025718 | lrm: 1.00 | dt: 1023.43ms | tok/sec: 7,504 | mfu: 2.53 | epoch: 1 | total time: 5.92m
step 00392 (39.20%) | loss: 2.079481 | lrm: 1.00 | dt: 905.68ms | tok/sec: 8,479 | mfu: 2.86 | epoch: 1 | total time: 5.93m
step 00393 (39.30%) | loss: 2.048027 | lrm: 1.00 | dt: 904.66ms | tok/sec: 8,489 | mfu: 2.86 | epoch: 1 | total time: 5.95m
step 00394 (39.40%) | loss: 2.049522 | lrm: 1.00 | dt: 905.22ms | tok/sec: 8,484 | mfu: 2.86 | epoch: 1 | total time: 5.96m
step 00395 (39.50%) | loss: 2.074711 | lrm: 1.00 | dt: 905.74ms | tok/sec: 8,479 | mfu: 2.86 | epoch: 1 | total time: 5.98m
step 00396 (39.60%) | loss: 2.067261 | lrm: 1.00 | dt: 1018.97ms | tok/sec: 7,537 | mfu: 2.54 | epoch: 1 | total time: 6.00m
step 00397 (39.70%) | loss: 2.011710 | lrm: 1.00 | dt: 908.24ms | tok/sec: 8,455 | mfu: 2.85 | epoch: 1 | total time: 6.01m
step 00398 (39.80%) | loss: 2.005875 | lrm: 1.00 | dt: 904.70ms | tok/sec: 8,488 | mfu: 2.86 | epoch: 1 | total time: 6.03m
step 00399 (39.90%) | loss: 1.952985 | lrm: 1.00 | dt: 910.40ms | tok/sec: 8,435 | mfu: 2.85 | epoch: 1 | total time: 6.04m
step 00400 (40.00%) | loss: 1.925110 | lrm: 1.00 | dt: 929.41ms | tok/sec: 8,263 | mfu: 2.79 | epoch: 1 | total time: 6.06m
Step 00400 | Validation bpb: 0.6332
2026-03-19 13:20:31,185 - nanochat.checkpoint_manager - [32m[1mINFO[0m - Saved model parameters to: /home/sun0115/.cache/nanochat/chatsft_checkpoints/d24_r32_lora_nextbest_2026-03-19_1310_s1536_gc/best/model_000400.pt
2026-03-19 13:20:31,185 - nanochat.checkpoint_manager - [32m[1mINFO[0m - Saved metadata to: /home/sun0115/.cache/nanochat/chatsft_checkpoints/d24_r32_lora_nextbest_2026-03-19_1310_s1536_gc/best/meta_000400.json
Saved best checkpoint at step 400 (val_bpb=0.6332)
Rotated old best checkpoint: step 000150
step 00401 (40.10%) | loss: 1.909823 | lrm: 1.00 | dt: 1091.31ms | tok/sec: 7,037 | mfu: 2.37 | epoch: 1 | total time: 6.08m
step 00402 (40.20%) | loss: 1.909241 | lrm: 1.00 | dt: 725.28ms | tok/sec: 10,589 | mfu: 3.57 | epoch: 1 | total time: 6.09m
step 00403 (40.30%) | loss: 1.991992 | lrm: 1.00 | dt: 913.29ms | tok/sec: 8,409 | mfu: 2.84 | epoch: 1 | total time: 6.10m
step 00404 (40.40%) | loss: 2.006126 | lrm: 1.00 | dt: 905.57ms | tok/sec: 8,480 | mfu: 2.86 | epoch: 1 | total time: 6.12m
step 00405 (40.50%) | loss: 1.956806 | lrm: 1.00 | dt: 1009.54ms | tok/sec: 7,607 | mfu: 2.57 | epoch: 1 | total time: 6.14m
step 00406 (40.60%) | loss: 1.963091 | lrm: 1.00 | dt: 906.76ms | tok/sec: 8,469 | mfu: 2.86 | epoch: 1 | total time: 6.15m
step 00407 (40.70%) | loss: 1.946740 | lrm: 1.00 | dt: 903.58ms | tok/sec: 8,499 | mfu: 2.87 | epoch: 1 | total time: 6.17m
step 00408 (40.80%) | loss: 1.925258 | lrm: 1.00 | dt: 904.82ms | tok/sec: 8,487 | mfu: 2.86 | epoch: 1 | total time: 6.18m
step 00409 (40.90%) | loss: 1.923052 | lrm: 1.00 | dt: 937.65ms | tok/sec: 8,190 | mfu: 2.76 | epoch: 1 | total time: 6.20m
step 00410 (41.00%) | loss: 1.966504 | lrm: 1.00 | dt: 1054.43ms | tok/sec: 7,283 | mfu: 2.46 | epoch: 1 | total time: 6.21m
step 00411 (41.10%) | loss: 1.907819 | lrm: 1.00 | dt: 933.15ms | tok/sec: 8,230 | mfu: 2.78 | epoch: 1 | total time: 6.23m
step 00412 (41.20%) | loss: 1.929530 | lrm: 1.00 | dt: 928.87ms | tok/sec: 8,268 | mfu: 2.79 | epoch: 1 | total time: 6.24m
step 00413 (41.30%) | loss: 1.961838 | lrm: 1.00 | dt: 747.63ms | tok/sec: 10,272 | mfu: 3.47 | epoch: 1 | total time: 6.26m
step 00414 (41.40%) | loss: 1.968625 | lrm: 1.00 | dt: 922.23ms | tok/sec: 8,327 | mfu: 2.81 | epoch: 1 | total time: 6.27m
step 00415 (41.50%) | loss: 1.953939 | lrm: 1.00 | dt: 921.09ms | tok/sec: 8,337 | mfu: 2.81 | epoch: 1 | total time: 6.29m
step 00416 (41.60%) | loss: 1.998252 | lrm: 1.00 | dt: 1032.11ms | tok/sec: 7,441 | mfu: 2.51 | epoch: 1 | total time: 6.31m
step 00417 (41.70%) | loss: 2.015908 | lrm: 1.00 | dt: 918.42ms | tok/sec: 8,362 | mfu: 2.82 | epoch: 1 | total time: 6.32m
step 00418 (41.80%) | loss: 1.953874 | lrm: 1.00 | dt: 914.10ms | tok/sec: 8,401 | mfu: 2.84 | epoch: 1 | total time: 6.34m
step 00419 (41.90%) | loss: 1.924593 | lrm: 1.00 | dt: 914.73ms | tok/sec: 8,395 | mfu: 2.83 | epoch: 1 | total time: 6.35m
step 00420 (42.00%) | loss: 1.954744 | lrm: 1.00 | dt: 912.56ms | tok/sec: 8,415 | mfu: 2.84 | epoch: 1 | total time: 6.37m
step 00421 (42.10%) | loss: 1.945945 | lrm: 1.00 | dt: 1018.57ms | tok/sec: 7,539 | mfu: 2.54 | epoch: 1 | total time: 6.38m
step 00422 (42.20%) | loss: 1.959765 | lrm: 1.00 | dt: 728.88ms | tok/sec: 10,536 | mfu: 3.56 | epoch: 1 | total time: 6.40m
step 00423 (42.30%) | loss: 1.981581 | lrm: 1.00 | dt: 910.96ms | tok/sec: 8,430 | mfu: 2.84 | epoch: 1 | total time: 6.41m
step 00424 (42.40%) | loss: 1.983926 | lrm: 1.00 | dt: 909.86ms | tok/sec: 8,440 | mfu: 2.85 | epoch: 1 | total time: 6.43m
step 00425 (42.50%) | loss: 2.058192 | lrm: 1.00 | dt: 907.11ms | tok/sec: 8,466 | mfu: 2.86 | epoch: 1 | total time: 6.44m
step 00426 (42.60%) | loss: 2.038648 | lrm: 1.00 | dt: 1013.74ms | tok/sec: 7,575 | mfu: 2.56 | epoch: 1 | total time: 6.46m
step 00427 (42.70%) | loss: 2.010213 | lrm: 1.00 | dt: 907.88ms | tok/sec: 8,459 | mfu: 2.85 | epoch: 1 | total time: 6.47m
step 00428 (42.80%) | loss: 2.008025 | lrm: 1.00 | dt: 906.07ms | tok/sec: 8,476 | mfu: 2.86 | epoch: 1 | total time: 6.49m
step 00429 (42.90%) | loss: 2.001355 | lrm: 1.00 | dt: 904.27ms | tok/sec: 8,493 | mfu: 2.87 | epoch: 1 | total time: 6.50m
step 00430 (43.00%) | loss: 1.993179 | lrm: 1.00 | dt: 906.47ms | tok/sec: 8,472 | mfu: 2.86 | epoch: 1 | total time: 6.52m
step 00431 (43.10%) | loss: 1.944453 | lrm: 1.00 | dt: 1008.23ms | tok/sec: 7,617 | mfu: 2.57 | epoch: 1 | total time: 6.53m
step 00432 (43.20%) | loss: 1.903596 | lrm: 1.00 | dt: 906.95ms | tok/sec: 8,467 | mfu: 2.86 | epoch: 1 | total time: 6.55m
step 00433 (43.30%) | loss: 1.951450 | lrm: 1.00 | dt: 910.56ms | tok/sec: 8,434 | mfu: 2.85 | epoch: 1 | total time: 6.57m
step 00434 (43.40%) | loss: 1.935885 | lrm: 1.00 | dt: 734.86ms | tok/sec: 10,450 | mfu: 3.53 | epoch: 1 | total time: 6.58m
step 00435 (43.50%) | loss: 1.917166 | lrm: 1.00 | dt: 907.22ms | tok/sec: 8,465 | mfu: 2.86 | epoch: 1 | total time: 6.59m
step 00436 (43.60%) | loss: 1.906793 | lrm: 1.00 | dt: 1011.47ms | tok/sec: 7,592 | mfu: 2.56 | epoch: 1 | total time: 6.61m
step 00437 (43.70%) | loss: 1.931197 | lrm: 1.00 | dt: 905.68ms | tok/sec: 8,479 | mfu: 2.86 | epoch: 1 | total time: 6.62m
step 00438 (43.80%) | loss: 1.908452 | lrm: 1.00 | dt: 902.67ms | tok/sec: 8,508 | mfu: 2.87 | epoch: 1 | total time: 6.64m
step 00439 (43.90%) | loss: 1.951861 | lrm: 1.00 | dt: 903.04ms | tok/sec: 8,504 | mfu: 2.87 | epoch: 1 | total time: 6.65m
step 00440 (44.00%) | loss: 1.913108 | lrm: 1.00 | dt: 905.35ms | tok/sec: 8,482 | mfu: 2.86 | epoch: 1 | total time: 6.67m
step 00441 (44.10%) | loss: 1.918643 | lrm: 1.00 | dt: 1008.41ms | tok/sec: 7,615 | mfu: 2.57 | epoch: 1 | total time: 6.69m
step 00442 (44.20%) | loss: 1.886168 | lrm: 1.00 | dt: 725.66ms | tok/sec: 10,583 | mfu: 3.57 | epoch: 1 | total time: 6.70m
step 00443 (44.30%) | loss: 1.886105 | lrm: 1.00 | dt: 902.78ms | tok/sec: 8,507 | mfu: 2.87 | epoch: 1 | total time: 6.71m
step 00444 (44.40%) | loss: 1.869967 | lrm: 1.00 | dt: 903.32ms | tok/sec: 8,501 | mfu: 2.87 | epoch: 1 | total time: 6.73m
step 00445 (44.50%) | loss: 1.911283 | lrm: 1.00 | dt: 922.58ms | tok/sec: 8,324 | mfu: 2.81 | epoch: 1 | total time: 6.74m
step 00446 (44.60%) | loss: 1.927740 | lrm: 1.00 | dt: 1050.45ms | tok/sec: 7,311 | mfu: 2.47 | epoch: 1 | total time: 6.76m
step 00447 (44.70%) | loss: 1.917690 | lrm: 1.00 | dt: 929.78ms | tok/sec: 8,259 | mfu: 2.79 | epoch: 1 | total time: 6.78m
step 00448 (44.80%) | loss: 1.873531 | lrm: 1.00 | dt: 928.32ms | tok/sec: 8,273 | mfu: 2.79 | epoch: 1 | total time: 6.79m
step 00449 (44.90%) | loss: 1.905925 | lrm: 1.00 | dt: 925.16ms | tok/sec: 8,301 | mfu: 2.80 | epoch: 1 | total time: 6.81m
step 00450 (45.00%) | loss: 1.974601 | lrm: 1.00 | dt: 922.30ms | tok/sec: 8,326 | mfu: 2.81 | epoch: 1 | total time: 6.82m
Step 00450 | Validation bpb: 0.6298
2026-03-19 13:21:39,688 - nanochat.checkpoint_manager - [32m[1mINFO[0m - Saved model parameters to: /home/sun0115/.cache/nanochat/chatsft_checkpoints/d24_r32_lora_nextbest_2026-03-19_1310_s1536_gc/best/model_000450.pt
2026-03-19 13:21:39,689 - nanochat.checkpoint_manager - [32m[1mINFO[0m - Saved metadata to: /home/sun0115/.cache/nanochat/chatsft_checkpoints/d24_r32_lora_nextbest_2026-03-19_1310_s1536_gc/best/meta_000450.json
Saved best checkpoint at step 450 (val_bpb=0.6298)
Rotated old best checkpoint: step 000200
step 00451 (45.10%) | loss: 1.894904 | lrm: 1.00 | dt: 1126.85ms | tok/sec: 6,815 | mfu: 2.30 | epoch: 1 | total time: 6.84m
step 00452 (45.20%) | loss: 1.845016 | lrm: 1.00 | dt: 900.89ms | tok/sec: 8,524 | mfu: 2.88 | epoch: 1 | total time: 6.86m
step 00453 (45.30%) | loss: 1.838494 | lrm: 1.00 | dt: 723.98ms | tok/sec: 10,607 | mfu: 3.58 | epoch: 1 | total time: 6.87m
step 00454 (45.40%) | loss: 1.814550 | lrm: 1.00 | dt: 901.14ms | tok/sec: 8,522 | mfu: 2.88 | epoch: 1 | total time: 6.88m
step 00455 (45.50%) | loss: 1.855099 | lrm: 1.00 | dt: 1016.09ms | tok/sec: 7,558 | mfu: 2.55 | epoch: 1 | total time: 6.90m
step 00456 (45.60%) | loss: 1.854543 | lrm: 1.00 | dt: 734.43ms | tok/sec: 10,457 | mfu: 3.53 | epoch: 1 | total time: 6.91m
step 00457 (45.70%) | loss: 1.853383 | lrm: 1.00 | dt: 934.00ms | tok/sec: 8,222 | mfu: 2.77 | epoch: 1 | total time: 6.93m
step 00458 (45.80%) | loss: 1.853209 | lrm: 1.00 | dt: 933.63ms | tok/sec: 8,225 | mfu: 2.78 | epoch: 1 | total time: 6.94m
step 00459 (45.90%) | loss: 1.857071 | lrm: 1.00 | dt: 952.44ms | tok/sec: 8,063 | mfu: 2.72 | epoch: 1 | total time: 6.96m
step 00460 (46.00%) | loss: 1.829009 | lrm: 1.00 | dt: 947.91ms | tok/sec: 8,102 | mfu: 2.73 | epoch: 1 | total time: 6.98m
step 00461 (46.10%) | loss: 1.818494 | lrm: 1.00 | dt: 1036.07ms | tok/sec: 7,412 | mfu: 2.50 | epoch: 1 | total time: 6.99m
step 00462 (46.20%) | loss: 1.836024 | lrm: 1.00 | dt: 919.74ms | tok/sec: 8,350 | mfu: 2.82 | epoch: 1 | total time: 7.01m
step 00463 (46.30%) | loss: 1.835000 | lrm: 1.00 | dt: 916.24ms | tok/sec: 8,382 | mfu: 2.83 | epoch: 1 | total time: 7.02m
step 00464 (46.40%) | loss: 1.786528 | lrm: 1.00 | dt: 916.43ms | tok/sec: 8,380 | mfu: 2.83 | epoch: 1 | total time: 7.04m
step 00465 (46.50%) | loss: 1.865861 | lrm: 1.00 | dt: 914.25ms | tok/sec: 8,400 | mfu: 2.83 | epoch: 1 | total time: 7.05m
step 00466 (46.60%) | loss: 1.868723 | lrm: 1.00 | dt: 1020.36ms | tok/sec: 7,526 | mfu: 2.54 | epoch: 1 | total time: 7.07m
step 00467 (46.70%) | loss: 1.898122 | lrm: 1.00 | dt: 912.92ms | tok/sec: 8,412 | mfu: 2.84 | epoch: 1 | total time: 7.09m
step 00468 (46.80%) | loss: 1.874417 | lrm: 1.00 | dt: 921.05ms | tok/sec: 8,338 | mfu: 2.81 | epoch: 1 | total time: 7.10m
step 00469 (46.90%) | loss: 1.886045 | lrm: 1.00 | dt: 954.27ms | tok/sec: 8,048 | mfu: 2.72 | epoch: 1 | total time: 7.12m
step 00470 (47.00%) | loss: 1.894029 | lrm: 1.00 | dt: 930.05ms | tok/sec: 8,257 | mfu: 2.79 | epoch: 1 | total time: 7.13m
step 00471 (47.10%) | loss: 1.884366 | lrm: 1.00 | dt: 1059.51ms | tok/sec: 7,248 | mfu: 2.45 | epoch: 1 | total time: 7.15m
step 00472 (47.20%) | loss: 1.978373 | lrm: 1.00 | dt: 984.18ms | tok/sec: 7,803 | mfu: 2.63 | epoch: 1 | total time: 7.17m
step 00473 (47.30%) | loss: 2.021769 | lrm: 1.00 | dt: 971.76ms | tok/sec: 7,903 | mfu: 2.67 | epoch: 1 | total time: 7.18m
step 00474 (47.40%) | loss: 2.022195 | lrm: 1.00 | dt: 935.67ms | tok/sec: 8,208 | mfu: 2.77 | epoch: 1 | total time: 7.20m
step 00475 (47.50%) | loss: 2.225958 | lrm: 1.00 | dt: 942.17ms | tok/sec: 8,151 | mfu: 2.75 | epoch: 1 | total time: 7.22m
step 00476 (47.60%) | loss: 2.233469 | lrm: 1.00 | dt: 1073.12ms | tok/sec: 7,156 | mfu: 2.41 | epoch: 1 | total time: 7.23m
step 00477 (47.70%) | loss: 2.177783 | lrm: 1.00 | dt: 1007.40ms | tok/sec: 7,623 | mfu: 2.57 | epoch: 1 | total time: 7.25m
step 00478 (47.80%) | loss: 2.143542 | lrm: 1.00 | dt: 951.84ms | tok/sec: 8,068 | mfu: 2.72 | epoch: 1 | total time: 7.27m
step 00479 (47.90%) | loss: 2.127960 | lrm: 1.00 | dt: 933.49ms | tok/sec: 8,227 | mfu: 2.78 | epoch: 1 | total time: 7.28m
step 00480 (48.00%) | loss: 2.101244 | lrm: 1.00 | dt: 965.08ms | tok/sec: 7,957 | mfu: 2.69 | epoch: 1 | total time: 7.30m
step 00481 (48.10%) | loss: 2.170512 | lrm: 1.00 | dt: 1073.33ms | tok/sec: 7,155 | mfu: 2.41 | epoch: 1 | total time: 7.32m
step 00482 (48.20%) | loss: 2.146271 | lrm: 1.00 | dt: 946.29ms | tok/sec: 8,115 | mfu: 2.74 | epoch: 1 | total time: 7.33m
step 00483 (48.30%) | loss: 2.128918 | lrm: 1.00 | dt: 912.35ms | tok/sec: 8,417 | mfu: 2.84 | epoch: 1 | total time: 7.35m
step 00484 (48.40%) | loss: 2.104999 | lrm: 1.00 | dt: 966.09ms | tok/sec: 7,949 | mfu: 2.68 | epoch: 1 | total time: 7.36m
step 00485 (48.50%) | loss: 2.061229 | lrm: 1.00 | dt: 934.28ms | tok/sec: 8,220 | mfu: 2.77 | epoch: 1 | total time: 7.38m
step 00486 (48.60%) | loss: 2.064606 | lrm: 1.00 | dt: 1045.22ms | tok/sec: 7,347 | mfu: 2.48 | epoch: 1 | total time: 7.40m
step 00487 (48.70%) | loss: 2.048931 | lrm: 1.00 | dt: 728.70ms | tok/sec: 10,539 | mfu: 3.56 | epoch: 1 | total time: 7.41m
step 00488 (48.80%) | loss: 2.120820 | lrm: 1.00 | dt: 960.73ms | tok/sec: 7,993 | mfu: 2.70 | epoch: 1 | total time: 7.42m
step 00489 (48.90%) | loss: 2.053105 | lrm: 1.00 | dt: 955.82ms | tok/sec: 8,034 | mfu: 2.71 | epoch: 1 | total time: 7.44m
step 00490 (49.00%) | loss: 2.030237 | lrm: 1.00 | dt: 933.48ms | tok/sec: 8,227 | mfu: 2.78 | epoch: 1 | total time: 7.45m
step 00491 (49.10%) | loss: 2.058442 | lrm: 1.00 | dt: 1124.99ms | tok/sec: 6,826 | mfu: 2.30 | epoch: 1 | total time: 7.47m
step 00492 (49.20%) | loss: 2.089933 | lrm: 1.00 | dt: 966.71ms | tok/sec: 7,944 | mfu: 2.68 | epoch: 1 | total time: 7.49m
step 00493 (49.30%) | loss: 2.040795 | lrm: 1.00 | dt: 1026.29ms | tok/sec: 7,483 | mfu: 2.53 | epoch: 1 | total time: 7.51m
step 00494 (49.40%) | loss: 2.031328 | lrm: 1.00 | dt: 968.38ms | tok/sec: 7,930 | mfu: 2.68 | epoch: 1 | total time: 7.52m
step 00495 (49.50%) | loss: 1.989818 | lrm: 1.00 | dt: 933.35ms | tok/sec: 8,228 | mfu: 2.78 | epoch: 1 | total time: 7.54m
step 00496 (49.60%) | loss: 1.973961 | lrm: 1.00 | dt: 1055.80ms | tok/sec: 7,274 | mfu: 2.45 | epoch: 1 | total time: 7.56m
step 00497 (49.70%) | loss: 1.902120 | lrm: 1.00 | dt: 744.46ms | tok/sec: 10,316 | mfu: 3.48 | epoch: 1 | total time: 7.57m
step 00498 (49.80%) | loss: 1.892183 | lrm: 1.00 | dt: 945.11ms | tok/sec: 8,126 | mfu: 2.74 | epoch: 1 | total time: 7.58m
step 00499 (49.90%) | loss: 1.912042 | lrm: 1.00 | dt: 972.49ms | tok/sec: 7,897 | mfu: 2.66 | epoch: 1 | total time: 7.60m
step 00500 (50.00%) | loss: 1.902408 | lrm: 1.00 | dt: 809.59ms | tok/sec: 9,486 | mfu: 3.20 | epoch: 1 | total time: 7.61m
Step 00500 | Validation bpb: 0.6283
2026-03-19 13:22:49,675 - nanochat.checkpoint_manager - [32m[1mINFO[0m - Saved model parameters to: /home/sun0115/.cache/nanochat/chatsft_checkpoints/d24_r32_lora_nextbest_2026-03-19_1310_s1536_gc/best/model_000500.pt
2026-03-19 13:22:49,676 - nanochat.checkpoint_manager - [32m[1mINFO[0m - Saved metadata to: /home/sun0115/.cache/nanochat/chatsft_checkpoints/d24_r32_lora_nextbest_2026-03-19_1310_s1536_gc/best/meta_000500.json
Saved best checkpoint at step 500 (val_bpb=0.6283)
Rotated old best checkpoint: step 000250
step 00501 (50.10%) | loss: 1.878659 | lrm: 1.00 | dt: 1195.68ms | tok/sec: 6,423 | mfu: 2.17 | epoch: 1 | total time: 7.63m
step 00502 (50.20%) | loss: 1.858983 | lrm: 1.00 | dt: 1023.07ms | tok/sec: 7,506 | mfu: 2.53 | epoch: 1 | total time: 7.65m
step 00503 (50.30%) | loss: 1.873629 | lrm: 1.00 | dt: 940.76ms | tok/sec: 8,163 | mfu: 2.75 | epoch: 1 | total time: 7.67m
step 00504 (50.40%) | loss: 1.883636 | lrm: 1.00 | dt: 973.74ms | tok/sec: 7,887 | mfu: 2.66 | epoch: 1 | total time: 7.68m
step 00505 (50.50%) | loss: 1.877105 | lrm: 1.00 | dt: 1078.43ms | tok/sec: 7,121 | mfu: 2.40 | epoch: 1 | total time: 7.70m
step 00506 (50.60%) | loss: 1.914798 | lrm: 1.00 | dt: 936.40ms | tok/sec: 8,201 | mfu: 2.77 | epoch: 1 | total time: 7.72m
step 00507 (50.70%) | loss: 1.875289 | lrm: 1.00 | dt: 944.01ms | tok/sec: 8,135 | mfu: 2.75 | epoch: 1 | total time: 7.73m
step 00508 (50.80%) | loss: 1.797258 | lrm: 1.00 | dt: 916.09ms | tok/sec: 8,383 | mfu: 2.83 | epoch: 1 | total time: 7.75m
step 00509 (50.90%) | loss: 1.942833 | lrm: 1.00 | dt: 918.05ms | tok/sec: 8,365 | mfu: 2.82 | epoch: 1 | total time: 7.76m
step 00510 (51.00%) | loss: 1.903929 | lrm: 1.00 | dt: 1025.35ms | tok/sec: 7,490 | mfu: 2.53 | epoch: 1 | total time: 7.78m
step 00511 (51.10%) | loss: 1.918813 | lrm: 1.00 | dt: 910.56ms | tok/sec: 8,434 | mfu: 2.85 | epoch: 1 | total time: 7.79m
step 00512 (51.20%) | loss: 1.912531 | lrm: 1.00 | dt: 926.09ms | tok/sec: 8,292 | mfu: 2.80 | epoch: 1 | total time: 7.81m
step 00513 (51.30%) | loss: 1.907404 | lrm: 1.00 | dt: 959.51ms | tok/sec: 8,004 | mfu: 2.70 | epoch: 1 | total time: 7.83m
step 00514 (51.40%) | loss: 1.954881 | lrm: 1.00 | dt: 933.33ms | tok/sec: 8,228 | mfu: 2.78 | epoch: 1 | total time: 7.84m
step 00515 (51.50%) | loss: 1.966018 | lrm: 1.00 | dt: 1031.08ms | tok/sec: 7,448 | mfu: 2.51 | epoch: 1 | total time: 7.86m
step 00516 (51.60%) | loss: 1.949086 | lrm: 1.00 | dt: 908.58ms | tok/sec: 8,452 | mfu: 2.85 | epoch: 1 | total time: 7.87m
step 00517 (51.70%) | loss: 1.938028 | lrm: 1.00 | dt: 930.89ms | tok/sec: 8,250 | mfu: 2.78 | epoch: 1 | total time: 7.89m
step 00518 (51.80%) | loss: 1.976036 | lrm: 1.00 | dt: 919.03ms | tok/sec: 8,356 | mfu: 2.82 | epoch: 1 | total time: 7.91m
step 00519 (51.90%) | loss: 1.925210 | lrm: 1.00 | dt: 932.43ms | tok/sec: 8,236 | mfu: 2.78 | epoch: 1 | total time: 7.92m
step 00520 (52.00%) | loss: 1.896767 | lrm: 1.00 | dt: 1041.48ms | tok/sec: 7,374 | mfu: 2.49 | epoch: 1 | total time: 7.94m
step 00521 (52.10%) | loss: 1.963158 | lrm: 1.00 | dt: 727.60ms | tok/sec: 10,555 | mfu: 3.56 | epoch: 1 | total time: 7.95m
step 00522 (52.20%) | loss: 1.898607 | lrm: 1.00 | dt: 910.63ms | tok/sec: 8,433 | mfu: 2.85 | epoch: 1 | total time: 7.97m
step 00523 (52.30%) | loss: 1.958628 | lrm: 1.00 | dt: 905.19ms | tok/sec: 8,484 | mfu: 2.86 | epoch: 1 | total time: 7.98m
step 00524 (52.40%) | loss: 1.956888 | lrm: 1.00 | dt: 930.82ms | tok/sec: 8,250 | mfu: 2.78 | epoch: 1 | total time: 8.00m
step 00525 (52.50%) | loss: 1.951639 | lrm: 1.00 | dt: 1048.79ms | tok/sec: 7,322 | mfu: 2.47 | epoch: 1 | total time: 8.01m
step 00526 (52.60%) | loss: 1.945547 | lrm: 1.00 | dt: 904.87ms | tok/sec: 8,487 | mfu: 2.86 | epoch: 1 | total time: 8.03m
step 00527 (52.70%) | loss: 1.956608 | lrm: 1.00 | dt: 929.78ms | tok/sec: 8,260 | mfu: 2.79 | epoch: 1 | total time: 8.04m
step 00528 (52.80%) | loss: 1.998667 | lrm: 1.00 | dt: 907.28ms | tok/sec: 8,464 | mfu: 2.86 | epoch: 1 | total time: 8.06m
step 00529 (52.90%) | loss: 2.000062 | lrm: 1.00 | dt: 971.63ms | tok/sec: 7,904 | mfu: 2.67 | epoch: 1 | total time: 8.08m
step 00530 (53.00%) | loss: 1.974831 | lrm: 1.00 | dt: 1014.36ms | tok/sec: 7,571 | mfu: 2.55 | epoch: 1 | total time: 8.09m
step 00531 (53.10%) | loss: 1.918218 | lrm: 1.00 | dt: 939.98ms | tok/sec: 8,170 | mfu: 2.76 | epoch: 1 | total time: 8.11m
step 00532 (53.20%) | loss: 1.900008 | lrm: 1.00 | dt: 914.98ms | tok/sec: 8,393 | mfu: 2.83 | epoch: 1 | total time: 8.12m
step 00533 (53.30%) | loss: 1.963196 | lrm: 1.00 | dt: 916.45ms | tok/sec: 8,380 | mfu: 2.83 | epoch: 1 | total time: 8.14m
step 00534 (53.40%) | loss: 1.977666 | lrm: 1.00 | dt: 949.25ms | tok/sec: 8,090 | mfu: 2.73 | epoch: 1 | total time: 8.15m
step 00535 (53.50%) | loss: 1.971959 | lrm: 1.00 | dt: 763.63ms | tok/sec: 10,057 | mfu: 3.39 | epoch: 1 | total time: 8.17m
step 00536 (53.60%) | loss: 1.940548 | lrm: 1.00 | dt: 1046.76ms | tok/sec: 7,336 | mfu: 2.48 | epoch: 1 | total time: 8.18m
step 00537 (53.70%) | loss: 1.898328 | lrm: 1.00 | dt: 934.85ms | tok/sec: 8,215 | mfu: 2.77 | epoch: 1 | total time: 8.20m
step 00538 (53.80%) | loss: 1.868899 | lrm: 1.00 | dt: 937.22ms | tok/sec: 8,194 | mfu: 2.77 | epoch: 1 | total time: 8.22m
step 00539 (53.90%) | loss: 1.856866 | lrm: 1.00 | dt: 920.26ms | tok/sec: 8,345 | mfu: 2.82 | epoch: 1 | total time: 8.23m
step 00540 (54.00%) | loss: 1.838190 | lrm: 1.00 | dt: 917.55ms | tok/sec: 8,370 | mfu: 2.82 | epoch: 1 | total time: 8.25m
step 00541 (54.10%) | loss: 1.834269 | lrm: 1.00 | dt: 1026.75ms | tok/sec: 7,479 | mfu: 2.52 | epoch: 1 | total time: 8.26m
step 00542 (54.20%) | loss: 1.831355 | lrm: 1.00 | dt: 918.97ms | tok/sec: 8,357 | mfu: 2.82 | epoch: 1 | total time: 8.28m
step 00543 (54.30%) | loss: 1.808217 | lrm: 1.00 | dt: 913.35ms | tok/sec: 8,408 | mfu: 2.84 | epoch: 1 | total time: 8.29m
step 00544 (54.40%) | loss: 1.786543 | lrm: 1.00 | dt: 911.20ms | tok/sec: 8,428 | mfu: 2.84 | epoch: 1 | total time: 8.31m
step 00545 (54.50%) | loss: 1.810535 | lrm: 1.00 | dt: 910.51ms | tok/sec: 8,434 | mfu: 2.85 | epoch: 1 | total time: 8.32m
step 00546 (54.60%) | loss: 1.830830 | lrm: 1.00 | dt: 1017.53ms | tok/sec: 7,547 | mfu: 2.55 | epoch: 1 | total time: 8.34m
step 00547 (54.70%) | loss: 1.824295 | lrm: 1.00 | dt: 907.12ms | tok/sec: 8,466 | mfu: 2.86 | epoch: 1 | total time: 8.36m
step 00548 (54.80%) | loss: 1.852892 | lrm: 1.00 | dt: 910.51ms | tok/sec: 8,434 | mfu: 2.85 | epoch: 1 | total time: 8.37m
step 00549 (54.90%) | loss: 1.819066 | lrm: 1.00 | dt: 907.66ms | tok/sec: 8,461 | mfu: 2.86 | epoch: 1 | total time: 8.39m
step 00550 (55.00%) | loss: 1.806074 | lrm: 1.00 | dt: 906.29ms | tok/sec: 8,474 | mfu: 2.86 | epoch: 1 | total time: 8.40m
Step 00550 | Validation bpb: 0.6264
2026-03-19 13:23:59,707 - nanochat.checkpoint_manager - [32m[1mINFO[0m - Saved model parameters to: /home/sun0115/.cache/nanochat/chatsft_checkpoints/d24_r32_lora_nextbest_2026-03-19_1310_s1536_gc/best/model_000550.pt
2026-03-19 13:23:59,708 - nanochat.checkpoint_manager - [32m[1mINFO[0m - Saved metadata to: /home/sun0115/.cache/nanochat/chatsft_checkpoints/d24_r32_lora_nextbest_2026-03-19_1310_s1536_gc/best/meta_000550.json
Saved best checkpoint at step 550 (val_bpb=0.6264)
Rotated old best checkpoint: step 000300
step 00551 (55.10%) | loss: 1.739607 | lrm: 1.00 | dt: 1192.67ms | tok/sec: 6,439 | mfu: 2.17 | epoch: 1 | total time: 8.42m
step 00552 (55.20%) | loss: 1.711259 | lrm: 1.00 | dt: 988.98ms | tok/sec: 7,765 | mfu: 2.62 | epoch: 1 | total time: 8.44m
step 00553 (55.30%) | loss: 1.749618 | lrm: 1.00 | dt: 966.69ms | tok/sec: 7,944 | mfu: 2.68 | epoch: 1 | total time: 8.45m
step 00554 (55.40%) | loss: 1.737406 | lrm: 1.00 | dt: 914.18ms | tok/sec: 8,400 | mfu: 2.83 | epoch: 1 | total time: 8.47m
step 00555 (55.50%) | loss: 1.760081 | lrm: 1.00 | dt: 1043.06ms | tok/sec: 7,362 | mfu: 2.48 | epoch: 1 | total time: 8.49m
step 00556 (55.60%) | loss: 1.787381 | lrm: 1.00 | dt: 914.07ms | tok/sec: 8,401 | mfu: 2.84 | epoch: 1 | total time: 8.50m
step 00557 (55.70%) | loss: 1.835255 | lrm: 1.00 | dt: 921.83ms | tok/sec: 8,331 | mfu: 2.81 | epoch: 1 | total time: 8.52m
step 00558 (55.80%) | loss: 1.809798 | lrm: 1.00 | dt: 956.70ms | tok/sec: 8,027 | mfu: 2.71 | epoch: 1 | total time: 8.53m
step 00559 (55.90%) | loss: 1.783695 | lrm: 1.00 | dt: 906.02ms | tok/sec: 8,476 | mfu: 2.86 | epoch: 1 | total time: 8.55m
step 00560 (56.00%) | loss: 1.797873 | lrm: 1.00 | dt: 1017.06ms | tok/sec: 7,551 | mfu: 2.55 | epoch: 1 | total time: 8.57m
step 00561 (56.10%) | loss: 1.782769 | lrm: 1.00 | dt: 905.79ms | tok/sec: 8,478 | mfu: 2.86 | epoch: 1 | total time: 8.58m
step 00562 (56.20%) | loss: 1.788344 | lrm: 1.00 | dt: 910.60ms | tok/sec: 8,433 | mfu: 2.85 | epoch: 1 | total time: 8.60m
step 00563 (56.30%) | loss: 1.803928 | lrm: 1.00 | dt: 908.15ms | tok/sec: 8,456 | mfu: 2.85 | epoch: 1 | total time: 8.61m
step 00564 (56.40%) | loss: 1.826662 | lrm: 1.00 | dt: 903.48ms | tok/sec: 8,500 | mfu: 2.87 | epoch: 1 | total time: 8.63m
step 00565 (56.50%) | loss: 1.821862 | lrm: 1.00 | dt: 1009.50ms | tok/sec: 7,607 | mfu: 2.57 | epoch: 1 | total time: 8.64m
step 00566 (56.60%) | loss: 1.811814 | lrm: 1.00 | dt: 901.76ms | tok/sec: 8,516 | mfu: 2.87 | epoch: 1 | total time: 8.66m
step 00567 (56.70%) | loss: 1.750107 | lrm: 1.00 | dt: 904.50ms | tok/sec: 8,490 | mfu: 2.87 | epoch: 1 | total time: 8.67m
step 00568 (56.80%) | loss: 1.788750 | lrm: 1.00 | dt: 908.22ms | tok/sec: 8,456 | mfu: 2.85 | epoch: 1 | total time: 8.69m
step 00569 (56.90%) | loss: 1.838703 | lrm: 1.00 | dt: 956.63ms | tok/sec: 8,028 | mfu: 2.71 | epoch: 1 | total time: 8.70m
step 00570 (57.00%) | loss: 1.851556 | lrm: 1.00 | dt: 1055.05ms | tok/sec: 7,279 | mfu: 2.46 | epoch: 1 | total time: 8.72m
step 00571 (57.10%) | loss: 1.833274 | lrm: 1.00 | dt: 954.30ms | tok/sec: 8,047 | mfu: 2.72 | epoch: 1 | total time: 8.74m
step 00572 (57.20%) | loss: 1.840793 | lrm: 1.00 | dt: 958.37ms | tok/sec: 8,013 | mfu: 2.70 | epoch: 1 | total time: 8.75m
step 00573 (57.30%) | loss: 1.794625 | lrm: 1.00 | dt: 935.68ms | tok/sec: 8,207 | mfu: 2.77 | epoch: 1 | total time: 8.77m
step 00574 (57.40%) | loss: 1.816261 | lrm: 1.00 | dt: 961.07ms | tok/sec: 7,991 | mfu: 2.70 | epoch: 1 | total time: 8.78m
step 00575 (57.50%) | loss: 1.835629 | lrm: 1.00 | dt: 1044.02ms | tok/sec: 7,356 | mfu: 2.48 | epoch: 1 | total time: 8.80m
step 00576 (57.60%) | loss: 1.820229 | lrm: 1.00 | dt: 923.69ms | tok/sec: 8,314 | mfu: 2.81 | epoch: 1 | total time: 8.82m
step 00577 (57.70%) | loss: 1.865685 | lrm: 1.00 | dt: 942.30ms | tok/sec: 8,150 | mfu: 2.75 | epoch: 1 | total time: 8.83m
step 00578 (57.80%) | loss: 1.901217 | lrm: 1.00 | dt: 932.76ms | tok/sec: 8,233 | mfu: 2.78 | epoch: 1 | total time: 8.85m
step 00579 (57.90%) | loss: 1.889499 | lrm: 1.00 | dt: 941.60ms | tok/sec: 8,156 | mfu: 2.75 | epoch: 1 | total time: 8.86m
step 00580 (58.00%) | loss: 1.872126 | lrm: 1.00 | dt: 1042.44ms | tok/sec: 7,367 | mfu: 2.49 | epoch: 1 | total time: 8.88m
step 00581 (58.10%) | loss: 1.869632 | lrm: 1.00 | dt: 929.68ms | tok/sec: 8,260 | mfu: 2.79 | epoch: 1 | total time: 8.90m
step 00582 (58.20%) | loss: 1.938562 | lrm: 1.00 | dt: 925.36ms | tok/sec: 8,299 | mfu: 2.80 | epoch: 1 | total time: 8.91m
step 00583 (58.30%) | loss: 1.918309 | lrm: 1.00 | dt: 927.67ms | tok/sec: 8,278 | mfu: 2.79 | epoch: 1 | total time: 8.93m
step 00584 (58.40%) | loss: 1.936936 | lrm: 1.00 | dt: 923.94ms | tok/sec: 8,312 | mfu: 2.80 | epoch: 1 | total time: 8.94m
step 00585 (58.50%) | loss: 1.975733 | lrm: 1.00 | dt: 1038.96ms | tok/sec: 7,391 | mfu: 2.49 | epoch: 1 | total time: 8.96m
step 00586 (58.60%) | loss: 2.002242 | lrm: 1.00 | dt: 919.48ms | tok/sec: 8,352 | mfu: 2.82 | epoch: 1 | total time: 8.98m
step 00587 (58.70%) | loss: 1.999967 | lrm: 1.00 | dt: 916.04ms | tok/sec: 8,383 | mfu: 2.83 | epoch: 1 | total time: 8.99m
step 00588 (58.80%) | loss: 2.024266 | lrm: 1.00 | dt: 919.54ms | tok/sec: 8,351 | mfu: 2.82 | epoch: 1 | total time: 9.01m
step 00589 (58.90%) | loss: 2.044062 | lrm: 1.00 | dt: 913.98ms | tok/sec: 8,402 | mfu: 2.84 | epoch: 1 | total time: 9.02m
step 00590 (59.00%) | loss: 2.069211 | lrm: 1.00 | dt: 1027.73ms | tok/sec: 7,472 | mfu: 2.52 | epoch: 1 | total time: 9.04m
step 00591 (59.10%) | loss: 2.009168 | lrm: 1.00 | dt: 915.59ms | tok/sec: 8,388 | mfu: 2.83 | epoch: 1 | total time: 9.05m
step 00592 (59.20%) | loss: 1.932043 | lrm: 1.00 | dt: 913.68ms | tok/sec: 8,405 | mfu: 2.84 | epoch: 1 | total time: 9.07m
step 00593 (59.30%) | loss: 1.941480 | lrm: 1.00 | dt: 911.45ms | tok/sec: 8,426 | mfu: 2.84 | epoch: 1 | total time: 9.09m
step 00594 (59.40%) | loss: 1.943099 | lrm: 1.00 | dt: 916.53ms | tok/sec: 8,379 | mfu: 2.83 | epoch: 1 | total time: 9.10m
step 00595 (59.50%) | loss: 1.928457 | lrm: 1.00 | dt: 1029.45ms | tok/sec: 7,460 | mfu: 2.52 | epoch: 1 | total time: 9.12m
step 00596 (59.60%) | loss: 2.022315 | lrm: 1.00 | dt: 912.76ms | tok/sec: 8,414 | mfu: 2.84 | epoch: 1 | total time: 9.13m
step 00597 (59.70%) | loss: 1.982288 | lrm: 1.00 | dt: 914.24ms | tok/sec: 8,400 | mfu: 2.83 | epoch: 1 | total time: 9.15m
step 00598 (59.80%) | loss: 1.982993 | lrm: 1.00 | dt: 908.42ms | tok/sec: 8,454 | mfu: 2.85 | epoch: 1 | total time: 9.16m
step 00599 (59.90%) | loss: 2.003947 | lrm: 1.00 | dt: 911.89ms | tok/sec: 8,422 | mfu: 2.84 | epoch: 1 | total time: 9.18m
step 00600 (60.00%) | loss: 2.127854 | lrm: 1.00 | dt: 1019.82ms | tok/sec: 7,530 | mfu: 2.54 | epoch: 1 | total time: 9.20m
Step 00600 | Validation bpb: 0.6240
2026-03-19 13:25:09,994 - nanochat.checkpoint_manager - [32m[1mINFO[0m - Saved model parameters to: /home/sun0115/.cache/nanochat/chatsft_checkpoints/d24_r32_lora_nextbest_2026-03-19_1310_s1536_gc/best/model_000600.pt
2026-03-19 13:25:09,995 - nanochat.checkpoint_manager - [32m[1mINFO[0m - Saved metadata to: /home/sun0115/.cache/nanochat/chatsft_checkpoints/d24_r32_lora_nextbest_2026-03-19_1310_s1536_gc/best/meta_000600.json
Saved best checkpoint at step 600 (val_bpb=0.6240)
Rotated old best checkpoint: step 000350
step 00601 (60.10%) | loss: 2.101025 | lrm: 1.00 | dt: 1102.83ms | tok/sec: 6,963 | mfu: 2.35 | epoch: 1 | total time: 9.21m
step 00602 (60.20%) | loss: 2.071874 | lrm: 1.00 | dt: 906.59ms | tok/sec: 8,471 | mfu: 2.86 | epoch: 1 | total time: 9.23m
step 00603 (60.30%) | loss: 2.037167 | lrm: 1.00 | dt: 904.99ms | tok/sec: 8,486 | mfu: 2.86 | epoch: 1 | total time: 9.24m
step 00604 (60.40%) | loss: 2.028808 | lrm: 1.00 | dt: 904.91ms | tok/sec: 8,486 | mfu: 2.86 | epoch: 1 | total time: 9.26m
step 00605 (60.50%) | loss: 2.028383 | lrm: 1.00 | dt: 1019.21ms | tok/sec: 7,535 | mfu: 2.54 | epoch: 1 | total time: 9.28m
step 00606 (60.60%) | loss: 2.016055 | lrm: 1.00 | dt: 907.20ms | tok/sec: 8,465 | mfu: 2.86 | epoch: 1 | total time: 9.29m
step 00607 (60.70%) | loss: 1.981650 | lrm: 1.00 | dt: 730.01ms | tok/sec: 10,520 | mfu: 3.55 | epoch: 1 | total time: 9.30m
step 00608 (60.80%) | loss: 1.945634 | lrm: 1.00 | dt: 905.31ms | tok/sec: 8,483 | mfu: 2.86 | epoch: 1 | total time: 9.32m
step 00609 (60.90%) | loss: 1.964759 | lrm: 1.00 | dt: 926.99ms | tok/sec: 8,284 | mfu: 2.80 | epoch: 1 | total time: 9.33m
step 00610 (61.00%) | loss: 1.919698 | lrm: 1.00 | dt: 1047.05ms | tok/sec: 7,334 | mfu: 2.48 | epoch: 1 | total time: 9.35m
step 00611 (61.10%) | loss: 1.928135 | lrm: 1.00 | dt: 903.90ms | tok/sec: 8,496 | mfu: 2.87 | epoch: 1 | total time: 9.37m
step 00612 (61.20%) | loss: 1.892310 | lrm: 1.00 | dt: 902.00ms | tok/sec: 8,514 | mfu: 2.87 | epoch: 1 | total time: 9.38m
step 00613 (61.30%) | loss: 1.877565 | lrm: 1.00 | dt: 902.57ms | tok/sec: 8,509 | mfu: 2.87 | epoch: 1 | total time: 9.40m
step 00614 (61.40%) | loss: 1.871434 | lrm: 1.00 | dt: 903.55ms | tok/sec: 8,499 | mfu: 2.87 | epoch: 1 | total time: 9.41m
step 00615 (61.50%) | loss: 1.896995 | lrm: 1.00 | dt: 1012.17ms | tok/sec: 7,587 | mfu: 2.56 | epoch: 1 | total time: 9.43m
step 00616 (61.60%) | loss: 1.902443 | lrm: 1.00 | dt: 904.36ms | tok/sec: 8,492 | mfu: 2.87 | epoch: 1 | total time: 9.44m
step 00617 (61.70%) | loss: 1.878657 | lrm: 1.00 | dt: 907.02ms | tok/sec: 8,467 | mfu: 2.86 | epoch: 1 | total time: 9.46m
step 00618 (61.80%) | loss: 1.871913 | lrm: 1.00 | dt: 907.86ms | tok/sec: 8,459 | mfu: 2.85 | epoch: 1 | total time: 9.47m
step 00619 (61.90%) | loss: 1.873935 | lrm: 1.00 | dt: 906.14ms | tok/sec: 8,475 | mfu: 2.86 | epoch: 1 | total time: 9.49m
step 00620 (62.00%) | loss: 1.875131 | lrm: 1.00 | dt: 1023.83ms | tok/sec: 7,501 | mfu: 2.53 | epoch: 1 | total time: 9.51m
step 00621 (62.10%) | loss: 1.833644 | lrm: 1.00 | dt: 908.16ms | tok/sec: 8,456 | mfu: 2.85 | epoch: 1 | total time: 9.52m
step 00622 (62.20%) | loss: 1.834830 | lrm: 1.00 | dt: 925.74ms | tok/sec: 8,296 | mfu: 2.80 | epoch: 1 | total time: 9.54m
step 00623 (62.30%) | loss: 1.818042 | lrm: 1.00 | dt: 937.95ms | tok/sec: 8,188 | mfu: 2.76 | epoch: 1 | total time: 9.55m
step 00624 (62.40%) | loss: 1.847264 | lrm: 1.00 | dt: 933.89ms | tok/sec: 8,223 | mfu: 2.77 | epoch: 1 | total time: 9.57m
step 00625 (62.50%) | loss: 1.829494 | lrm: 1.00 | dt: 1039.26ms | tok/sec: 7,389 | mfu: 2.49 | epoch: 1 | total time: 9.58m
step 00626 (62.60%) | loss: 1.845320 | lrm: 1.00 | dt: 927.54ms | tok/sec: 8,279 | mfu: 2.79 | epoch: 1 | total time: 9.60m
step 00627 (62.70%) | loss: 1.913576 | lrm: 1.00 | dt: 928.17ms | tok/sec: 8,274 | mfu: 2.79 | epoch: 1 | total time: 9.62m
step 00628 (62.80%) | loss: 1.910792 | lrm: 1.00 | dt: 923.60ms | tok/sec: 8,315 | mfu: 2.81 | epoch: 1 | total time: 9.63m
step 00629 (62.90%) | loss: 1.905193 | lrm: 1.00 | dt: 925.06ms | tok/sec: 8,302 | mfu: 2.80 | epoch: 1 | total time: 9.65m
step 00630 (63.00%) | loss: 1.893240 | lrm: 1.00 | dt: 1038.21ms | tok/sec: 7,397 | mfu: 2.50 | epoch: 1 | total time: 9.66m
step 00631 (63.10%) | loss: 1.858588 | lrm: 1.00 | dt: 918.34ms | tok/sec: 8,362 | mfu: 2.82 | epoch: 1 | total time: 9.68m
step 00632 (63.20%) | loss: 1.907422 | lrm: 1.00 | dt: 911.88ms | tok/sec: 8,422 | mfu: 2.84 | epoch: 1 | total time: 9.69m
step 00633 (63.30%) | loss: 1.940411 | lrm: 1.00 | dt: 733.87ms | tok/sec: 10,465 | mfu: 3.53 | epoch: 1 | total time: 9.71m
step 00634 (63.40%) | loss: 1.896125 | lrm: 1.00 | dt: 913.86ms | tok/sec: 8,403 | mfu: 2.84 | epoch: 1 | total time: 9.72m
step 00635 (63.50%) | loss: 1.895317 | lrm: 1.00 | dt: 913.69ms | tok/sec: 8,405 | mfu: 2.84 | epoch: 1 | total time: 9.74m
step 00636 (63.60%) | loss: 1.969966 | lrm: 1.00 | dt: 840.29ms | tok/sec: 9,139 | mfu: 3.08 | epoch: 1 | total time: 9.75m
step 00637 (63.70%) | loss: 1.992107 | lrm: 1.00 | dt: 909.75ms | tok/sec: 8,441 | mfu: 2.85 | epoch: 1 | total time: 9.77m
step 00638 (63.80%) | loss: 1.965918 | lrm: 1.00 | dt: 907.47ms | tok/sec: 8,463 | mfu: 2.86 | epoch: 1 | total time: 9.78m
step 00639 (63.90%) | loss: 1.955401 | lrm: 1.00 | dt: 912.96ms | tok/sec: 8,412 | mfu: 2.84 | epoch: 1 | total time: 9.80m
step 00640 (64.00%) | loss: 1.927919 | lrm: 1.00 | dt: 908.86ms | tok/sec: 8,450 | mfu: 2.85 | epoch: 1 | total time: 9.81m
step 00641 (64.10%) | loss: 1.898245 | lrm: 1.00 | dt: 1009.79ms | tok/sec: 7,605 | mfu: 2.57 | epoch: 1 | total time: 9.83m
step 00642 (64.20%) | loss: 1.935565 | lrm: 1.00 | dt: 904.75ms | tok/sec: 8,488 | mfu: 2.86 | epoch: 1 | total time: 9.84m
step 00643 (64.30%) | loss: 1.896667 | lrm: 1.00 | dt: 907.96ms | tok/sec: 8,458 | mfu: 2.85 | epoch: 1 | total time: 9.86m
step 00644 (64.40%) | loss: 1.901973 | lrm: 1.00 | dt: 907.21ms | tok/sec: 8,465 | mfu: 2.86 | epoch: 1 | total time: 9.87m
step 00645 (64.50%) | loss: 1.877399 | lrm: 1.00 | dt: 905.37ms | tok/sec: 8,482 | mfu: 2.86 | epoch: 1 | total time: 9.89m
step 00646 (64.60%) | loss: 1.858232 | lrm: 1.00 | dt: 1020.51ms | tok/sec: 7,525 | mfu: 2.54 | epoch: 1 | total time: 9.91m
step 00647 (64.70%) | loss: 1.838969 | lrm: 1.00 | dt: 902.88ms | tok/sec: 8,506 | mfu: 2.87 | epoch: 1 | total time: 9.92m
step 00648 (64.80%) | loss: 1.908851 | lrm: 1.00 | dt: 904.18ms | tok/sec: 8,493 | mfu: 2.87 | epoch: 1 | total time: 9.94m
step 00649 (64.90%) | loss: 1.883034 | lrm: 1.00 | dt: 908.36ms | tok/sec: 8,454 | mfu: 2.85 | epoch: 1 | total time: 9.95m
step 00650 (65.00%) | loss: 1.870870 | lrm: 1.00 | dt: 956.88ms | tok/sec: 8,026 | mfu: 2.71 | epoch: 1 | total time: 9.97m
Step 00650 | Validation bpb: 0.6227
2026-03-19 13:26:19,136 - nanochat.checkpoint_manager - [32m[1mINFO[0m - Saved model parameters to: /home/sun0115/.cache/nanochat/chatsft_checkpoints/d24_r32_lora_nextbest_2026-03-19_1310_s1536_gc/best/model_000650.pt
2026-03-19 13:26:19,136 - nanochat.checkpoint_manager - [32m[1mINFO[0m - Saved metadata to: /home/sun0115/.cache/nanochat/chatsft_checkpoints/d24_r32_lora_nextbest_2026-03-19_1310_s1536_gc/best/meta_000650.json
Saved best checkpoint at step 650 (val_bpb=0.6227)
Rotated old best checkpoint: step 000400
step 00651 (65.10%) | loss: 1.867161 | lrm: 1.00 | dt: 1119.67ms | tok/sec: 6,859 | mfu: 2.31 | epoch: 1 | total time: 9.99m
step 00652 (65.20%) | loss: 1.894602 | lrm: 1.00 | dt: 909.35ms | tok/sec: 8,445 | mfu: 2.85 | epoch: 1 | total time: 10.00m
step 00653 (65.30%) | loss: 1.925565 | lrm: 1.00 | dt: 918.07ms | tok/sec: 8,365 | mfu: 2.82 | epoch: 1 | total time: 10.02m
step 00654 (65.40%) | loss: 1.894034 | lrm: 1.00 | dt: 920.27ms | tok/sec: 8,345 | mfu: 2.82 | epoch: 1 | total time: 10.03m
step 00655 (65.50%) | loss: 1.866002 | lrm: 1.00 | dt: 1047.77ms | tok/sec: 7,329 | mfu: 2.47 | epoch: 1 | total time: 10.05m
step 00656 (65.60%) | loss: 1.846024 | lrm: 1.00 | dt: 762.51ms | tok/sec: 10,072 | mfu: 3.40 | epoch: 1 | total time: 10.06m
step 00657 (65.70%) | loss: 1.774417 | lrm: 1.00 | dt: 933.56ms | tok/sec: 8,226 | mfu: 2.78 | epoch: 1 | total time: 10.08m
step 00658 (65.80%) | loss: 1.779921 | lrm: 1.00 | dt: 907.17ms | tok/sec: 8,465 | mfu: 2.86 | epoch: 1 | total time: 10.09m
step 00659 (65.90%) | loss: 1.788825 | lrm: 1.00 | dt: 904.21ms | tok/sec: 8,493 | mfu: 2.87 | epoch: 1 | total time: 10.11m
step 00660 (66.00%) | loss: 1.842131 | lrm: 1.00 | dt: 1017.54ms | tok/sec: 7,547 | mfu: 2.55 | epoch: 1 | total time: 10.12m
step 00661 (66.10%) | loss: 1.911120 | lrm: 1.00 | dt: 903.49ms | tok/sec: 8,500 | mfu: 2.87 | epoch: 1 | total time: 10.14m
step 00662 (66.20%) | loss: 1.920758 | lrm: 1.00 | dt: 905.45ms | tok/sec: 8,481 | mfu: 2.86 | epoch: 1 | total time: 10.15m
step 00663 (66.30%) | loss: 1.916856 | lrm: 1.00 | dt: 725.31ms | tok/sec: 10,588 | mfu: 3.57 | epoch: 1 | total time: 10.17m
step 00664 (66.40%) | loss: 1.961435 | lrm: 1.00 | dt: 906.98ms | tok/sec: 8,467 | mfu: 2.86 | epoch: 1 | total time: 10.18m
step 00665 (66.50%) | loss: 1.932338 | lrm: 1.00 | dt: 906.89ms | tok/sec: 8,468 | mfu: 2.86 | epoch: 1 | total time: 10.20m
step 00666 (66.60%) | loss: 1.918450 | lrm: 1.00 | dt: 1023.57ms | tok/sec: 7,503 | mfu: 2.53 | epoch: 1 | total time: 10.21m
step 00667 (66.70%) | loss: 1.911404 | lrm: 1.00 | dt: 905.66ms | tok/sec: 8,479 | mfu: 2.86 | epoch: 1 | total time: 10.23m
step 00668 (66.80%) | loss: 1.917740 | lrm: 1.00 | dt: 938.06ms | tok/sec: 8,187 | mfu: 2.76 | epoch: 1 | total time: 10.24m
step 00669 (66.90%) | loss: 1.924296 | lrm: 1.00 | dt: 932.81ms | tok/sec: 8,233 | mfu: 2.78 | epoch: 1 | total time: 10.26m
step 00670 (67.00%) | loss: 1.884436 | lrm: 1.00 | dt: 935.90ms | tok/sec: 8,205 | mfu: 2.77 | epoch: 1 | total time: 10.28m
step 00671 (67.10%) | loss: 1.879031 | lrm: 1.00 | dt: 1044.95ms | tok/sec: 7,349 | mfu: 2.48 | epoch: 1 | total time: 10.29m
step 00672 (67.20%) | loss: 1.886627 | lrm: 1.00 | dt: 924.94ms | tok/sec: 8,303 | mfu: 2.80 | epoch: 1 | total time: 10.31m
step 00673 (67.30%) | loss: 1.879130 | lrm: 1.00 | dt: 922.65ms | tok/sec: 8,323 | mfu: 2.81 | epoch: 1 | total time: 10.32m
step 00674 (67.40%) | loss: 1.884358 | lrm: 1.00 | dt: 918.42ms | tok/sec: 8,362 | mfu: 2.82 | epoch: 1 | total time: 10.34m
step 00675 (67.50%) | loss: 1.842880 | lrm: 1.00 | dt: 920.04ms | tok/sec: 8,347 | mfu: 2.82 | epoch: 1 | total time: 10.35m
step 00676 (67.60%) | loss: 1.841981 | lrm: 1.00 | dt: 1020.66ms | tok/sec: 7,524 | mfu: 2.54 | epoch: 1 | total time: 10.37m
step 00677 (67.70%) | loss: 1.793680 | lrm: 1.00 | dt: 913.00ms | tok/sec: 8,411 | mfu: 2.84 | epoch: 1 | total time: 10.39m
step 00678 (67.80%) | loss: 1.798617 | lrm: 1.00 | dt: 737.70ms | tok/sec: 10,410 | mfu: 3.51 | epoch: 1 | total time: 10.40m
step 00679 (67.90%) | loss: 1.848577 | lrm: 1.00 | dt: 912.67ms | tok/sec: 8,414 | mfu: 2.84 | epoch: 1 | total time: 10.41m
step 00680 (68.00%) | loss: 1.834040 | lrm: 1.00 | dt: 912.26ms | tok/sec: 8,418 | mfu: 2.84 | epoch: 1 | total time: 10.43m
step 00681 (68.10%) | loss: 1.797628 | lrm: 1.00 | dt: 1017.96ms | tok/sec: 7,544 | mfu: 2.55 | epoch: 1 | total time: 10.45m
step 00682 (68.20%) | loss: 1.808886 | lrm: 1.00 | dt: 910.77ms | tok/sec: 8,432 | mfu: 2.85 | epoch: 1 | total time: 10.46m
step 00683 (68.30%) | loss: 1.832226 | lrm: 1.00 | dt: 908.01ms | tok/sec: 8,458 | mfu: 2.85 | epoch: 1 | total time: 10.48m
step 00684 (68.40%) | loss: 1.836834 | lrm: 1.00 | dt: 912.08ms | tok/sec: 8,420 | mfu: 2.84 | epoch: 1 | total time: 10.49m
step 00685 (68.50%) | loss: 1.869848 | lrm: 1.00 | dt: 905.90ms | tok/sec: 8,477 | mfu: 2.86 | epoch: 1 | total time: 10.51m
step 00686 (68.60%) | loss: 1.885715 | lrm: 1.00 | dt: 1012.78ms | tok/sec: 7,583 | mfu: 2.56 | epoch: 1 | total time: 10.52m
step 00687 (68.70%) | loss: 1.780546 | lrm: 1.00 | dt: 906.00ms | tok/sec: 8,476 | mfu: 2.86 | epoch: 1 | total time: 10.54m
step 00688 (68.80%) | loss: 1.772139 | lrm: 1.00 | dt: 904.25ms | tok/sec: 8,493 | mfu: 2.87 | epoch: 1 | total time: 10.55m
step 00689 (68.90%) | loss: 1.744472 | lrm: 1.00 | dt: 902.93ms | tok/sec: 8,505 | mfu: 2.87 | epoch: 1 | total time: 10.57m
step 00690 (69.00%) | loss: 1.730883 | lrm: 1.00 | dt: 905.71ms | tok/sec: 8,479 | mfu: 2.86 | epoch: 1 | total time: 10.58m
step 00691 (69.10%) | loss: 1.792329 | lrm: 1.00 | dt: 1015.44ms | tok/sec: 7,563 | mfu: 2.55 | epoch: 1 | total time: 10.60m
step 00692 (69.20%) | loss: 1.799637 | lrm: 1.00 | dt: 908.97ms | tok/sec: 8,449 | mfu: 2.85 | epoch: 1 | total time: 10.62m
step 00693 (69.30%) | loss: 1.818644 | lrm: 1.00 | dt: 904.08ms | tok/sec: 8,494 | mfu: 2.87 | epoch: 1 | total time: 10.63m
step 00694 (69.40%) | loss: 1.892875 | lrm: 1.00 | dt: 905.39ms | tok/sec: 8,482 | mfu: 2.86 | epoch: 1 | total time: 10.65m
step 00695 (69.50%) | loss: 1.824352 | lrm: 1.00 | dt: 903.15ms | tok/sec: 8,503 | mfu: 2.87 | epoch: 1 | total time: 10.66m
step 00696 (69.60%) | loss: 1.852403 | lrm: 1.00 | dt: 1015.41ms | tok/sec: 7,563 | mfu: 2.55 | epoch: 1 | total time: 10.68m
step 00697 (69.70%) | loss: 1.813503 | lrm: 1.00 | dt: 908.08ms | tok/sec: 8,457 | mfu: 2.85 | epoch: 1 | total time: 10.69m
step 00698 (69.80%) | loss: 1.791944 | lrm: 1.00 | dt: 905.63ms | tok/sec: 8,480 | mfu: 2.86 | epoch: 1 | total time: 10.71m
step 00699 (69.90%) | loss: 1.852957 | lrm: 1.00 | dt: 902.83ms | tok/sec: 8,506 | mfu: 2.87 | epoch: 1 | total time: 10.72m
step 00700 (70.00%) | loss: 1.874122 | lrm: 1.00 | dt: 902.13ms | tok/sec: 8,513 | mfu: 2.87 | epoch: 1 | total time: 10.74m
Step 00700 | Validation bpb: 0.6207
2026-03-19 13:27:28,306 - nanochat.checkpoint_manager - [32m[1mINFO[0m - Saved model parameters to: /home/sun0115/.cache/nanochat/chatsft_checkpoints/d24_r32_lora_nextbest_2026-03-19_1310_s1536_gc/best/model_000700.pt
2026-03-19 13:27:28,307 - nanochat.checkpoint_manager - [32m[1mINFO[0m - Saved metadata to: /home/sun0115/.cache/nanochat/chatsft_checkpoints/d24_r32_lora_nextbest_2026-03-19_1310_s1536_gc/best/meta_000700.json
Saved best checkpoint at step 700 (val_bpb=0.6207)
Rotated old best checkpoint: step 000450
step 00701 (70.10%) | loss: 1.863537 | lrm: 1.00 | dt: 1083.14ms | tok/sec: 7,090 | mfu: 2.39 | epoch: 1 | total time: 10.76m
step 00702 (70.20%) | loss: 1.836424 | lrm: 0.99 | dt: 906.15ms | tok/sec: 8,475 | mfu: 2.86 | epoch: 1 | total time: 10.77m
step 00703 (70.30%) | loss: 1.866920 | lrm: 0.99 | dt: 911.08ms | tok/sec: 8,429 | mfu: 2.84 | epoch: 1 | total time: 10.79m
step 00704 (70.40%) | loss: 1.860185 | lrm: 0.99 | dt: 906.55ms | tok/sec: 8,471 | mfu: 2.86 | epoch: 1 | total time: 10.80m
step 00705 (70.50%) | loss: 1.890241 | lrm: 0.98 | dt: 1050.29ms | tok/sec: 7,312 | mfu: 2.47 | epoch: 1 | total time: 10.82m
step 00706 (70.60%) | loss: 1.901729 | lrm: 0.98 | dt: 919.98ms | tok/sec: 8,347 | mfu: 2.82 | epoch: 1 | total time: 10.84m
step 00707 (70.70%) | loss: 1.929298 | lrm: 0.98 | dt: 904.42ms | tok/sec: 8,491 | mfu: 2.87 | epoch: 1 | total time: 10.85m
step 00708 (70.80%) | loss: 2.009786 | lrm: 0.97 | dt: 905.47ms | tok/sec: 8,481 | mfu: 2.86 | epoch: 1 | total time: 10.87m
step 00709 (70.90%) | loss: 2.049056 | lrm: 0.97 | dt: 906.92ms | tok/sec: 8,468 | mfu: 2.86 | epoch: 1 | total time: 10.88m
step 00710 (71.00%) | loss: 2.074963 | lrm: 0.97 | dt: 1021.17ms | tok/sec: 7,520 | mfu: 2.54 | epoch: 1 | total time: 10.90m
step 00711 (71.10%) | loss: 2.090174 | lrm: 0.96 | dt: 908.64ms | tok/sec: 8,452 | mfu: 2.85 | epoch: 1 | total time: 10.91m
step 00712 (71.20%) | loss: 2.046713 | lrm: 0.96 | dt: 940.81ms | tok/sec: 8,163 | mfu: 2.75 | epoch: 1 | total time: 10.93m
step 00713 (71.30%) | loss: 2.031564 | lrm: 0.96 | dt: 937.58ms | tok/sec: 8,191 | mfu: 2.76 | epoch: 1 | total time: 10.94m
step 00714 (71.40%) | loss: 1.969865 | lrm: 0.95 | dt: 931.55ms | tok/sec: 8,244 | mfu: 2.78 | epoch: 1 | total time: 10.96m
step 00715 (71.50%) | loss: 1.968497 | lrm: 0.95 | dt: 1040.94ms | tok/sec: 7,377 | mfu: 2.49 | epoch: 1 | total time: 10.98m
step 00716 (71.60%) | loss: 1.915371 | lrm: 0.95 | dt: 929.28ms | tok/sec: 8,264 | mfu: 2.79 | epoch: 1 | total time: 10.99m
step 00717 (71.70%) | loss: 1.883982 | lrm: 0.94 | dt: 929.99ms | tok/sec: 8,258 | mfu: 2.79 | epoch: 1 | total time: 11.01m
step 00718 (71.80%) | loss: 1.958972 | lrm: 0.94 | dt: 919.84ms | tok/sec: 8,349 | mfu: 2.82 | epoch: 1 | total time: 11.02m
step 00719 (71.90%) | loss: 1.930118 | lrm: 0.94 | dt: 919.32ms | tok/sec: 8,353 | mfu: 2.82 | epoch: 1 | total time: 11.04m
step 00720 (72.00%) | loss: 1.927668 | lrm: 0.93 | dt: 862.57ms | tok/sec: 8,903 | mfu: 3.00 | epoch: 1 | total time: 11.05m
step 00721 (72.10%) | loss: 1.911933 | lrm: 0.93 | dt: 916.25ms | tok/sec: 8,381 | mfu: 2.83 | epoch: 1 | total time: 11.07m
step 00722 (72.20%) | loss: 1.922121 | lrm: 0.93 | dt: 917.88ms | tok/sec: 8,367 | mfu: 2.82 | epoch: 1 | total time: 11.08m
step 00723 (72.30%) | loss: 1.941317 | lrm: 0.92 | dt: 916.56ms | tok/sec: 8,379 | mfu: 2.83 | epoch: 1 | total time: 11.10m
step 00724 (72.40%) | loss: 1.892267 | lrm: 0.92 | dt: 918.20ms | tok/sec: 8,364 | mfu: 2.82 | epoch: 1 | total time: 11.11m
step 00725 (72.50%) | loss: 1.860001 | lrm: 0.92 | dt: 1023.31ms | tok/sec: 7,505 | mfu: 2.53 | epoch: 1 | total time: 11.13m
step 00726 (72.60%) | loss: 1.838439 | lrm: 0.91 | dt: 912.78ms | tok/sec: 8,413 | mfu: 2.84 | epoch: 1 | total time: 11.15m
step 00727 (72.70%) | loss: 1.820867 | lrm: 0.91 | dt: 910.27ms | tok/sec: 8,437 | mfu: 2.85 | epoch: 1 | total time: 11.16m
step 00728 (72.80%) | loss: 1.759862 | lrm: 0.91 | dt: 908.61ms | tok/sec: 8,452 | mfu: 2.85 | epoch: 1 | total time: 11.18m
step 00729 (72.90%) | loss: 1.754890 | lrm: 0.90 | dt: 916.88ms | tok/sec: 8,376 | mfu: 2.83 | epoch: 1 | total time: 11.19m
step 00730 (73.00%) | loss: 1.758496 | lrm: 0.90 | dt: 1137.95ms | tok/sec: 6,748 | mfu: 2.28 | epoch: 1 | total time: 11.21m
step 00731 (73.10%) | loss: 1.777994 | lrm: 0.90 | dt: 970.95ms | tok/sec: 7,909 | mfu: 2.67 | epoch: 1 | total time: 11.23m
step 00732 (73.20%) | loss: 1.784756 | lrm: 0.89 | dt: 1001.46ms | tok/sec: 7,668 | mfu: 2.59 | epoch: 1 | total time: 11.24m
step 00733 (73.30%) | loss: 1.875874 | lrm: 0.89 | dt: 1014.00ms | tok/sec: 7,573 | mfu: 2.56 | epoch: 1 | total time: 11.26m
step 00734 (73.40%) | loss: 1.895401 | lrm: 0.89 | dt: 1008.01ms | tok/sec: 7,618 | mfu: 2.57 | epoch: 1 | total time: 11.28m
step 00735 (73.50%) | loss: 1.902470 | lrm: 0.88 | dt: 1108.69ms | tok/sec: 6,927 | mfu: 2.34 | epoch: 1 | total time: 11.30m
step 00736 (73.60%) | loss: 1.879166 | lrm: 0.88 | dt: 971.34ms | tok/sec: 7,906 | mfu: 2.67 | epoch: 1 | total time: 11.31m
step 00737 (73.70%) | loss: 1.923446 | lrm: 0.88 | dt: 987.22ms | tok/sec: 7,779 | mfu: 2.63 | epoch: 1 | total time: 11.33m
step 00738 (73.80%) | loss: 1.892625 | lrm: 0.87 | dt: 969.89ms | tok/sec: 7,918 | mfu: 2.67 | epoch: 1 | total time: 11.34m
step 00739 (73.90%) | loss: 1.885213 | lrm: 0.87 | dt: 975.02ms | tok/sec: 7,876 | mfu: 2.66 | epoch: 1 | total time: 11.36m
step 00740 (74.00%) | loss: 1.889526 | lrm: 0.87 | dt: 816.45ms | tok/sec: 9,406 | mfu: 3.17 | epoch: 1 | total time: 11.37m
step 00741 (74.10%) | loss: 1.836979 | lrm: 0.86 | dt: 1128.60ms | tok/sec: 6,804 | mfu: 2.30 | epoch: 1 | total time: 11.39m
step 00742 (74.20%) | loss: 1.809603 | lrm: 0.86 | dt: 960.22ms | tok/sec: 7,998 | mfu: 2.70 | epoch: 1 | total time: 11.41m
step 00743 (74.30%) | loss: 1.874209 | lrm: 0.86 | dt: 954.21ms | tok/sec: 8,048 | mfu: 2.72 | epoch: 1 | total time: 11.43m
step 00744 (74.40%) | loss: 1.844498 | lrm: 0.85 | dt: 977.26ms | tok/sec: 7,858 | mfu: 2.65 | epoch: 1 | total time: 11.44m
step 00745 (74.50%) | loss: 1.835488 | lrm: 0.85 | dt: 989.50ms | tok/sec: 7,761 | mfu: 2.62 | epoch: 1 | total time: 11.46m
step 00746 (74.60%) | loss: 1.820066 | lrm: 0.85 | dt: 1108.19ms | tok/sec: 6,930 | mfu: 2.34 | epoch: 1 | total time: 11.48m
step 00747 (74.70%) | loss: 1.815584 | lrm: 0.84 | dt: 835.17ms | tok/sec: 9,195 | mfu: 3.10 | epoch: 1 | total time: 11.49m
step 00748 (74.80%) | loss: 1.819994 | lrm: 0.84 | dt: 1026.05ms | tok/sec: 7,485 | mfu: 2.53 | epoch: 1 | total time: 11.51m
step 00749 (74.90%) | loss: 1.812435 | lrm: 0.84 | dt: 1005.94ms | tok/sec: 7,634 | mfu: 2.58 | epoch: 1 | total time: 11.52m
step 00750 (75.00%) | loss: 1.827838 | lrm: 0.83 | dt: 988.51ms | tok/sec: 7,769 | mfu: 2.62 | epoch: 1 | total time: 11.54m
Step 00750 | Validation bpb: 0.6189
2026-03-19 13:28:39,182 - nanochat.checkpoint_manager - [32m[1mINFO[0m - Saved model parameters to: /home/sun0115/.cache/nanochat/chatsft_checkpoints/d24_r32_lora_nextbest_2026-03-19_1310_s1536_gc/best/model_000750.pt
2026-03-19 13:28:39,183 - nanochat.checkpoint_manager - [32m[1mINFO[0m - Saved metadata to: /home/sun0115/.cache/nanochat/chatsft_checkpoints/d24_r32_lora_nextbest_2026-03-19_1310_s1536_gc/best/meta_000750.json
Saved best checkpoint at step 750 (val_bpb=0.6189)
Rotated old best checkpoint: step 000500
step 00751 (75.10%) | loss: 1.827662 | lrm: 0.83 | dt: 1127.42ms | tok/sec: 6,811 | mfu: 2.30 | epoch: 1 | total time: 11.56m
step 00752 (75.20%) | loss: 1.852282 | lrm: 0.83 | dt: 960.62ms | tok/sec: 7,994 | mfu: 2.70 | epoch: 1 | total time: 11.58m
step 00753 (75.30%) | loss: 1.847237 | lrm: 0.82 | dt: 963.14ms | tok/sec: 7,973 | mfu: 2.69 | epoch: 1 | total time: 11.59m
step 00754 (75.40%) | loss: 1.831913 | lrm: 0.82 | dt: 970.52ms | tok/sec: 7,913 | mfu: 2.67 | epoch: 1 | total time: 11.61m
step 00755 (75.50%) | loss: 1.856112 | lrm: 0.82 | dt: 1122.15ms | tok/sec: 6,843 | mfu: 2.31 | epoch: 1 | total time: 11.63m
step 00756 (75.60%) | loss: 1.846811 | lrm: 0.81 | dt: 996.80ms | tok/sec: 7,704 | mfu: 2.60 | epoch: 1 | total time: 11.64m
step 00757 (75.70%) | loss: 1.820392 | lrm: 0.81 | dt: 1000.06ms | tok/sec: 7,679 | mfu: 2.59 | epoch: 1 | total time: 11.66m
step 00758 (75.80%) | loss: 1.823109 | lrm: 0.81 | dt: 974.76ms | tok/sec: 7,878 | mfu: 2.66 | epoch: 1 | total time: 11.68m
step 00759 (75.90%) | loss: 1.857407 | lrm: 0.80 | dt: 973.30ms | tok/sec: 7,890 | mfu: 2.66 | epoch: 1 | total time: 11.69m
step 00760 (76.00%) | loss: 1.882004 | lrm: 0.80 | dt: 1092.76ms | tok/sec: 7,028 | mfu: 2.37 | epoch: 1 | total time: 11.71m
step 00761 (76.10%) | loss: 1.860223 | lrm: 0.80 | dt: 978.16ms | tok/sec: 7,851 | mfu: 2.65 | epoch: 1 | total time: 11.73m
step 00762 (76.20%) | loss: 1.837069 | lrm: 0.79 | dt: 1001.17ms | tok/sec: 7,671 | mfu: 2.59 | epoch: 1 | total time: 11.74m
step 00763 (76.30%) | loss: 1.822277 | lrm: 0.79 | dt: 1006.30ms | tok/sec: 7,631 | mfu: 2.58 | epoch: 1 | total time: 11.76m
step 00764 (76.40%) | loss: 1.902190 | lrm: 0.79 | dt: 1003.73ms | tok/sec: 7,651 | mfu: 2.58 | epoch: 1 | total time: 11.78m
step 00765 (76.50%) | loss: 1.978311 | lrm: 0.78 | dt: 1118.07ms | tok/sec: 6,868 | mfu: 2.32 | epoch: 1 | total time: 11.80m
step 00766 (76.60%) | loss: 2.086777 | lrm: 0.78 | dt: 981.37ms | tok/sec: 7,825 | mfu: 2.64 | epoch: 1 | total time: 11.81m
step 00767 (76.70%) | loss: 2.049825 | lrm: 0.78 | dt: 975.72ms | tok/sec: 7,871 | mfu: 2.66 | epoch: 1 | total time: 11.83m
step 00768 (76.80%) | loss: 2.026352 | lrm: 0.77 | dt: 954.77ms | tok/sec: 8,043 | mfu: 2.71 | epoch: 1 | total time: 11.84m
step 00769 (76.90%) | loss: 2.070580 | lrm: 0.77 | dt: 791.28ms | tok/sec: 9,705 | mfu: 3.28 | epoch: 1 | total time: 11.86m
step 00770 (77.00%) | loss: 2.027882 | lrm: 0.77 | dt: 1101.62ms | tok/sec: 6,971 | mfu: 2.35 | epoch: 1 | total time: 11.88m
step 00771 (77.10%) | loss: 2.010009 | lrm: 0.76 | dt: 1004.96ms | tok/sec: 7,642 | mfu: 2.58 | epoch: 1 | total time: 11.89m
step 00772 (77.20%) | loss: 1.977443 | lrm: 0.76 | dt: 964.18ms | tok/sec: 7,965 | mfu: 2.69 | epoch: 1 | total time: 11.91m
step 00773 (77.30%) | loss: 2.019561 | lrm: 0.76 | dt: 998.78ms | tok/sec: 7,689 | mfu: 2.59 | epoch: 1 | total time: 11.93m
step 00774 (77.40%) | loss: 2.010504 | lrm: 0.75 | dt: 761.30ms | tok/sec: 10,087 | mfu: 3.40 | epoch: 1 | total time: 11.94m
step 00775 (77.50%) | loss: 2.017909 | lrm: 0.75 | dt: 955.96ms | tok/sec: 8,033 | mfu: 2.71 | epoch: 1 | total time: 11.95m
step 00776 (77.60%) | loss: 2.016185 | lrm: 0.75 | dt: 1084.55ms | tok/sec: 7,081 | mfu: 2.39 | epoch: 1 | total time: 11.97m
step 00777 (77.70%) | loss: 2.016777 | lrm: 0.74 | dt: 960.61ms | tok/sec: 7,994 | mfu: 2.70 | epoch: 1 | total time: 11.99m
step 00778 (77.80%) | loss: 1.984245 | lrm: 0.74 | dt: 945.41ms | tok/sec: 8,123 | mfu: 2.74 | epoch: 1 | total time: 12.00m
step 00779 (77.90%) | loss: 1.947126 | lrm: 0.74 | dt: 983.76ms | tok/sec: 7,806 | mfu: 2.63 | epoch: 1 | total time: 12.02m
step 00780 (78.00%) | loss: 1.928764 | lrm: 0.73 | dt: 997.22ms | tok/sec: 7,701 | mfu: 2.60 | epoch: 1 | total time: 12.04m
step 00781 (78.10%) | loss: 1.911018 | lrm: 0.73 | dt: 1067.79ms | tok/sec: 7,192 | mfu: 2.43 | epoch: 1 | total time: 12.05m
step 00782 (78.20%) | loss: 1.917705 | lrm: 0.73 | dt: 983.77ms | tok/sec: 7,806 | mfu: 2.63 | epoch: 1 | total time: 12.07m
step 00783 (78.30%) | loss: 1.867051 | lrm: 0.72 | dt: 916.41ms | tok/sec: 8,380 | mfu: 2.83 | epoch: 1 | total time: 12.09m
step 00784 (78.40%) | loss: 1.862731 | lrm: 0.72 | dt: 938.48ms | tok/sec: 8,183 | mfu: 2.76 | epoch: 1 | total time: 12.10m
step 00785 (78.50%) | loss: 1.872870 | lrm: 0.72 | dt: 943.78ms | tok/sec: 8,137 | mfu: 2.75 | epoch: 1 | total time: 12.12m
step 00786 (78.60%) | loss: 1.862298 | lrm: 0.71 | dt: 1114.07ms | tok/sec: 6,893 | mfu: 2.33 | epoch: 1 | total time: 12.14m
step 00787 (78.70%) | loss: 1.833871 | lrm: 0.71 | dt: 925.36ms | tok/sec: 8,299 | mfu: 2.80 | epoch: 1 | total time: 12.15m
step 00788 (78.80%) | loss: 1.830107 | lrm: 0.71 | dt: 966.62ms | tok/sec: 7,945 | mfu: 2.68 | epoch: 1 | total time: 12.17m
step 00789 (78.90%) | loss: 1.854700 | lrm: 0.70 | dt: 977.09ms | tok/sec: 7,860 | mfu: 2.65 | epoch: 1 | total time: 12.18m
step 00790 (79.00%) | loss: 1.846353 | lrm: 0.70 | dt: 969.71ms | tok/sec: 7,919 | mfu: 2.67 | epoch: 1 | total time: 12.20m
step 00791 (79.10%) | loss: 1.858103 | lrm: 0.70 | dt: 1102.70ms | tok/sec: 6,964 | mfu: 2.35 | epoch: 1 | total time: 12.22m
step 00792 (79.20%) | loss: 1.849275 | lrm: 0.69 | dt: 963.28ms | tok/sec: 7,972 | mfu: 2.69 | epoch: 1 | total time: 12.23m
step 00793 (79.30%) | loss: 1.855917 | lrm: 0.69 | dt: 800.55ms | tok/sec: 9,593 | mfu: 3.24 | epoch: 1 | total time: 12.25m
step 00794 (79.40%) | loss: 1.817590 | lrm: 0.69 | dt: 942.21ms | tok/sec: 8,151 | mfu: 2.75 | epoch: 1 | total time: 12.26m
step 00795 (79.50%) | loss: 1.824802 | lrm: 0.68 | dt: 950.54ms | tok/sec: 8,079 | mfu: 2.73 | epoch: 1 | total time: 12.28m
step 00796 (79.60%) | loss: 1.803469 | lrm: 0.68 | dt: 1040.15ms | tok/sec: 7,383 | mfu: 2.49 | epoch: 1 | total time: 12.30m
step 00797 (79.70%) | loss: 1.841060 | lrm: 0.68 | dt: 944.00ms | tok/sec: 8,135 | mfu: 2.75 | epoch: 1 | total time: 12.31m
step 00798 (79.80%) | loss: 1.806114 | lrm: 0.67 | dt: 916.13ms | tok/sec: 8,383 | mfu: 2.83 | epoch: 1 | total time: 12.33m
step 00799 (79.90%) | loss: 1.788952 | lrm: 0.67 | dt: 915.75ms | tok/sec: 8,386 | mfu: 2.83 | epoch: 1 | total time: 12.34m
step 00800 (80.00%) | loss: 1.797169 | lrm: 0.67 | dt: 911.85ms | tok/sec: 8,422 | mfu: 2.84 | epoch: 1 | total time: 12.36m
Step 00800 | Validation bpb: 0.6185
2026-03-19 13:29:50,837 - nanochat.checkpoint_manager - [32m[1mINFO[0m - Saved model parameters to: /home/sun0115/.cache/nanochat/chatsft_checkpoints/d24_r32_lora_nextbest_2026-03-19_1310_s1536_gc/best/model_000800.pt
2026-03-19 13:29:50,838 - nanochat.checkpoint_manager - [32m[1mINFO[0m - Saved metadata to: /home/sun0115/.cache/nanochat/chatsft_checkpoints/d24_r32_lora_nextbest_2026-03-19_1310_s1536_gc/best/meta_000800.json
Saved best checkpoint at step 800 (val_bpb=0.6185)
Rotated old best checkpoint: step 000550
step 00801 (80.10%) | loss: 1.813106 | lrm: 0.66 | dt: 1119.16ms | tok/sec: 6,862 | mfu: 2.32 | epoch: 1 | total time: 12.38m
step 00802 (80.20%) | loss: 1.791223 | lrm: 0.66 | dt: 930.62ms | tok/sec: 8,252 | mfu: 2.78 | epoch: 1 | total time: 12.39m
step 00803 (80.30%) | loss: 1.839935 | lrm: 0.66 | dt: 924.43ms | tok/sec: 8,307 | mfu: 2.80 | epoch: 1 | total time: 12.41m
step 00804 (80.40%) | loss: 1.833066 | lrm: 0.65 | dt: 920.24ms | tok/sec: 8,345 | mfu: 2.82 | epoch: 1 | total time: 12.42m
step 00805 (80.50%) | loss: 1.947001 | lrm: 0.65 | dt: 1037.15ms | tok/sec: 7,404 | mfu: 2.50 | epoch: 1 | total time: 12.44m
step 00806 (80.60%) | loss: 1.874785 | lrm: 0.65 | dt: 927.78ms | tok/sec: 8,277 | mfu: 2.79 | epoch: 1 | total time: 12.46m
step 00807 (80.70%) | loss: 1.898472 | lrm: 0.64 | dt: 943.95ms | tok/sec: 8,136 | mfu: 2.75 | epoch: 1 | total time: 12.47m
step 00808 (80.80%) | loss: 1.908457 | lrm: 0.64 | dt: 945.94ms | tok/sec: 8,118 | mfu: 2.74 | epoch: 1 | total time: 12.49m
step 00809 (80.90%) | loss: 2.017506 | lrm: 0.64 | dt: 950.99ms | tok/sec: 8,075 | mfu: 2.73 | epoch: 1 | total time: 12.50m
step 00810 (81.00%) | loss: 2.027666 | lrm: 0.63 | dt: 1048.03ms | tok/sec: 7,328 | mfu: 2.47 | epoch: 1 | total time: 12.52m
step 00811 (81.10%) | loss: 2.101841 | lrm: 0.63 | dt: 739.31ms | tok/sec: 10,388 | mfu: 3.51 | epoch: 1 | total time: 12.53m
step 00812 (81.20%) | loss: 2.092525 | lrm: 0.63 | dt: 953.35ms | tok/sec: 8,055 | mfu: 2.72 | epoch: 1 | total time: 12.55m
step 00813 (81.30%) | loss: 2.060162 | lrm: 0.62 | dt: 1003.36ms | tok/sec: 7,654 | mfu: 2.58 | epoch: 1 | total time: 12.57m
step 00814 (81.40%) | loss: 1.990853 | lrm: 0.62 | dt: 922.46ms | tok/sec: 8,325 | mfu: 2.81 | epoch: 1 | total time: 12.58m
step 00815 (81.50%) | loss: 1.924367 | lrm: 0.62 | dt: 1051.70ms | tok/sec: 7,302 | mfu: 2.46 | epoch: 1 | total time: 12.60m
step 00816 (81.60%) | loss: 1.892184 | lrm: 0.61 | dt: 930.14ms | tok/sec: 8,256 | mfu: 2.79 | epoch: 1 | total time: 12.61m
step 00817 (81.70%) | loss: 1.851698 | lrm: 0.61 | dt: 913.72ms | tok/sec: 8,405 | mfu: 2.84 | epoch: 1 | total time: 12.63m
step 00818 (81.80%) | loss: 1.864315 | lrm: 0.61 | dt: 917.36ms | tok/sec: 8,371 | mfu: 2.82 | epoch: 1 | total time: 12.64m
step 00819 (81.90%) | loss: 1.922599 | lrm: 0.60 | dt: 910.30ms | tok/sec: 8,436 | mfu: 2.85 | epoch: 1 | total time: 12.66m
step 00820 (82.00%) | loss: 1.951880 | lrm: 0.60 | dt: 1032.23ms | tok/sec: 7,440 | mfu: 2.51 | epoch: 1 | total time: 12.68m
step 00821 (82.10%) | loss: 1.883559 | lrm: 0.60 | dt: 916.65ms | tok/sec: 8,378 | mfu: 2.83 | epoch: 1 | total time: 12.69m
step 00822 (82.20%) | loss: 1.877782 | lrm: 0.59 | dt: 902.29ms | tok/sec: 8,511 | mfu: 2.87 | epoch: 1 | total time: 12.71m
step 00823 (82.30%) | loss: 1.859576 | lrm: 0.59 | dt: 903.36ms | tok/sec: 8,501 | mfu: 2.87 | epoch: 1 | total time: 12.72m
step 00824 (82.40%) | loss: 1.856164 | lrm: 0.59 | dt: 953.03ms | tok/sec: 8,058 | mfu: 2.72 | epoch: 1 | total time: 12.74m
step 00825 (82.50%) | loss: 1.907145 | lrm: 0.58 | dt: 1064.86ms | tok/sec: 7,212 | mfu: 2.43 | epoch: 1 | total time: 12.76m
step 00826 (82.60%) | loss: 1.927158 | lrm: 0.58 | dt: 955.62ms | tok/sec: 8,036 | mfu: 2.71 | epoch: 1 | total time: 12.77m
step 00827 (82.70%) | loss: 1.889030 | lrm: 0.58 | dt: 955.27ms | tok/sec: 8,039 | mfu: 2.71 | epoch: 1 | total time: 12.79m
step 00828 (82.80%) | loss: 1.879717 | lrm: 0.57 | dt: 937.87ms | tok/sec: 8,188 | mfu: 2.76 | epoch: 1 | total time: 12.80m
step 00829 (82.90%) | loss: 1.876156 | lrm: 0.57 | dt: 981.33ms | tok/sec: 7,826 | mfu: 2.64 | epoch: 1 | total time: 12.82m
step 00830 (83.00%) | loss: 1.833140 | lrm: 0.57 | dt: 1034.49ms | tok/sec: 7,423 | mfu: 2.51 | epoch: 1 | total time: 12.84m
step 00831 (83.10%) | loss: 1.847592 | lrm: 0.56 | dt: 972.89ms | tok/sec: 7,893 | mfu: 2.66 | epoch: 1 | total time: 12.85m
step 00832 (83.20%) | loss: 1.808785 | lrm: 0.56 | dt: 961.29ms | tok/sec: 7,989 | mfu: 2.70 | epoch: 1 | total time: 12.87m
step 00833 (83.30%) | loss: 1.872210 | lrm: 0.56 | dt: 791.83ms | tok/sec: 9,699 | mfu: 3.27 | epoch: 1 | total time: 12.88m
step 00834 (83.40%) | loss: 1.870683 | lrm: 0.55 | dt: 990.34ms | tok/sec: 7,754 | mfu: 2.62 | epoch: 1 | total time: 12.90m
step 00835 (83.50%) | loss: 1.878054 | lrm: 0.55 | dt: 1000.55ms | tok/sec: 7,675 | mfu: 2.59 | epoch: 1 | total time: 12.92m
step 00836 (83.60%) | loss: 1.800232 | lrm: 0.55 | dt: 1068.61ms | tok/sec: 7,186 | mfu: 2.43 | epoch: 1 | total time: 12.93m
step 00837 (83.70%) | loss: 1.837514 | lrm: 0.54 | dt: 933.67ms | tok/sec: 8,225 | mfu: 2.78 | epoch: 1 | total time: 12.95m
step 00838 (83.80%) | loss: 1.813286 | lrm: 0.54 | dt: 932.33ms | tok/sec: 8,237 | mfu: 2.78 | epoch: 1 | total time: 12.96m
step 00839 (83.90%) | loss: 1.832934 | lrm: 0.54 | dt: 925.08ms | tok/sec: 8,302 | mfu: 2.80 | epoch: 1 | total time: 12.98m
step 00840 (84.00%) | loss: 1.941969 | lrm: 0.53 | dt: 919.43ms | tok/sec: 8,352 | mfu: 2.82 | epoch: 1 | total time: 13.00m
step 00841 (84.10%) | loss: 1.919839 | lrm: 0.53 | dt: 1028.75ms | tok/sec: 7,465 | mfu: 2.52 | epoch: 1 | total time: 13.01m
step 00842 (84.20%) | loss: 1.860043 | lrm: 0.53 | dt: 922.88ms | tok/sec: 8,321 | mfu: 2.81 | epoch: 1 | total time: 13.03m
step 00843 (84.30%) | loss: 1.892483 | lrm: 0.52 | dt: 915.93ms | tok/sec: 8,384 | mfu: 2.83 | epoch: 1 | total time: 13.04m
step 00844 (84.40%) | loss: 1.929633 | lrm: 0.52 | dt: 916.48ms | tok/sec: 8,379 | mfu: 2.83 | epoch: 1 | total time: 13.06m
step 00845 (84.50%) | loss: 1.949556 | lrm: 0.52 | dt: 917.80ms | tok/sec: 8,367 | mfu: 2.82 | epoch: 1 | total time: 13.07m
step 00846 (84.60%) | loss: 2.006918 | lrm: 0.51 | dt: 1035.31ms | tok/sec: 7,418 | mfu: 2.50 | epoch: 1 | total time: 13.09m
step 00847 (84.70%) | loss: 1.986896 | lrm: 0.51 | dt: 916.49ms | tok/sec: 8,379 | mfu: 2.83 | epoch: 1 | total time: 13.11m
step 00848 (84.80%) | loss: 2.023783 | lrm: 0.51 | dt: 915.32ms | tok/sec: 8,390 | mfu: 2.83 | epoch: 1 | total time: 13.12m
step 00849 (84.90%) | loss: 2.075146 | lrm: 0.50 | dt: 914.87ms | tok/sec: 8,394 | mfu: 2.83 | epoch: 1 | total time: 13.14m
step 00850 (85.00%) | loss: 2.046295 | lrm: 0.50 | dt: 911.35ms | tok/sec: 8,427 | mfu: 2.84 | epoch: 1 | total time: 13.15m
Step 00850 | Validation bpb: 0.6167
2026-03-19 13:31:01,247 - nanochat.checkpoint_manager - [32m[1mINFO[0m - Saved model parameters to: /home/sun0115/.cache/nanochat/chatsft_checkpoints/d24_r32_lora_nextbest_2026-03-19_1310_s1536_gc/best/model_000850.pt
2026-03-19 13:31:01,248 - nanochat.checkpoint_manager - [32m[1mINFO[0m - Saved metadata to: /home/sun0115/.cache/nanochat/chatsft_checkpoints/d24_r32_lora_nextbest_2026-03-19_1310_s1536_gc/best/meta_000850.json
Saved best checkpoint at step 850 (val_bpb=0.6167)
Rotated old best checkpoint: step 000600
step 00851 (85.10%) | loss: 1.989911 | lrm: 0.50 | dt: 1118.62ms | tok/sec: 6,865 | mfu: 2.32 | epoch: 1 | total time: 13.17m
step 00852 (85.20%) | loss: 1.969746 | lrm: 0.49 | dt: 732.53ms | tok/sec: 10,484 | mfu: 3.54 | epoch: 1 | total time: 13.18m
step 00853 (85.30%) | loss: 1.968036 | lrm: 0.49 | dt: 929.47ms | tok/sec: 8,262 | mfu: 2.79 | epoch: 1 | total time: 13.20m
step 00854 (85.40%) | loss: 1.993515 | lrm: 0.49 | dt: 909.83ms | tok/sec: 8,441 | mfu: 2.85 | epoch: 1 | total time: 13.21m
step 00855 (85.50%) | loss: 2.004297 | lrm: 0.48 | dt: 1023.17ms | tok/sec: 7,506 | mfu: 2.53 | epoch: 1 | total time: 13.23m
step 00856 (85.60%) | loss: 1.975346 | lrm: 0.48 | dt: 914.85ms | tok/sec: 8,394 | mfu: 2.83 | epoch: 1 | total time: 13.25m
step 00857 (85.70%) | loss: 1.916766 | lrm: 0.48 | dt: 908.87ms | tok/sec: 8,450 | mfu: 2.85 | epoch: 1 | total time: 13.26m
step 00858 (85.80%) | loss: 1.904790 | lrm: 0.47 | dt: 910.96ms | tok/sec: 8,430 | mfu: 2.84 | epoch: 1 | total time: 13.28m
step 00859 (85.90%) | loss: 1.881933 | lrm: 0.47 | dt: 920.85ms | tok/sec: 8,340 | mfu: 2.81 | epoch: 1 | total time: 13.29m
step 00860 (86.00%) | loss: 1.897870 | lrm: 0.47 | dt: 1029.65ms | tok/sec: 7,458 | mfu: 2.52 | epoch: 1 | total time: 13.31m
step 00861 (86.10%) | loss: 1.892707 | lrm: 0.46 | dt: 903.83ms | tok/sec: 8,497 | mfu: 2.87 | epoch: 1 | total time: 13.32m
step 00862 (86.20%) | loss: 1.864325 | lrm: 0.46 | dt: 907.31ms | tok/sec: 8,464 | mfu: 2.86 | epoch: 1 | total time: 13.34m
step 00863 (86.30%) | loss: 1.920430 | lrm: 0.46 | dt: 908.06ms | tok/sec: 8,457 | mfu: 2.85 | epoch: 1 | total time: 13.35m
step 00864 (86.40%) | loss: 1.882368 | lrm: 0.45 | dt: 901.71ms | tok/sec: 8,517 | mfu: 2.87 | epoch: 1 | total time: 13.37m
step 00865 (86.50%) | loss: 1.894897 | lrm: 0.45 | dt: 1017.61ms | tok/sec: 7,547 | mfu: 2.55 | epoch: 1 | total time: 13.39m
step 00866 (86.60%) | loss: 1.876569 | lrm: 0.45 | dt: 901.44ms | tok/sec: 8,519 | mfu: 2.87 | epoch: 1 | total time: 13.40m
step 00867 (86.70%) | loss: 1.857560 | lrm: 0.44 | dt: 906.18ms | tok/sec: 8,475 | mfu: 2.86 | epoch: 1 | total time: 13.42m
step 00868 (86.80%) | loss: 1.839821 | lrm: 0.44 | dt: 724.29ms | tok/sec: 10,603 | mfu: 3.58 | epoch: 1 | total time: 13.43m
step 00869 (86.90%) | loss: 1.861546 | lrm: 0.44 | dt: 902.09ms | tok/sec: 8,513 | mfu: 2.87 | epoch: 1 | total time: 13.44m
step 00870 (87.00%) | loss: 1.903532 | lrm: 0.43 | dt: 903.75ms | tok/sec: 8,497 | mfu: 2.87 | epoch: 1 | total time: 13.46m
step 00871 (87.10%) | loss: 1.896674 | lrm: 0.43 | dt: 1016.59ms | tok/sec: 7,554 | mfu: 2.55 | epoch: 1 | total time: 13.48m
step 00872 (87.20%) | loss: 1.898143 | lrm: 0.43 | dt: 904.30ms | tok/sec: 8,492 | mfu: 2.87 | epoch: 1 | total time: 13.49m
step 00873 (87.30%) | loss: 1.915589 | lrm: 0.42 | dt: 905.56ms | tok/sec: 8,480 | mfu: 2.86 | epoch: 1 | total time: 13.51m
step 00874 (87.40%) | loss: 1.930781 | lrm: 0.42 | dt: 725.42ms | tok/sec: 10,586 | mfu: 3.57 | epoch: 1 | total time: 13.52m
step 00875 (87.50%) | loss: 1.927067 | lrm: 0.42 | dt: 906.61ms | tok/sec: 8,471 | mfu: 2.86 | epoch: 1 | total time: 13.53m
step 00876 (87.60%) | loss: 1.864832 | lrm: 0.41 | dt: 1021.94ms | tok/sec: 7,515 | mfu: 2.54 | epoch: 1 | total time: 13.55m
step 00877 (87.70%) | loss: 1.855536 | lrm: 0.41 | dt: 939.91ms | tok/sec: 8,171 | mfu: 2.76 | epoch: 1 | total time: 13.57m
step 00878 (87.80%) | loss: 1.865998 | lrm: 0.41 | dt: 938.94ms | tok/sec: 8,179 | mfu: 2.76 | epoch: 1 | total time: 13.58m
step 00879 (87.90%) | loss: 1.848801 | lrm: 0.40 | dt: 935.20ms | tok/sec: 8,212 | mfu: 2.77 | epoch: 1 | total time: 13.60m
step 00880 (88.00%) | loss: 1.882812 | lrm: 0.40 | dt: 929.75ms | tok/sec: 8,260 | mfu: 2.79 | epoch: 1 | total time: 13.61m
step 00881 (88.10%) | loss: 1.810487 | lrm: 0.40 | dt: 1043.50ms | tok/sec: 7,359 | mfu: 2.48 | epoch: 1 | total time: 13.63m
step 00882 (88.20%) | loss: 1.831732 | lrm: 0.39 | dt: 926.91ms | tok/sec: 8,285 | mfu: 2.80 | epoch: 1 | total time: 13.64m
step 00883 (88.30%) | loss: 1.813046 | lrm: 0.39 | dt: 924.61ms | tok/sec: 8,306 | mfu: 2.80 | epoch: 1 | total time: 13.66m
step 00884 (88.40%) | loss: 1.860622 | lrm: 0.39 | dt: 918.97ms | tok/sec: 8,357 | mfu: 2.82 | epoch: 1 | total time: 13.68m
step 00885 (88.50%) | loss: 1.848595 | lrm: 0.38 | dt: 918.36ms | tok/sec: 8,362 | mfu: 2.82 | epoch: 1 | total time: 13.69m
step 00886 (88.60%) | loss: 1.833501 | lrm: 0.38 | dt: 1041.15ms | tok/sec: 7,376 | mfu: 2.49 | epoch: 1 | total time: 13.71m
step 00887 (88.70%) | loss: 1.846247 | lrm: 0.38 | dt: 916.02ms | tok/sec: 8,384 | mfu: 2.83 | epoch: 1 | total time: 13.72m
step 00888 (88.80%) | loss: 1.837667 | lrm: 0.37 | dt: 915.33ms | tok/sec: 8,390 | mfu: 2.83 | epoch: 1 | total time: 13.74m
step 00889 (88.90%) | loss: 1.860138 | lrm: 0.37 | dt: 914.80ms | tok/sec: 8,395 | mfu: 2.83 | epoch: 1 | total time: 13.75m
step 00890 (89.00%) | loss: 1.882420 | lrm: 0.37 | dt: 913.07ms | tok/sec: 8,411 | mfu: 2.84 | epoch: 1 | total time: 13.77m
step 00891 (89.10%) | loss: 1.824887 | lrm: 0.36 | dt: 1028.96ms | tok/sec: 7,463 | mfu: 2.52 | epoch: 1 | total time: 13.79m
step 00892 (89.20%) | loss: 1.819097 | lrm: 0.36 | dt: 911.31ms | tok/sec: 8,427 | mfu: 2.84 | epoch: 1 | total time: 13.80m
step 00893 (89.30%) | loss: 1.819293 | lrm: 0.36 | dt: 912.00ms | tok/sec: 8,421 | mfu: 2.84 | epoch: 1 | total time: 13.82m
step 00894 (89.40%) | loss: 1.829944 | lrm: 0.35 | dt: 908.10ms | tok/sec: 8,457 | mfu: 2.85 | epoch: 1 | total time: 13.83m
step 00895 (89.50%) | loss: 1.805450 | lrm: 0.35 | dt: 904.58ms | tok/sec: 8,490 | mfu: 2.86 | epoch: 1 | total time: 13.85m
step 00896 (89.60%) | loss: 1.777687 | lrm: 0.35 | dt: 843.78ms | tok/sec: 9,101 | mfu: 3.07 | epoch: 1 | total time: 13.86m
step 00897 (89.70%) | loss: 1.816233 | lrm: 0.34 | dt: 904.58ms | tok/sec: 8,490 | mfu: 2.86 | epoch: 1 | total time: 13.88m
step 00898 (89.80%) | loss: 1.797118 | lrm: 0.34 | dt: 907.80ms | tok/sec: 8,460 | mfu: 2.85 | epoch: 1 | total time: 13.89m
step 00899 (89.90%) | loss: 1.756342 | lrm: 0.34 | dt: 911.69ms | tok/sec: 8,423 | mfu: 2.84 | epoch: 1 | total time: 13.91m
step 00900 (90.00%) | loss: 1.769272 | lrm: 0.33 | dt: 911.00ms | tok/sec: 8,430 | mfu: 2.84 | epoch: 1 | total time: 13.92m
Step 00900 | Validation bpb: 0.6160
2026-03-19 13:32:10,229 - nanochat.checkpoint_manager - [32m[1mINFO[0m - Saved model parameters to: /home/sun0115/.cache/nanochat/chatsft_checkpoints/d24_r32_lora_nextbest_2026-03-19_1310_s1536_gc/best/model_000900.pt
2026-03-19 13:32:10,229 - nanochat.checkpoint_manager - [32m[1mINFO[0m - Saved metadata to: /home/sun0115/.cache/nanochat/chatsft_checkpoints/d24_r32_lora_nextbest_2026-03-19_1310_s1536_gc/best/meta_000900.json
Saved best checkpoint at step 900 (val_bpb=0.6160)
Rotated old best checkpoint: step 000650
step 00901 (90.10%) | loss: 1.769859 | lrm: 0.33 | dt: 1188.98ms | tok/sec: 6,459 | mfu: 2.18 | epoch: 1 | total time: 13.94m
step 00902 (90.20%) | loss: 1.714655 | lrm: 0.33 | dt: 961.03ms | tok/sec: 7,991 | mfu: 2.70 | epoch: 1 | total time: 13.96m
step 00903 (90.30%) | loss: 1.735393 | lrm: 0.32 | dt: 907.97ms | tok/sec: 8,458 | mfu: 2.85 | epoch: 1 | total time: 13.97m
step 00904 (90.40%) | loss: 1.741234 | lrm: 0.32 | dt: 968.91ms | tok/sec: 7,926 | mfu: 2.67 | epoch: 1 | total time: 13.99m
step 00905 (90.50%) | loss: 1.790444 | lrm: 0.32 | dt: 1063.49ms | tok/sec: 7,221 | mfu: 2.44 | epoch: 1 | total time: 14.01m
step 00906 (90.60%) | loss: 1.818425 | lrm: 0.31 | dt: 908.26ms | tok/sec: 8,455 | mfu: 2.85 | epoch: 1 | total time: 14.02m
step 00907 (90.70%) | loss: 1.813295 | lrm: 0.31 | dt: 910.64ms | tok/sec: 8,433 | mfu: 2.85 | epoch: 1 | total time: 14.04m
step 00908 (90.80%) | loss: 1.804881 | lrm: 0.31 | dt: 961.15ms | tok/sec: 7,990 | mfu: 2.70 | epoch: 1 | total time: 14.05m
step 00909 (90.90%) | loss: 1.800857 | lrm: 0.30 | dt: 925.21ms | tok/sec: 8,300 | mfu: 2.80 | epoch: 1 | total time: 14.07m
step 00910 (91.00%) | loss: 1.838191 | lrm: 0.30 | dt: 1045.85ms | tok/sec: 7,343 | mfu: 2.48 | epoch: 1 | total time: 14.09m
step 00911 (91.10%) | loss: 1.875353 | lrm: 0.30 | dt: 926.49ms | tok/sec: 8,289 | mfu: 2.80 | epoch: 1 | total time: 14.10m
step 00912 (91.20%) | loss: 1.854059 | lrm: 0.29 | dt: 927.17ms | tok/sec: 8,283 | mfu: 2.80 | epoch: 1 | total time: 14.12m
step 00913 (91.30%) | loss: 1.841144 | lrm: 0.29 | dt: 923.16ms | tok/sec: 8,319 | mfu: 2.81 | epoch: 1 | total time: 14.13m
step 00914 (91.40%) | loss: 1.791175 | lrm: 0.29 | dt: 924.58ms | tok/sec: 8,306 | mfu: 2.80 | epoch: 1 | total time: 14.15m
step 00915 (91.50%) | loss: 1.824679 | lrm: 0.28 | dt: 1039.72ms | tok/sec: 7,386 | mfu: 2.49 | epoch: 1 | total time: 14.16m
step 00916 (91.60%) | loss: 1.805775 | lrm: 0.28 | dt: 912.01ms | tok/sec: 8,420 | mfu: 2.84 | epoch: 1 | total time: 14.18m
step 00917 (91.70%) | loss: 1.816842 | lrm: 0.28 | dt: 903.07ms | tok/sec: 8,504 | mfu: 2.87 | epoch: 1 | total time: 14.19m
step 00918 (91.80%) | loss: 1.854341 | lrm: 0.27 | dt: 904.30ms | tok/sec: 8,492 | mfu: 2.87 | epoch: 1 | total time: 14.21m
step 00919 (91.90%) | loss: 1.790120 | lrm: 0.27 | dt: 903.39ms | tok/sec: 8,501 | mfu: 2.87 | epoch: 1 | total time: 14.22m
step 00920 (92.00%) | loss: 1.792707 | lrm: 0.27 | dt: 1017.00ms | tok/sec: 7,551 | mfu: 2.55 | epoch: 1 | total time: 14.24m
step 00921 (92.10%) | loss: 1.880292 | lrm: 0.26 | dt: 923.20ms | tok/sec: 8,318 | mfu: 2.81 | epoch: 1 | total time: 14.26m
step 00922 (92.20%) | loss: 1.926413 | lrm: 0.26 | dt: 939.30ms | tok/sec: 8,176 | mfu: 2.76 | epoch: 1 | total time: 14.27m
step 00923 (92.30%) | loss: 1.891502 | lrm: 0.26 | dt: 933.72ms | tok/sec: 8,225 | mfu: 2.78 | epoch: 1 | total time: 14.29m
step 00924 (92.40%) | loss: 1.825195 | lrm: 0.25 | dt: 935.94ms | tok/sec: 8,205 | mfu: 2.77 | epoch: 1 | total time: 14.30m
step 00925 (92.50%) | loss: 1.836942 | lrm: 0.25 | dt: 854.59ms | tok/sec: 8,986 | mfu: 3.03 | epoch: 1 | total time: 14.32m
step 00926 (92.60%) | loss: 1.799387 | lrm: 0.25 | dt: 925.67ms | tok/sec: 8,296 | mfu: 2.80 | epoch: 1 | total time: 14.33m
step 00927 (92.70%) | loss: 1.770797 | lrm: 0.24 | dt: 921.44ms | tok/sec: 8,334 | mfu: 2.81 | epoch: 1 | total time: 14.35m
step 00928 (92.80%) | loss: 1.792220 | lrm: 0.24 | dt: 921.29ms | tok/sec: 8,336 | mfu: 2.81 | epoch: 1 | total time: 14.36m
step 00929 (92.90%) | loss: 1.772111 | lrm: 0.24 | dt: 916.40ms | tok/sec: 8,380 | mfu: 2.83 | epoch: 1 | total time: 14.38m
step 00930 (93.00%) | loss: 1.743840 | lrm: 0.23 | dt: 1036.46ms | tok/sec: 7,409 | mfu: 2.50 | epoch: 1 | total time: 14.40m
step 00931 (93.10%) | loss: 1.723949 | lrm: 0.23 | dt: 920.50ms | tok/sec: 8,343 | mfu: 2.82 | epoch: 1 | total time: 14.41m
step 00932 (93.20%) | loss: 1.712921 | lrm: 0.23 | dt: 917.83ms | tok/sec: 8,367 | mfu: 2.82 | epoch: 1 | total time: 14.43m
step 00933 (93.30%) | loss: 1.715963 | lrm: 0.22 | dt: 916.92ms | tok/sec: 8,375 | mfu: 2.83 | epoch: 1 | total time: 14.44m
step 00934 (93.40%) | loss: 1.754426 | lrm: 0.22 | dt: 920.14ms | tok/sec: 8,346 | mfu: 2.82 | epoch: 1 | total time: 14.46m
step 00935 (93.50%) | loss: 1.710980 | lrm: 0.22 | dt: 1023.66ms | tok/sec: 7,502 | mfu: 2.53 | epoch: 1 | total time: 14.48m
step 00936 (93.60%) | loss: 1.763336 | lrm: 0.21 | dt: 913.23ms | tok/sec: 8,409 | mfu: 2.84 | epoch: 1 | total time: 14.49m
step 00937 (93.70%) | loss: 1.794426 | lrm: 0.21 | dt: 731.14ms | tok/sec: 10,504 | mfu: 3.54 | epoch: 1 | total time: 14.50m
step 00938 (93.80%) | loss: 1.768737 | lrm: 0.21 | dt: 911.33ms | tok/sec: 8,427 | mfu: 2.84 | epoch: 1 | total time: 14.52m
step 00939 (93.90%) | loss: 1.774702 | lrm: 0.20 | dt: 737.05ms | tok/sec: 10,419 | mfu: 3.52 | epoch: 1 | total time: 14.53m
step 00940 (94.00%) | loss: 1.803020 | lrm: 0.20 | dt: 913.41ms | tok/sec: 8,408 | mfu: 2.84 | epoch: 1 | total time: 14.55m
step 00941 (94.10%) | loss: 1.777674 | lrm: 0.20 | dt: 1021.22ms | tok/sec: 7,520 | mfu: 2.54 | epoch: 1 | total time: 14.56m
step 00942 (94.20%) | loss: 1.760767 | lrm: 0.19 | dt: 905.98ms | tok/sec: 8,476 | mfu: 2.86 | epoch: 1 | total time: 14.58m
step 00943 (94.30%) | loss: 1.892249 | lrm: 0.19 | dt: 912.70ms | tok/sec: 8,414 | mfu: 2.84 | epoch: 1 | total time: 14.59m
step 00944 (94.40%) | loss: 1.887802 | lrm: 0.19 | dt: 907.35ms | tok/sec: 8,464 | mfu: 2.86 | epoch: 1 | total time: 14.61m
step 00945 (94.50%) | loss: 1.875197 | lrm: 0.18 | dt: 906.22ms | tok/sec: 8,474 | mfu: 2.86 | epoch: 1 | total time: 14.62m
step 00946 (94.60%) | loss: 1.884897 | lrm: 0.18 | dt: 1018.30ms | tok/sec: 7,541 | mfu: 2.54 | epoch: 1 | total time: 14.64m
step 00947 (94.70%) | loss: 1.895149 | lrm: 0.18 | dt: 906.97ms | tok/sec: 8,467 | mfu: 2.86 | epoch: 1 | total time: 14.66m
step 00948 (94.80%) | loss: 1.886287 | lrm: 0.17 | dt: 728.11ms | tok/sec: 10,547 | mfu: 3.56 | epoch: 1 | total time: 14.67m
step 00949 (94.90%) | loss: 1.821721 | lrm: 0.17 | dt: 905.39ms | tok/sec: 8,482 | mfu: 2.86 | epoch: 1 | total time: 14.68m
step 00950 (95.00%) | loss: 1.863554 | lrm: 0.17 | dt: 906.98ms | tok/sec: 8,467 | mfu: 2.86 | epoch: 1 | total time: 14.70m
Step 00950 | Validation bpb: 0.6153
2026-03-19 13:33:19,483 - nanochat.checkpoint_manager - [32m[1mINFO[0m - Saved model parameters to: /home/sun0115/.cache/nanochat/chatsft_checkpoints/d24_r32_lora_nextbest_2026-03-19_1310_s1536_gc/best/model_000950.pt
2026-03-19 13:33:19,483 - nanochat.checkpoint_manager - [32m[1mINFO[0m - Saved metadata to: /home/sun0115/.cache/nanochat/chatsft_checkpoints/d24_r32_lora_nextbest_2026-03-19_1310_s1536_gc/best/meta_000950.json
Saved best checkpoint at step 950 (val_bpb=0.6153)
Rotated old best checkpoint: step 000700
step 00951 (95.10%) | loss: 1.768806 | lrm: 0.16 | dt: 872.87ms | tok/sec: 8,798 | mfu: 2.97 | epoch: 1 | total time: 14.71m
step 00952 (95.20%) | loss: 1.808632 | lrm: 0.16 | dt: 729.12ms | tok/sec: 10,533 | mfu: 3.55 | epoch: 1 | total time: 14.72m
step 00953 (95.30%) | loss: 1.822196 | lrm: 0.16 | dt: 907.46ms | tok/sec: 8,463 | mfu: 2.86 | epoch: 1 | total time: 14.74m
step 00954 (95.40%) | loss: 1.883925 | lrm: 0.15 | dt: 727.99ms | tok/sec: 10,549 | mfu: 3.56 | epoch: 1 | total time: 14.75m
step 00955 (95.50%) | loss: 1.769027 | lrm: 0.15 | dt: 914.53ms | tok/sec: 8,397 | mfu: 2.83 | epoch: 1 | total time: 14.77m
step 00956 (95.60%) | loss: 1.815595 | lrm: 0.15 | dt: 1021.71ms | tok/sec: 7,516 | mfu: 2.54 | epoch: 1 | total time: 14.78m
step 00957 (95.70%) | loss: 1.816227 | lrm: 0.14 | dt: 729.77ms | tok/sec: 10,523 | mfu: 3.55 | epoch: 1 | total time: 14.80m
step 00958 (95.80%) | loss: 1.803184 | lrm: 0.14 | dt: 905.30ms | tok/sec: 8,483 | mfu: 2.86 | epoch: 1 | total time: 14.81m
step 00959 (95.90%) | loss: 1.897269 | lrm: 0.14 | dt: 902.41ms | tok/sec: 8,510 | mfu: 2.87 | epoch: 1 | total time: 14.83m
step 00960 (96.00%) | loss: 1.878824 | lrm: 0.13 | dt: 922.95ms | tok/sec: 8,321 | mfu: 2.81 | epoch: 1 | total time: 14.84m
step 00961 (96.10%) | loss: 1.842664 | lrm: 0.13 | dt: 1018.75ms | tok/sec: 7,538 | mfu: 2.54 | epoch: 1 | total time: 14.86m
step 00962 (96.20%) | loss: 1.850884 | lrm: 0.13 | dt: 909.06ms | tok/sec: 8,448 | mfu: 2.85 | epoch: 1 | total time: 14.87m
step 00963 (96.30%) | loss: 1.859680 | lrm: 0.12 | dt: 911.87ms | tok/sec: 8,422 | mfu: 2.84 | epoch: 1 | total time: 14.89m
step 00964 (96.40%) | loss: 1.893517 | lrm: 0.12 | dt: 911.81ms | tok/sec: 8,422 | mfu: 2.84 | epoch: 1 | total time: 14.90m
step 00965 (96.50%) | loss: 1.870544 | lrm: 0.12 | dt: 730.04ms | tok/sec: 10,520 | mfu: 3.55 | epoch: 1 | total time: 14.92m
step 00966 (96.60%) | loss: 1.857395 | lrm: 0.11 | dt: 840.37ms | tok/sec: 9,138 | mfu: 3.08 | epoch: 1 | total time: 14.93m
step 00967 (96.70%) | loss: 1.873113 | lrm: 0.11 | dt: 928.78ms | tok/sec: 8,268 | mfu: 2.79 | epoch: 1 | total time: 14.95m
step 00968 (96.80%) | loss: 1.861556 | lrm: 0.11 | dt: 939.37ms | tok/sec: 8,175 | mfu: 2.76 | epoch: 1 | total time: 14.96m
step 00969 (96.90%) | loss: 1.810879 | lrm: 0.10 | dt: 935.88ms | tok/sec: 8,206 | mfu: 2.77 | epoch: 1 | total time: 14.98m
step 00970 (97.00%) | loss: 1.800233 | lrm: 0.10 | dt: 934.16ms | tok/sec: 8,221 | mfu: 2.77 | epoch: 1 | total time: 14.99m
step 00971 (97.10%) | loss: 1.803993 | lrm: 0.10 | dt: 747.54ms | tok/sec: 10,273 | mfu: 3.47 | epoch: 1 | total time: 15.00m
step 00972 (97.20%) | loss: 1.770009 | lrm: 0.09 | dt: 1043.24ms | tok/sec: 7,361 | mfu: 2.48 | epoch: 1 | total time: 15.02m
step 00973 (97.30%) | loss: 1.795991 | lrm: 0.09 | dt: 924.14ms | tok/sec: 8,310 | mfu: 2.80 | epoch: 1 | total time: 15.04m
step 00974 (97.40%) | loss: 1.805537 | lrm: 0.09 | dt: 923.76ms | tok/sec: 8,313 | mfu: 2.81 | epoch: 1 | total time: 15.05m
step 00975 (97.50%) | loss: 1.789812 | lrm: 0.08 | dt: 917.35ms | tok/sec: 8,371 | mfu: 2.82 | epoch: 1 | total time: 15.07m
step 00976 (97.60%) | loss: 1.802054 | lrm: 0.08 | dt: 922.44ms | tok/sec: 8,325 | mfu: 2.81 | epoch: 1 | total time: 15.08m
step 00977 (97.70%) | loss: 1.780774 | lrm: 0.08 | dt: 846.75ms | tok/sec: 9,069 | mfu: 3.06 | epoch: 1 | total time: 15.10m
step 00978 (97.80%) | loss: 1.872167 | lrm: 0.07 | dt: 916.82ms | tok/sec: 8,376 | mfu: 2.83 | epoch: 1 | total time: 15.11m
step 00979 (97.90%) | loss: 1.870776 | lrm: 0.07 | dt: 916.37ms | tok/sec: 8,380 | mfu: 2.83 | epoch: 1 | total time: 15.13m
step 00980 (98.00%) | loss: 1.846265 | lrm: 0.07 | dt: 915.91ms | tok/sec: 8,385 | mfu: 2.83 | epoch: 1 | total time: 15.14m
step 00981 (98.10%) | loss: 1.953890 | lrm: 0.06 | dt: 913.16ms | tok/sec: 8,410 | mfu: 2.84 | epoch: 1 | total time: 15.16m
step 00982 (98.20%) | loss: 1.927496 | lrm: 0.06 | dt: 1022.39ms | tok/sec: 7,511 | mfu: 2.53 | epoch: 1 | total time: 15.18m
step 00983 (98.30%) | loss: 1.903272 | lrm: 0.06 | dt: 912.48ms | tok/sec: 8,416 | mfu: 2.84 | epoch: 1 | total time: 15.19m
step 00984 (98.40%) | loss: 1.807314 | lrm: 0.05 | dt: 907.93ms | tok/sec: 8,458 | mfu: 2.85 | epoch: 1 | total time: 15.21m
step 00985 (98.50%) | loss: 1.850986 | lrm: 0.05 | dt: 913.53ms | tok/sec: 8,406 | mfu: 2.84 | epoch: 1 | total time: 15.22m
step 00986 (98.60%) | loss: 1.748538 | lrm: 0.05 | dt: 910.86ms | tok/sec: 8,431 | mfu: 2.85 | epoch: 1 | total time: 15.24m
step 00987 (98.70%) | loss: 1.751329 | lrm: 0.04 | dt: 1023.38ms | tok/sec: 7,504 | mfu: 2.53 | epoch: 1 | total time: 15.25m
step 00988 (98.80%) | loss: 1.764072 | lrm: 0.04 | dt: 910.10ms | tok/sec: 8,438 | mfu: 2.85 | epoch: 1 | total time: 15.27m
step 00989 (98.90%) | loss: 1.741317 | lrm: 0.04 | dt: 729.41ms | tok/sec: 10,529 | mfu: 3.55 | epoch: 1 | total time: 15.28m
step 00990 (99.00%) | loss: 1.799560 | lrm: 0.03 | dt: 911.55ms | tok/sec: 8,425 | mfu: 2.84 | epoch: 1 | total time: 15.30m
step 00991 (99.10%) | loss: 1.805951 | lrm: 0.03 | dt: 938.62ms | tok/sec: 8,182 | mfu: 2.76 | epoch: 1 | total time: 15.31m
step 00992 (99.20%) | loss: 1.832660 | lrm: 0.03 | dt: 1072.01ms | tok/sec: 7,164 | mfu: 2.42 | epoch: 1 | total time: 15.33m
step 00993 (99.30%) | loss: 1.773607 | lrm: 0.02 | dt: 960.07ms | tok/sec: 7,999 | mfu: 2.70 | epoch: 1 | total time: 15.35m
step 00994 (99.40%) | loss: 1.795811 | lrm: 0.02 | dt: 932.66ms | tok/sec: 8,234 | mfu: 2.78 | epoch: 1 | total time: 15.36m
step 00995 (99.50%) | loss: 1.813430 | lrm: 0.02 | dt: 768.08ms | tok/sec: 9,999 | mfu: 3.37 | epoch: 1 | total time: 15.37m
step 00996 (99.60%) | loss: 1.786053 | lrm: 0.01 | dt: 949.51ms | tok/sec: 8,088 | mfu: 2.73 | epoch: 1 | total time: 15.39m
step 00997 (99.70%) | loss: 1.756521 | lrm: 0.01 | dt: 1105.08ms | tok/sec: 6,949 | mfu: 2.35 | epoch: 1 | total time: 15.41m
step 00998 (99.80%) | loss: 1.726761 | lrm: 0.01 | dt: 1002.78ms | tok/sec: 7,658 | mfu: 2.58 | epoch: 1 | total time: 15.42m
step 00999 (99.90%) | loss: 1.767203 | lrm: 0.00 | dt: 1013.46ms | tok/sec: 7,577 | mfu: 2.56 | epoch: 1 | total time: 15.44m
step 01000 (100.00%) | loss: 1.784235 | lrm: 0.00 | dt: 989.78ms | tok/sec: 7,759 | mfu: 2.62 | epoch: 1 | total time: 15.46m
Step 01000 | Validation bpb: 0.6152
2026-03-19 13:34:27,986 - nanochat.checkpoint_manager - [32m[1mINFO[0m - Saved model parameters to: /home/sun0115/.cache/nanochat/chatsft_checkpoints/d24_r32_lora_nextbest_2026-03-19_1310_s1536_gc/best/model_001000.pt
2026-03-19 13:34:27,987 - nanochat.checkpoint_manager - [32m[1mINFO[0m - Saved metadata to: /home/sun0115/.cache/nanochat/chatsft_checkpoints/d24_r32_lora_nextbest_2026-03-19_1310_s1536_gc/best/meta_001000.json
Saved best checkpoint at step 1000 (val_bpb=0.6152)
Rotated old best checkpoint: step 000750
Saved LoRA adapter weights to /home/sun0115/.cache/nanochat/chatsft_checkpoints/d24_r32_lora_nextbest_2026-03-19_1310_s1536_gc/lora_adapter_001000.pt
Merging LoRA weights into base model for checkpoint...
2026-03-19 13:34:30,079 - nanochat.checkpoint_manager - [32m[1mINFO[0m - Saved model parameters to: /home/sun0115/.cache/nanochat/chatsft_checkpoints/d24_r32_lora_nextbest_2026-03-19_1310_s1536_gc/model_001000.pt
2026-03-19 13:34:30,080 - nanochat.checkpoint_manager - [32m[1mINFO[0m - Saved metadata to: /home/sun0115/.cache/nanochat/chatsft_checkpoints/d24_r32_lora_nextbest_2026-03-19_1310_s1536_gc/meta_001000.json
Peak memory usage: 8031.99MiB
Total training time: 15.46m
Minimum validation bpb: 0.6152
wandb: uploading history steps 119-119, summary, console lines 1098-1102; updating run metadata
wandb: uploading history steps 119-119, summary, console lines 1098-1102; uploading output.log; uploading wandb-summary.json; uploading config.yaml
wandb: uploading history steps 119-119, summary, console lines 1098-1102
wandb: uploading history steps 120-120, summary, console lines 1103-1114
wandb: 
wandb: Run history:
wandb:                 step ▁▁▁▁▁▂▂▂▂▂▃▃▃▃▄▄▄▄▄▄▅▅▆▆▆▆▆▆▆▆▆▇▇▇▇▇▇▇██
wandb: total_training_flops ▁▁▁▂▂▂▂▂▃▃▃▃▃▃▃▄▄▄▄▅▅▅▅▅▅▆▆▆▆▆▆▆▇▇▇█████
wandb:  total_training_time ▁▁▁▁▁▂▂▂▃▃▃▃▃▄▄▄▄▄▄▄▄▅▅▅▅▆▆▆▆▆▇▇▇▇▇▇▇███
wandb:             train/dt ▃▄▄▄▄▄▃▄▇▅▆▇▆▆▆▇▃▃▄▄▅▁▆▇▆▆▇▃▄▃▁█▅▇▇▆▄▄▃▅
wandb:          train/epoch ▁▁▁▁▁▁▁▁▁▁▁▁▁▁▁▁▁▁▁▁▁▁▁▁▁▁▁▁▁▁▁▁▁▁▁▁▁▁▁▁
wandb:           train/loss ▇█▇▅▄▃▄▄▄▃▃▄▂▃▂▃▂▃▁▄▁▄▅▂▂▂▂▃▂▂▃▂▃▁▄▂▂▂▁▁
wandb:            train/lrm ▂▂▃▄▅▆███████████████████▇▇▆▆▆▅▄▄▄▃▃▃▂▂▁
wandb:            train/mfu ▄▄▄▂▄▂▄▄▄█▂▂▄▁▄▄▂▂▂▂▄▄▃▄▆▄▂▃▂▄▁▃▂▄▄▂▂▄▄▃
wandb:    train/tok_per_sec ▄▄▄▂▄▂▄█▂▂▄▃▂▄▂▂▂▂▄▂▂▄▂▂▄▄▂▁▃▂▂▄▄▄▄▄▂▄▄▃
wandb:              val/bpb █▆▄▄▃▃▂▂▂▂▂▂▁▁▁▁▁▁▁▁▁
wandb: 
wandb: Run summary:
wandb:                 step 1000
wandb: total_training_flops 25630041047040000
wandb:  total_training_time 927.50082
wandb:             train/dt 0.98978
wandb:          train/epoch 1
wandb:           train/loss 1.78423
wandb:            train/lrm 0
wandb:            train/mfu 2.61827
wandb:    train/tok_per_sec 7759
wandb:              val/bpb 0.61518
wandb: 
wandb: 🚀 View run d24_r32_lora_nextbest_2026-03-19_1310_s1536_gc at: https://wandb.ai/sunshines-gmail-com/nanochat-sft/runs/ycp91tsy
wandb: ⭐️ View project at: https://wandb.ai/sunshines-gmail-com/nanochat-sft
wandb: Synced 5 W&B file(s), 0 media file(s), 0 artifact file(s) and 0 other file(s)
wandb: Find logs at: ./wandb/run-20260319_131044-ycp91tsy/logs
