2026-02-17 12:09:47,516 - nanochat.common - [32m[1mINFO[0m - Distributed world size: 1
wandb: [wandb.login()] Loaded credentials for https://api.wandb.ai from /home/sun0115/.netrc.
wandb: Currently logged in as: sunshines (sunshines-gmail-com) to https://api.wandb.ai. Use `wandb login --relogin` to force relogin
wandb: setting up run sm8rtit5
wandb: Tracking run with wandb version 0.24.2
wandb: Run data is saved locally in /home/sun0115/nanochat-learn/nanochat/wandb/run-20260217_120947-sm8rtit5
wandb: Run `wandb offline` to turn off syncing.
wandb: Syncing run d18_clean200k_lora_prod_2026-02-17_1209_s1024
wandb: ⭐️ View project at https://wandb.ai/sunshines-gmail-com/nanochat-sft
wandb: 🚀 View run at https://wandb.ai/sunshines-gmail-com/nanochat-sft/runs/sm8rtit5
2026-02-17 12:09:48,853 - nanochat.checkpoint_manager - [32m[1mINFO[0m - Loading model from /home/sun0115/.cache/nanochat/base_checkpoints/d18_clean200k_safe_2026-02-13_1226 with step 200000
2026-02-17 12:09:51,256 - nanochat.checkpoint_manager - [32m[1mINFO[0m - Building model with config: {'sequence_len': 512, 'vocab_size': 32768, 'n_layer': 18, 'n_head': 18, 'n_kv_head': 18, 'n_embd': 1152, 'window_pattern': 'L'}
Skipping torch.compile in LoRA mode for stability
LoRA enabled: rank=64, alpha=128.0
Applied LoRA to 90 layers
Trainable params: 17,252,352 / 719,148,132 (2.40%)
Skipping torch.compile in LoRA mode for stability
Tokens / micro-batch / rank: 1 x 1024 = 1,024
Tokens / micro-batch: 1,024
Total batch size 8,192 => gradient accumulation steps: 8
Using AdamW optimizer for LoRA params with lr=0.0001
Step 00000 | Validation bpb: 0.9116
step 00001 (0.10%) | loss: 1.803574 | lrm: 0.01 | dt: 742.87ms | tok/sec: 11,027 | mfu: 2.43 | epoch: 1 | total time: 0.00m
step 00002 (0.20%) | loss: 2.006051 | lrm: 0.01 | dt: 621.58ms | tok/sec: 13,179 | mfu: 2.90 | epoch: 1 | total time: 0.00m
step 00003 (0.30%) | loss: 2.307922 | lrm: 0.01 | dt: 544.91ms | tok/sec: 15,033 | mfu: 3.31 | epoch: 1 | total time: 0.00m
step 00004 (0.40%) | loss: 2.544550 | lrm: 0.02 | dt: 475.77ms | tok/sec: 17,218 | mfu: 3.79 | epoch: 1 | total time: 0.00m
step 00005 (0.50%) | loss: 2.511459 | lrm: 0.02 | dt: 489.92ms | tok/sec: 16,721 | mfu: 3.68 | epoch: 1 | total time: 0.00m
step 00006 (0.60%) | loss: 2.550043 | lrm: 0.03 | dt: 572.97ms | tok/sec: 14,297 | mfu: 3.15 | epoch: 1 | total time: 0.00m
step 00007 (0.70%) | loss: 2.641406 | lrm: 0.03 | dt: 545.43ms | tok/sec: 15,019 | mfu: 3.31 | epoch: 1 | total time: 0.00m
step 00008 (0.80%) | loss: 2.779354 | lrm: 0.04 | dt: 490.12ms | tok/sec: 16,714 | mfu: 3.68 | epoch: 1 | total time: 0.00m
step 00009 (0.90%) | loss: 2.707945 | lrm: 0.04 | dt: 546.92ms | tok/sec: 14,978 | mfu: 3.30 | epoch: 1 | total time: 0.00m
step 00010 (1.00%) | loss: 2.698410 | lrm: 0.05 | dt: 553.12ms | tok/sec: 14,810 | mfu: 3.26 | epoch: 1 | total time: 0.00m
step 00011 (1.10%) | loss: 2.806017 | lrm: 0.05 | dt: 546.01ms | tok/sec: 15,003 | mfu: 3.30 | epoch: 1 | total time: 0.01m
step 00012 (1.20%) | loss: 2.826515 | lrm: 0.06 | dt: 551.18ms | tok/sec: 14,862 | mfu: 3.27 | epoch: 1 | total time: 0.02m
step 00013 (1.30%) | loss: 2.703614 | lrm: 0.06 | dt: 546.63ms | tok/sec: 14,986 | mfu: 3.30 | epoch: 1 | total time: 0.03m
step 00014 (1.40%) | loss: 2.711975 | lrm: 0.07 | dt: 542.04ms | tok/sec: 15,113 | mfu: 3.33 | epoch: 1 | total time: 0.04m
step 00015 (1.50%) | loss: 2.816172 | lrm: 0.07 | dt: 553.96ms | tok/sec: 14,787 | mfu: 3.26 | epoch: 1 | total time: 0.05m
step 00016 (1.60%) | loss: 2.711458 | lrm: 0.08 | dt: 547.06ms | tok/sec: 14,974 | mfu: 3.30 | epoch: 1 | total time: 0.05m
step 00017 (1.70%) | loss: 2.780852 | lrm: 0.09 | dt: 551.84ms | tok/sec: 14,844 | mfu: 3.27 | epoch: 1 | total time: 0.06m
step 00018 (1.80%) | loss: 2.842265 | lrm: 0.09 | dt: 562.11ms | tok/sec: 14,573 | mfu: 3.21 | epoch: 1 | total time: 0.07m
step 00019 (1.90%) | loss: 2.854897 | lrm: 0.09 | dt: 556.50ms | tok/sec: 14,720 | mfu: 3.24 | epoch: 1 | total time: 0.08m
step 00020 (2.00%) | loss: 2.921868 | lrm: 0.10 | dt: 537.98ms | tok/sec: 15,227 | mfu: 3.35 | epoch: 1 | total time: 0.09m
step 00021 (2.10%) | loss: 2.883201 | lrm: 0.10 | dt: 566.24ms | tok/sec: 14,467 | mfu: 3.19 | epoch: 1 | total time: 0.10m
step 00022 (2.20%) | loss: 2.966039 | lrm: 0.11 | dt: 549.94ms | tok/sec: 14,896 | mfu: 3.28 | epoch: 1 | total time: 0.11m
step 00023 (2.30%) | loss: 3.137745 | lrm: 0.11 | dt: 542.88ms | tok/sec: 15,089 | mfu: 3.32 | epoch: 1 | total time: 0.12m
step 00024 (2.40%) | loss: 3.123682 | lrm: 0.12 | dt: 558.53ms | tok/sec: 14,666 | mfu: 3.23 | epoch: 1 | total time: 0.13m
step 00025 (2.50%) | loss: 3.084460 | lrm: 0.12 | dt: 551.33ms | tok/sec: 14,858 | mfu: 3.27 | epoch: 1 | total time: 0.14m
step 00026 (2.60%) | loss: 3.187810 | lrm: 0.13 | dt: 544.86ms | tok/sec: 15,034 | mfu: 3.31 | epoch: 1 | total time: 0.15m
step 00027 (2.70%) | loss: 3.197583 | lrm: 0.13 | dt: 551.83ms | tok/sec: 14,845 | mfu: 3.27 | epoch: 1 | total time: 0.16m
step 00028 (2.80%) | loss: 3.081971 | lrm: 0.14 | dt: 482.96ms | tok/sec: 16,962 | mfu: 3.73 | epoch: 1 | total time: 0.16m
step 00029 (2.90%) | loss: 3.250562 | lrm: 0.14 | dt: 543.70ms | tok/sec: 15,067 | mfu: 3.32 | epoch: 1 | total time: 0.17m
step 00030 (3.00%) | loss: 3.231622 | lrm: 0.15 | dt: 551.77ms | tok/sec: 14,846 | mfu: 3.27 | epoch: 1 | total time: 0.18m
step 00031 (3.10%) | loss: 3.127176 | lrm: 0.15 | dt: 568.76ms | tok/sec: 14,403 | mfu: 3.17 | epoch: 1 | total time: 0.19m
step 00032 (3.20%) | loss: 3.116685 | lrm: 0.16 | dt: 538.44ms | tok/sec: 15,214 | mfu: 3.35 | epoch: 1 | total time: 0.20m
step 00033 (3.30%) | loss: 3.052891 | lrm: 0.17 | dt: 552.82ms | tok/sec: 14,818 | mfu: 3.26 | epoch: 1 | total time: 0.21m
step 00034 (3.40%) | loss: 2.964738 | lrm: 0.17 | dt: 2171.11ms | tok/sec: 3,773 | mfu: 0.83 | epoch: 1 | total time: 0.25m
step 00035 (3.50%) | loss: 2.965624 | lrm: 0.18 | dt: 493.31ms | tok/sec: 16,606 | mfu: 3.66 | epoch: 1 | total time: 0.25m
step 00036 (3.60%) | loss: 2.976365 | lrm: 0.18 | dt: 497.64ms | tok/sec: 16,461 | mfu: 3.62 | epoch: 1 | total time: 0.26m
step 00037 (3.70%) | loss: 2.936102 | lrm: 0.18 | dt: 580.46ms | tok/sec: 14,112 | mfu: 3.11 | epoch: 1 | total time: 0.27m
step 00038 (3.80%) | loss: 3.021358 | lrm: 0.19 | dt: 573.35ms | tok/sec: 14,287 | mfu: 3.15 | epoch: 1 | total time: 0.28m
step 00039 (3.90%) | loss: 2.991258 | lrm: 0.19 | dt: 541.17ms | tok/sec: 15,137 | mfu: 3.33 | epoch: 1 | total time: 0.29m
step 00040 (4.00%) | loss: 3.023913 | lrm: 0.20 | dt: 554.25ms | tok/sec: 14,780 | mfu: 3.25 | epoch: 1 | total time: 0.30m
step 00041 (4.10%) | loss: 3.073787 | lrm: 0.20 | dt: 553.42ms | tok/sec: 14,802 | mfu: 3.26 | epoch: 1 | total time: 0.31m
step 00042 (4.20%) | loss: 3.056917 | lrm: 0.21 | dt: 578.66ms | tok/sec: 14,156 | mfu: 3.12 | epoch: 1 | total time: 0.32m
step 00043 (4.30%) | loss: 2.954699 | lrm: 0.21 | dt: 565.54ms | tok/sec: 14,485 | mfu: 3.19 | epoch: 1 | total time: 0.33m
step 00044 (4.40%) | loss: 2.981042 | lrm: 0.22 | dt: 583.81ms | tok/sec: 14,031 | mfu: 3.09 | epoch: 1 | total time: 0.34m
step 00045 (4.50%) | loss: 2.865716 | lrm: 0.22 | dt: 540.44ms | tok/sec: 15,157 | mfu: 3.34 | epoch: 1 | total time: 0.35m
step 00046 (4.60%) | loss: 2.811897 | lrm: 0.23 | dt: 542.50ms | tok/sec: 15,100 | mfu: 3.32 | epoch: 1 | total time: 0.36m
step 00047 (4.70%) | loss: 2.740148 | lrm: 0.23 | dt: 538.06ms | tok/sec: 15,224 | mfu: 3.35 | epoch: 1 | total time: 0.37m
step 00048 (4.80%) | loss: 2.762110 | lrm: 0.24 | dt: 561.72ms | tok/sec: 14,583 | mfu: 3.21 | epoch: 1 | total time: 0.37m
step 00049 (4.90%) | loss: 2.717684 | lrm: 0.24 | dt: 542.80ms | tok/sec: 15,092 | mfu: 3.32 | epoch: 1 | total time: 0.38m
step 00050 (5.00%) | loss: 2.706738 | lrm: 0.25 | dt: 561.48ms | tok/sec: 14,590 | mfu: 3.21 | epoch: 1 | total time: 0.39m
Step 00050 | Validation bpb: 0.7594
2026-02-17 12:11:08,187 - nanochat.checkpoint_manager - [32m[1mINFO[0m - Saved model parameters to: /home/sun0115/.cache/nanochat/chatsft_checkpoints/d18_clean200k_lora_prod_2026-02-17_1209_s1024/best/model_000050.pt
2026-02-17 12:11:08,188 - nanochat.checkpoint_manager - [32m[1mINFO[0m - Saved metadata to: /home/sun0115/.cache/nanochat/chatsft_checkpoints/d18_clean200k_lora_prod_2026-02-17_1209_s1024/best/meta_000050.json
Saved best checkpoint at step 50 (val_bpb=0.7594)
step 00051 (5.10%) | loss: 2.661431 | lrm: 0.25 | dt: 711.55ms | tok/sec: 11,512 | mfu: 2.53 | epoch: 1 | total time: 0.40m
step 00052 (5.20%) | loss: 2.583136 | lrm: 0.26 | dt: 570.86ms | tok/sec: 14,350 | mfu: 3.16 | epoch: 1 | total time: 0.41m
step 00053 (5.30%) | loss: 2.588235 | lrm: 0.26 | dt: 595.39ms | tok/sec: 13,759 | mfu: 3.03 | epoch: 1 | total time: 0.42m
step 00054 (5.40%) | loss: 2.507394 | lrm: 0.27 | dt: 551.61ms | tok/sec: 14,850 | mfu: 3.27 | epoch: 1 | total time: 0.43m
step 00055 (5.50%) | loss: 2.496271 | lrm: 0.27 | dt: 576.99ms | tok/sec: 14,197 | mfu: 3.13 | epoch: 1 | total time: 0.44m
step 00056 (5.60%) | loss: 2.504048 | lrm: 0.28 | dt: 587.13ms | tok/sec: 13,952 | mfu: 3.07 | epoch: 1 | total time: 0.45m
step 00057 (5.70%) | loss: 2.451337 | lrm: 0.28 | dt: 559.08ms | tok/sec: 14,652 | mfu: 3.23 | epoch: 1 | total time: 0.46m
step 00058 (5.80%) | loss: 2.507637 | lrm: 0.29 | dt: 574.13ms | tok/sec: 14,268 | mfu: 3.14 | epoch: 1 | total time: 0.47m
step 00059 (5.90%) | loss: 2.515455 | lrm: 0.29 | dt: 2620.52ms | tok/sec: 3,126 | mfu: 0.69 | epoch: 1 | total time: 0.52m
step 00060 (6.00%) | loss: 2.589914 | lrm: 0.30 | dt: 524.00ms | tok/sec: 15,633 | mfu: 3.44 | epoch: 1 | total time: 0.52m
step 00061 (6.10%) | loss: 2.549532 | lrm: 0.30 | dt: 550.04ms | tok/sec: 14,893 | mfu: 3.28 | epoch: 1 | total time: 0.53m
step 00062 (6.20%) | loss: 2.533393 | lrm: 0.31 | dt: 569.61ms | tok/sec: 14,381 | mfu: 3.17 | epoch: 1 | total time: 0.54m
step 00063 (6.30%) | loss: 2.506216 | lrm: 0.32 | dt: 578.00ms | tok/sec: 14,172 | mfu: 3.12 | epoch: 1 | total time: 0.55m
step 00064 (6.40%) | loss: 2.454222 | lrm: 0.32 | dt: 577.45ms | tok/sec: 14,186 | mfu: 3.12 | epoch: 1 | total time: 0.56m
step 00065 (6.50%) | loss: 2.440754 | lrm: 0.33 | dt: 554.25ms | tok/sec: 14,780 | mfu: 3.25 | epoch: 1 | total time: 0.57m
step 00066 (6.60%) | loss: 2.400033 | lrm: 0.33 | dt: 560.49ms | tok/sec: 14,615 | mfu: 3.22 | epoch: 1 | total time: 0.58m
step 00067 (6.70%) | loss: 2.403193 | lrm: 0.34 | dt: 572.41ms | tok/sec: 14,311 | mfu: 3.15 | epoch: 1 | total time: 0.59m
step 00068 (6.80%) | loss: 2.411491 | lrm: 0.34 | dt: 551.76ms | tok/sec: 14,846 | mfu: 3.27 | epoch: 1 | total time: 0.60m
step 00069 (6.90%) | loss: 2.414197 | lrm: 0.35 | dt: 543.25ms | tok/sec: 15,079 | mfu: 3.32 | epoch: 1 | total time: 0.61m
step 00070 (7.00%) | loss: 2.399425 | lrm: 0.35 | dt: 546.43ms | tok/sec: 14,991 | mfu: 3.30 | epoch: 1 | total time: 0.62m
step 00071 (7.10%) | loss: 2.388022 | lrm: 0.35 | dt: 557.11ms | tok/sec: 14,704 | mfu: 3.24 | epoch: 1 | total time: 0.63m
step 00072 (7.20%) | loss: 2.375665 | lrm: 0.36 | dt: 566.22ms | tok/sec: 14,467 | mfu: 3.19 | epoch: 1 | total time: 0.64m
step 00073 (7.30%) | loss: 2.338159 | lrm: 0.36 | dt: 561.38ms | tok/sec: 14,592 | mfu: 3.21 | epoch: 1 | total time: 0.65m
step 00074 (7.40%) | loss: 2.343518 | lrm: 0.37 | dt: 563.35ms | tok/sec: 14,541 | mfu: 3.20 | epoch: 1 | total time: 0.66m
step 00075 (7.50%) | loss: 2.423410 | lrm: 0.37 | dt: 570.42ms | tok/sec: 14,361 | mfu: 3.16 | epoch: 1 | total time: 0.66m
step 00076 (7.60%) | loss: 2.478526 | lrm: 0.38 | dt: 543.98ms | tok/sec: 15,059 | mfu: 3.32 | epoch: 1 | total time: 0.67m
step 00077 (7.70%) | loss: 2.404458 | lrm: 0.38 | dt: 413.32ms | tok/sec: 19,820 | mfu: 4.36 | epoch: 1 | total time: 0.68m
step 00078 (7.80%) | loss: 2.380661 | lrm: 0.39 | dt: 584.36ms | tok/sec: 14,018 | mfu: 3.09 | epoch: 1 | total time: 0.69m
step 00079 (7.90%) | loss: 2.369176 | lrm: 0.39 | dt: 510.56ms | tok/sec: 16,045 | mfu: 3.53 | epoch: 1 | total time: 0.70m
step 00080 (8.00%) | loss: 2.387844 | lrm: 0.40 | dt: 542.61ms | tok/sec: 15,097 | mfu: 3.32 | epoch: 1 | total time: 0.71m
step 00081 (8.10%) | loss: 2.472465 | lrm: 0.40 | dt: 556.06ms | tok/sec: 14,732 | mfu: 3.24 | epoch: 1 | total time: 0.72m
step 00082 (8.20%) | loss: 2.526920 | lrm: 0.41 | dt: 555.13ms | tok/sec: 14,756 | mfu: 3.25 | epoch: 1 | total time: 0.73m
step 00083 (8.30%) | loss: 2.490068 | lrm: 0.41 | dt: 554.29ms | tok/sec: 14,779 | mfu: 3.25 | epoch: 1 | total time: 0.74m
step 00084 (8.40%) | loss: 2.518703 | lrm: 0.42 | dt: 569.39ms | tok/sec: 14,387 | mfu: 3.17 | epoch: 1 | total time: 0.75m
step 00085 (8.50%) | loss: 2.525325 | lrm: 0.42 | dt: 550.41ms | tok/sec: 14,883 | mfu: 3.28 | epoch: 1 | total time: 0.75m
step 00086 (8.60%) | loss: 2.494159 | lrm: 0.43 | dt: 569.42ms | tok/sec: 14,386 | mfu: 3.17 | epoch: 1 | total time: 0.76m
step 00087 (8.70%) | loss: 2.459203 | lrm: 0.43 | dt: 544.87ms | tok/sec: 15,034 | mfu: 3.31 | epoch: 1 | total time: 0.77m
step 00088 (8.80%) | loss: 2.423427 | lrm: 0.44 | dt: 548.39ms | tok/sec: 14,938 | mfu: 3.29 | epoch: 1 | total time: 0.78m
step 00089 (8.90%) | loss: 2.412356 | lrm: 0.44 | dt: 554.28ms | tok/sec: 14,779 | mfu: 3.25 | epoch: 1 | total time: 0.79m
step 00090 (9.00%) | loss: 2.432996 | lrm: 0.45 | dt: 562.09ms | tok/sec: 14,574 | mfu: 3.21 | epoch: 1 | total time: 0.80m
step 00091 (9.10%) | loss: 2.373970 | lrm: 0.45 | dt: 486.57ms | tok/sec: 16,836 | mfu: 3.71 | epoch: 1 | total time: 0.81m
step 00092 (9.20%) | loss: 2.349626 | lrm: 0.46 | dt: 550.18ms | tok/sec: 14,889 | mfu: 3.28 | epoch: 1 | total time: 0.82m
step 00093 (9.30%) | loss: 2.303802 | lrm: 0.46 | dt: 564.69ms | tok/sec: 14,507 | mfu: 3.19 | epoch: 1 | total time: 0.83m
step 00094 (9.40%) | loss: 2.305754 | lrm: 0.47 | dt: 574.21ms | tok/sec: 14,266 | mfu: 3.14 | epoch: 1 | total time: 0.84m
step 00095 (9.50%) | loss: 2.263053 | lrm: 0.47 | dt: 572.50ms | tok/sec: 14,309 | mfu: 3.15 | epoch: 1 | total time: 0.85m
step 00096 (9.60%) | loss: 2.277285 | lrm: 0.48 | dt: 558.22ms | tok/sec: 14,675 | mfu: 3.23 | epoch: 1 | total time: 0.86m
step 00097 (9.70%) | loss: 2.274195 | lrm: 0.48 | dt: 554.57ms | tok/sec: 14,771 | mfu: 3.25 | epoch: 1 | total time: 0.86m
step 00098 (9.80%) | loss: 2.250290 | lrm: 0.49 | dt: 608.81ms | tok/sec: 13,455 | mfu: 2.96 | epoch: 1 | total time: 0.88m
step 00099 (9.90%) | loss: 2.264488 | lrm: 0.49 | dt: 548.70ms | tok/sec: 14,929 | mfu: 3.29 | epoch: 1 | total time: 0.88m
step 00100 (10.00%) | loss: 2.245104 | lrm: 0.50 | dt: 557.23ms | tok/sec: 14,701 | mfu: 3.24 | epoch: 1 | total time: 0.89m
Step 00100 | Validation bpb: 0.7186
2026-02-17 12:11:58,425 - nanochat.checkpoint_manager - [32m[1mINFO[0m - Saved model parameters to: /home/sun0115/.cache/nanochat/chatsft_checkpoints/d18_clean200k_lora_prod_2026-02-17_1209_s1024/best/model_000100.pt
2026-02-17 12:11:58,426 - nanochat.checkpoint_manager - [32m[1mINFO[0m - Saved metadata to: /home/sun0115/.cache/nanochat/chatsft_checkpoints/d18_clean200k_lora_prod_2026-02-17_1209_s1024/best/meta_000100.json
Saved best checkpoint at step 100 (val_bpb=0.7186)
step 00101 (10.10%) | loss: 2.291461 | lrm: 0.51 | dt: 719.01ms | tok/sec: 11,393 | mfu: 2.51 | epoch: 1 | total time: 0.91m
step 00102 (10.20%) | loss: 2.262577 | lrm: 0.51 | dt: 547.41ms | tok/sec: 14,964 | mfu: 3.29 | epoch: 1 | total time: 0.91m
step 00103 (10.30%) | loss: 2.278649 | lrm: 0.51 | dt: 538.99ms | tok/sec: 15,198 | mfu: 3.35 | epoch: 1 | total time: 0.92m
step 00104 (10.40%) | loss: 2.338749 | lrm: 0.52 | dt: 563.44ms | tok/sec: 14,539 | mfu: 3.20 | epoch: 1 | total time: 0.93m
step 00105 (10.50%) | loss: 2.311686 | lrm: 0.52 | dt: 474.46ms | tok/sec: 17,265 | mfu: 3.80 | epoch: 1 | total time: 0.94m
step 00106 (10.60%) | loss: 2.248006 | lrm: 0.53 | dt: 552.56ms | tok/sec: 14,825 | mfu: 3.26 | epoch: 1 | total time: 0.95m
step 00107 (10.70%) | loss: 2.245317 | lrm: 0.53 | dt: 583.51ms | tok/sec: 14,039 | mfu: 3.09 | epoch: 1 | total time: 0.96m
step 00108 (10.80%) | loss: 2.216370 | lrm: 0.54 | dt: 543.20ms | tok/sec: 15,080 | mfu: 3.32 | epoch: 1 | total time: 0.97m
step 00109 (10.90%) | loss: 2.223355 | lrm: 0.54 | dt: 501.36ms | tok/sec: 16,339 | mfu: 3.60 | epoch: 1 | total time: 0.98m
step 00110 (11.00%) | loss: 2.180358 | lrm: 0.55 | dt: 555.80ms | tok/sec: 14,739 | mfu: 3.24 | epoch: 1 | total time: 0.99m
step 00111 (11.10%) | loss: 2.166131 | lrm: 0.55 | dt: 571.76ms | tok/sec: 14,327 | mfu: 3.15 | epoch: 1 | total time: 1.00m
step 00112 (11.20%) | loss: 2.137677 | lrm: 0.56 | dt: 550.45ms | tok/sec: 14,882 | mfu: 3.28 | epoch: 1 | total time: 1.01m
step 00113 (11.30%) | loss: 2.139743 | lrm: 0.56 | dt: 558.63ms | tok/sec: 14,664 | mfu: 3.23 | epoch: 1 | total time: 1.01m
step 00114 (11.40%) | loss: 2.169690 | lrm: 0.57 | dt: 550.83ms | tok/sec: 14,872 | mfu: 3.27 | epoch: 1 | total time: 1.02m
step 00115 (11.50%) | loss: 2.167481 | lrm: 0.57 | dt: 544.83ms | tok/sec: 15,035 | mfu: 3.31 | epoch: 1 | total time: 1.03m
step 00116 (11.60%) | loss: 2.157626 | lrm: 0.58 | dt: 567.29ms | tok/sec: 14,440 | mfu: 3.18 | epoch: 1 | total time: 1.04m
step 00117 (11.70%) | loss: 2.129337 | lrm: 0.58 | dt: 558.35ms | tok/sec: 14,671 | mfu: 3.23 | epoch: 1 | total time: 1.05m
step 00118 (11.80%) | loss: 2.196892 | lrm: 0.59 | dt: 489.25ms | tok/sec: 16,744 | mfu: 3.69 | epoch: 1 | total time: 1.06m
step 00119 (11.90%) | loss: 2.151346 | lrm: 0.59 | dt: 555.76ms | tok/sec: 14,740 | mfu: 3.25 | epoch: 1 | total time: 1.07m
step 00120 (12.00%) | loss: 2.147762 | lrm: 0.60 | dt: 492.78ms | tok/sec: 16,623 | mfu: 3.66 | epoch: 1 | total time: 1.08m
step 00121 (12.10%) | loss: 2.125488 | lrm: 0.60 | dt: 559.96ms | tok/sec: 14,629 | mfu: 3.22 | epoch: 1 | total time: 1.09m
step 00122 (12.20%) | loss: 2.115156 | lrm: 0.61 | dt: 542.22ms | tok/sec: 15,108 | mfu: 3.33 | epoch: 1 | total time: 1.10m
step 00123 (12.30%) | loss: 2.117388 | lrm: 0.61 | dt: 579.31ms | tok/sec: 14,141 | mfu: 3.11 | epoch: 1 | total time: 1.11m
step 00124 (12.40%) | loss: 2.154200 | lrm: 0.62 | dt: 555.78ms | tok/sec: 14,739 | mfu: 3.25 | epoch: 1 | total time: 1.11m
step 00125 (12.50%) | loss: 2.147025 | lrm: 0.62 | dt: 546.41ms | tok/sec: 14,992 | mfu: 3.30 | epoch: 1 | total time: 1.12m
step 00126 (12.60%) | loss: 2.090201 | lrm: 0.63 | dt: 541.71ms | tok/sec: 15,122 | mfu: 3.33 | epoch: 1 | total time: 1.13m
step 00127 (12.70%) | loss: 2.100800 | lrm: 0.64 | dt: 564.34ms | tok/sec: 14,516 | mfu: 3.20 | epoch: 1 | total time: 1.14m
step 00128 (12.80%) | loss: 2.125585 | lrm: 0.64 | dt: 564.48ms | tok/sec: 14,512 | mfu: 3.20 | epoch: 1 | total time: 1.15m
step 00129 (12.90%) | loss: 2.115888 | lrm: 0.65 | dt: 557.38ms | tok/sec: 14,697 | mfu: 3.24 | epoch: 1 | total time: 1.16m
step 00130 (13.00%) | loss: 2.125380 | lrm: 0.65 | dt: 474.59ms | tok/sec: 17,261 | mfu: 3.80 | epoch: 1 | total time: 1.17m
step 00131 (13.10%) | loss: 2.135108 | lrm: 0.66 | dt: 479.83ms | tok/sec: 17,072 | mfu: 3.76 | epoch: 1 | total time: 1.18m
step 00132 (13.20%) | loss: 2.235858 | lrm: 0.66 | dt: 562.97ms | tok/sec: 14,551 | mfu: 3.20 | epoch: 1 | total time: 1.19m
step 00133 (13.30%) | loss: 2.395033 | lrm: 0.67 | dt: 555.50ms | tok/sec: 14,747 | mfu: 3.25 | epoch: 1 | total time: 1.20m
step 00134 (13.40%) | loss: 2.332529 | lrm: 0.67 | dt: 574.89ms | tok/sec: 14,249 | mfu: 3.14 | epoch: 1 | total time: 1.20m
step 00135 (13.50%) | loss: 2.319397 | lrm: 0.68 | dt: 559.05ms | tok/sec: 14,653 | mfu: 3.23 | epoch: 1 | total time: 1.21m
step 00136 (13.60%) | loss: 2.275085 | lrm: 0.68 | dt: 557.88ms | tok/sec: 14,684 | mfu: 3.23 | epoch: 1 | total time: 1.22m
step 00137 (13.70%) | loss: 2.266432 | lrm: 0.69 | dt: 564.97ms | tok/sec: 14,499 | mfu: 3.19 | epoch: 1 | total time: 1.23m
step 00138 (13.80%) | loss: 2.256806 | lrm: 0.69 | dt: 482.82ms | tok/sec: 16,966 | mfu: 3.74 | epoch: 1 | total time: 1.24m
step 00139 (13.90%) | loss: 2.240953 | lrm: 0.70 | dt: 585.68ms | tok/sec: 13,987 | mfu: 3.08 | epoch: 1 | total time: 1.25m
step 00140 (14.00%) | loss: 2.211591 | lrm: 0.70 | dt: 543.13ms | tok/sec: 15,082 | mfu: 3.32 | epoch: 1 | total time: 1.26m
step 00141 (14.10%) | loss: 2.192603 | lrm: 0.70 | dt: 554.56ms | tok/sec: 14,772 | mfu: 3.25 | epoch: 1 | total time: 1.27m
step 00142 (14.20%) | loss: 2.188926 | lrm: 0.71 | dt: 2591.23ms | tok/sec: 3,161 | mfu: 0.70 | epoch: 1 | total time: 1.31m
step 00143 (14.30%) | loss: 2.196998 | lrm: 0.71 | dt: 552.45ms | tok/sec: 14,828 | mfu: 3.26 | epoch: 1 | total time: 1.32m
step 00144 (14.40%) | loss: 2.199767 | lrm: 0.72 | dt: 554.31ms | tok/sec: 14,778 | mfu: 3.25 | epoch: 1 | total time: 1.33m
step 00145 (14.50%) | loss: 2.294066 | lrm: 0.72 | dt: 560.17ms | tok/sec: 14,624 | mfu: 3.22 | epoch: 1 | total time: 1.34m
step 00146 (14.60%) | loss: 2.256924 | lrm: 0.73 | dt: 562.49ms | tok/sec: 14,563 | mfu: 3.21 | epoch: 1 | total time: 1.35m
step 00147 (14.70%) | loss: 2.323192 | lrm: 0.73 | dt: 543.69ms | tok/sec: 15,067 | mfu: 3.32 | epoch: 1 | total time: 1.36m
step 00148 (14.80%) | loss: 2.423935 | lrm: 0.74 | dt: 641.26ms | tok/sec: 12,774 | mfu: 2.81 | epoch: 1 | total time: 1.37m
step 00149 (14.90%) | loss: 2.369180 | lrm: 0.74 | dt: 559.94ms | tok/sec: 14,630 | mfu: 3.22 | epoch: 1 | total time: 1.38m
step 00150 (15.00%) | loss: 2.313832 | lrm: 0.75 | dt: 562.27ms | tok/sec: 14,569 | mfu: 3.21 | epoch: 1 | total time: 1.39m
Step 00150 | Validation bpb: 0.6990
2026-02-17 12:12:46,066 - nanochat.checkpoint_manager - [32m[1mINFO[0m - Saved model parameters to: /home/sun0115/.cache/nanochat/chatsft_checkpoints/d18_clean200k_lora_prod_2026-02-17_1209_s1024/best/model_000150.pt
2026-02-17 12:12:46,067 - nanochat.checkpoint_manager - [32m[1mINFO[0m - Saved metadata to: /home/sun0115/.cache/nanochat/chatsft_checkpoints/d18_clean200k_lora_prod_2026-02-17_1209_s1024/best/meta_000150.json
Saved best checkpoint at step 150 (val_bpb=0.6990)
step 00151 (15.10%) | loss: 2.282090 | lrm: 0.75 | dt: 771.37ms | tok/sec: 10,620 | mfu: 2.34 | epoch: 1 | total time: 1.40m
step 00152 (15.20%) | loss: 2.256615 | lrm: 0.76 | dt: 588.16ms | tok/sec: 13,928 | mfu: 3.07 | epoch: 1 | total time: 1.41m
step 00153 (15.30%) | loss: 2.284434 | lrm: 0.76 | dt: 572.31ms | tok/sec: 14,313 | mfu: 3.15 | epoch: 1 | total time: 1.42m
step 00154 (15.40%) | loss: 2.307978 | lrm: 0.77 | dt: 558.87ms | tok/sec: 14,658 | mfu: 3.23 | epoch: 1 | total time: 1.43m
step 00155 (15.50%) | loss: 2.358586 | lrm: 0.77 | dt: 568.25ms | tok/sec: 14,416 | mfu: 3.17 | epoch: 1 | total time: 1.44m
step 00156 (15.60%) | loss: 2.306333 | lrm: 0.78 | dt: 490.95ms | tok/sec: 16,686 | mfu: 3.67 | epoch: 1 | total time: 1.45m
step 00157 (15.70%) | loss: 2.300551 | lrm: 0.78 | dt: 563.78ms | tok/sec: 14,530 | mfu: 3.20 | epoch: 1 | total time: 1.46m
step 00158 (15.80%) | loss: 2.275862 | lrm: 0.79 | dt: 487.29ms | tok/sec: 16,811 | mfu: 3.70 | epoch: 1 | total time: 1.46m
step 00159 (15.90%) | loss: 2.256913 | lrm: 0.79 | dt: 567.19ms | tok/sec: 14,443 | mfu: 3.18 | epoch: 1 | total time: 1.47m
step 00160 (16.00%) | loss: 2.183980 | lrm: 0.80 | dt: 558.13ms | tok/sec: 14,677 | mfu: 3.23 | epoch: 1 | total time: 1.48m
step 00161 (16.10%) | loss: 2.209820 | lrm: 0.80 | dt: 561.65ms | tok/sec: 14,585 | mfu: 3.21 | epoch: 1 | total time: 1.49m
step 00162 (16.20%) | loss: 2.204110 | lrm: 0.81 | dt: 544.42ms | tok/sec: 15,047 | mfu: 3.31 | epoch: 1 | total time: 1.50m
step 00163 (16.30%) | loss: 2.208075 | lrm: 0.81 | dt: 557.94ms | tok/sec: 14,682 | mfu: 3.23 | epoch: 1 | total time: 1.51m
step 00164 (16.40%) | loss: 2.159454 | lrm: 0.82 | dt: 555.46ms | tok/sec: 14,748 | mfu: 3.25 | epoch: 1 | total time: 1.52m
step 00165 (16.50%) | loss: 2.126183 | lrm: 0.82 | dt: 550.00ms | tok/sec: 14,894 | mfu: 3.28 | epoch: 1 | total time: 1.53m
step 00166 (16.60%) | loss: 2.162147 | lrm: 0.83 | dt: 547.92ms | tok/sec: 14,951 | mfu: 3.29 | epoch: 1 | total time: 1.54m
step 00167 (16.70%) | loss: 2.235986 | lrm: 0.83 | dt: 563.41ms | tok/sec: 14,540 | mfu: 3.20 | epoch: 1 | total time: 1.55m
step 00168 (16.80%) | loss: 2.229873 | lrm: 0.84 | dt: 2614.52ms | tok/sec: 3,133 | mfu: 0.69 | epoch: 1 | total time: 1.59m
step 00169 (16.90%) | loss: 2.211786 | lrm: 0.84 | dt: 561.14ms | tok/sec: 14,598 | mfu: 3.21 | epoch: 1 | total time: 1.60m
step 00170 (17.00%) | loss: 2.203289 | lrm: 0.85 | dt: 568.48ms | tok/sec: 14,410 | mfu: 3.17 | epoch: 1 | total time: 1.61m
step 00171 (17.10%) | loss: 2.377020 | lrm: 0.85 | dt: 568.37ms | tok/sec: 14,413 | mfu: 3.17 | epoch: 1 | total time: 1.62m
step 00172 (17.20%) | loss: 2.330031 | lrm: 0.86 | dt: 550.43ms | tok/sec: 14,882 | mfu: 3.28 | epoch: 1 | total time: 1.63m
step 00173 (17.30%) | loss: 2.301812 | lrm: 0.86 | dt: 572.71ms | tok/sec: 14,303 | mfu: 3.15 | epoch: 1 | total time: 1.64m
step 00174 (17.40%) | loss: 2.234151 | lrm: 0.87 | dt: 542.41ms | tok/sec: 15,102 | mfu: 3.33 | epoch: 1 | total time: 1.65m
step 00175 (17.50%) | loss: 2.183967 | lrm: 0.87 | dt: 566.42ms | tok/sec: 14,462 | mfu: 3.18 | epoch: 1 | total time: 1.66m
step 00176 (17.60%) | loss: 2.141483 | lrm: 0.88 | dt: 542.83ms | tok/sec: 15,091 | mfu: 3.32 | epoch: 1 | total time: 1.67m
step 00177 (17.70%) | loss: 2.142501 | lrm: 0.88 | dt: 579.85ms | tok/sec: 14,127 | mfu: 3.11 | epoch: 1 | total time: 1.68m
step 00178 (17.80%) | loss: 2.176411 | lrm: 0.89 | dt: 479.04ms | tok/sec: 17,101 | mfu: 3.76 | epoch: 1 | total time: 1.68m
step 00179 (17.90%) | loss: 2.241734 | lrm: 0.89 | dt: 552.10ms | tok/sec: 14,837 | mfu: 3.27 | epoch: 1 | total time: 1.69m
step 00180 (18.00%) | loss: 2.215712 | lrm: 0.90 | dt: 557.23ms | tok/sec: 14,701 | mfu: 3.24 | epoch: 1 | total time: 1.70m
step 00181 (18.10%) | loss: 2.262889 | lrm: 0.90 | dt: 542.93ms | tok/sec: 15,088 | mfu: 3.32 | epoch: 1 | total time: 1.71m
step 00182 (18.20%) | loss: 2.237922 | lrm: 0.91 | dt: 556.79ms | tok/sec: 14,712 | mfu: 3.24 | epoch: 1 | total time: 1.72m
step 00183 (18.30%) | loss: 2.212257 | lrm: 0.91 | dt: 553.09ms | tok/sec: 14,811 | mfu: 3.26 | epoch: 1 | total time: 1.73m
step 00184 (18.40%) | loss: 2.161704 | lrm: 0.92 | dt: 563.76ms | tok/sec: 14,531 | mfu: 3.20 | epoch: 1 | total time: 1.74m
step 00185 (18.50%) | loss: 2.118677 | lrm: 0.92 | dt: 563.87ms | tok/sec: 14,528 | mfu: 3.20 | epoch: 1 | total time: 1.75m
step 00186 (18.60%) | loss: 2.130656 | lrm: 0.93 | dt: 546.83ms | tok/sec: 14,980 | mfu: 3.30 | epoch: 1 | total time: 1.76m
step 00187 (18.70%) | loss: 2.121851 | lrm: 0.93 | dt: 551.58ms | tok/sec: 14,851 | mfu: 3.27 | epoch: 1 | total time: 1.77m
step 00188 (18.80%) | loss: 2.097306 | lrm: 0.94 | dt: 543.13ms | tok/sec: 15,083 | mfu: 3.32 | epoch: 1 | total time: 1.78m
step 00189 (18.90%) | loss: 2.102994 | lrm: 0.94 | dt: 538.50ms | tok/sec: 15,212 | mfu: 3.35 | epoch: 1 | total time: 1.78m
step 00190 (19.00%) | loss: 2.079044 | lrm: 0.95 | dt: 498.79ms | tok/sec: 16,423 | mfu: 3.62 | epoch: 1 | total time: 1.79m
step 00191 (19.10%) | loss: 2.014830 | lrm: 0.95 | dt: 479.39ms | tok/sec: 17,088 | mfu: 3.76 | epoch: 1 | total time: 1.80m
step 00192 (19.20%) | loss: 2.060083 | lrm: 0.96 | dt: 544.17ms | tok/sec: 15,054 | mfu: 3.31 | epoch: 1 | total time: 1.81m
step 00193 (19.30%) | loss: 2.081320 | lrm: 0.96 | dt: 546.68ms | tok/sec: 14,985 | mfu: 3.30 | epoch: 1 | total time: 1.82m
step 00194 (19.40%) | loss: 2.081619 | lrm: 0.97 | dt: 542.72ms | tok/sec: 15,094 | mfu: 3.32 | epoch: 1 | total time: 1.83m
step 00195 (19.50%) | loss: 2.066894 | lrm: 0.97 | dt: 537.95ms | tok/sec: 15,228 | mfu: 3.35 | epoch: 1 | total time: 1.84m
step 00196 (19.60%) | loss: 2.071796 | lrm: 0.98 | dt: 552.70ms | tok/sec: 14,821 | mfu: 3.26 | epoch: 1 | total time: 1.85m
step 00197 (19.70%) | loss: 2.124837 | lrm: 0.98 | dt: 552.76ms | tok/sec: 14,820 | mfu: 3.26 | epoch: 1 | total time: 1.86m
step 00198 (19.80%) | loss: 2.071877 | lrm: 0.99 | dt: 535.26ms | tok/sec: 15,304 | mfu: 3.37 | epoch: 1 | total time: 1.86m
step 00199 (19.90%) | loss: 2.069048 | lrm: 0.99 | dt: 553.10ms | tok/sec: 14,810 | mfu: 3.26 | epoch: 1 | total time: 1.87m
step 00200 (20.00%) | loss: 2.033345 | lrm: 1.00 | dt: 537.00ms | tok/sec: 15,255 | mfu: 3.36 | epoch: 1 | total time: 1.88m
Step 00200 | Validation bpb: 0.6863
2026-02-17 12:13:36,046 - nanochat.checkpoint_manager - [32m[1mINFO[0m - Saved model parameters to: /home/sun0115/.cache/nanochat/chatsft_checkpoints/d18_clean200k_lora_prod_2026-02-17_1209_s1024/best/model_000200.pt
2026-02-17 12:13:36,047 - nanochat.checkpoint_manager - [32m[1mINFO[0m - Saved metadata to: /home/sun0115/.cache/nanochat/chatsft_checkpoints/d18_clean200k_lora_prod_2026-02-17_1209_s1024/best/meta_000200.json
Saved best checkpoint at step 200 (val_bpb=0.6863)
step 00201 (20.10%) | loss: 2.030417 | lrm: 1.00 | dt: 964.11ms | tok/sec: 8,496 | mfu: 1.87 | epoch: 1 | total time: 1.90m
step 00202 (20.20%) | loss: 2.062260 | lrm: 1.00 | dt: 567.37ms | tok/sec: 14,438 | mfu: 3.18 | epoch: 1 | total time: 1.91m
step 00203 (20.30%) | loss: 2.035949 | lrm: 1.00 | dt: 547.25ms | tok/sec: 14,969 | mfu: 3.30 | epoch: 1 | total time: 1.92m
step 00204 (20.40%) | loss: 1.976424 | lrm: 1.00 | dt: 505.46ms | tok/sec: 16,207 | mfu: 3.57 | epoch: 1 | total time: 1.93m
step 00205 (20.50%) | loss: 1.952371 | lrm: 1.00 | dt: 545.14ms | tok/sec: 15,027 | mfu: 3.31 | epoch: 1 | total time: 1.93m
step 00206 (20.60%) | loss: 1.927839 | lrm: 1.00 | dt: 550.67ms | tok/sec: 14,876 | mfu: 3.28 | epoch: 1 | total time: 1.94m
step 00207 (20.70%) | loss: 1.962635 | lrm: 1.00 | dt: 546.01ms | tok/sec: 15,003 | mfu: 3.30 | epoch: 1 | total time: 1.95m
step 00208 (20.80%) | loss: 1.991115 | lrm: 1.00 | dt: 567.38ms | tok/sec: 14,438 | mfu: 3.18 | epoch: 1 | total time: 1.96m
step 00209 (20.90%) | loss: 1.993162 | lrm: 1.00 | dt: 566.41ms | tok/sec: 14,463 | mfu: 3.18 | epoch: 1 | total time: 1.97m
step 00210 (21.00%) | loss: 1.928637 | lrm: 1.00 | dt: 565.71ms | tok/sec: 14,480 | mfu: 3.19 | epoch: 1 | total time: 1.98m
step 00211 (21.10%) | loss: 1.968387 | lrm: 1.00 | dt: 536.46ms | tok/sec: 15,270 | mfu: 3.36 | epoch: 1 | total time: 1.99m
step 00212 (21.20%) | loss: 1.940411 | lrm: 1.00 | dt: 576.68ms | tok/sec: 14,205 | mfu: 3.13 | epoch: 1 | total time: 2.00m
step 00213 (21.30%) | loss: 1.933866 | lrm: 1.00 | dt: 569.22ms | tok/sec: 14,391 | mfu: 3.17 | epoch: 1 | total time: 2.01m
step 00214 (21.40%) | loss: 2.004126 | lrm: 1.00 | dt: 542.02ms | tok/sec: 15,113 | mfu: 3.33 | epoch: 1 | total time: 2.02m
step 00215 (21.50%) | loss: 2.007977 | lrm: 1.00 | dt: 539.02ms | tok/sec: 15,197 | mfu: 3.35 | epoch: 1 | total time: 2.03m
step 00216 (21.60%) | loss: 2.019567 | lrm: 1.00 | dt: 564.43ms | tok/sec: 14,513 | mfu: 3.20 | epoch: 1 | total time: 2.04m
step 00217 (21.70%) | loss: 2.055566 | lrm: 1.00 | dt: 549.21ms | tok/sec: 14,915 | mfu: 3.28 | epoch: 1 | total time: 2.05m
step 00218 (21.80%) | loss: 2.211155 | lrm: 1.00 | dt: 535.95ms | tok/sec: 15,285 | mfu: 3.37 | epoch: 1 | total time: 2.06m
step 00219 (21.90%) | loss: 2.182441 | lrm: 1.00 | dt: 546.97ms | tok/sec: 14,977 | mfu: 3.30 | epoch: 1 | total time: 2.06m
step 00220 (22.00%) | loss: 2.201788 | lrm: 1.00 | dt: 538.89ms | tok/sec: 15,201 | mfu: 3.35 | epoch: 1 | total time: 2.07m
step 00221 (22.10%) | loss: 2.247098 | lrm: 1.00 | dt: 543.28ms | tok/sec: 15,078 | mfu: 3.32 | epoch: 1 | total time: 2.08m
step 00222 (22.20%) | loss: 2.248727 | lrm: 1.00 | dt: 491.81ms | tok/sec: 16,656 | mfu: 3.67 | epoch: 1 | total time: 2.09m
step 00223 (22.30%) | loss: 2.223826 | lrm: 1.00 | dt: 547.52ms | tok/sec: 14,962 | mfu: 3.29 | epoch: 1 | total time: 2.10m
step 00224 (22.40%) | loss: 2.148560 | lrm: 1.00 | dt: 557.06ms | tok/sec: 14,705 | mfu: 3.24 | epoch: 1 | total time: 2.11m
step 00225 (22.50%) | loss: 2.172020 | lrm: 1.00 | dt: 574.44ms | tok/sec: 14,260 | mfu: 3.14 | epoch: 1 | total time: 2.12m
step 00226 (22.60%) | loss: 2.127428 | lrm: 1.00 | dt: 578.50ms | tok/sec: 14,160 | mfu: 3.12 | epoch: 1 | total time: 2.13m
step 00227 (22.70%) | loss: 2.136173 | lrm: 1.00 | dt: 550.24ms | tok/sec: 14,887 | mfu: 3.28 | epoch: 1 | total time: 2.14m
step 00228 (22.80%) | loss: 2.111285 | lrm: 1.00 | dt: 557.97ms | tok/sec: 14,681 | mfu: 3.23 | epoch: 1 | total time: 2.15m
step 00229 (22.90%) | loss: 2.202107 | lrm: 1.00 | dt: 497.62ms | tok/sec: 16,462 | mfu: 3.62 | epoch: 1 | total time: 2.15m
step 00230 (23.00%) | loss: 2.160712 | lrm: 1.00 | dt: 571.96ms | tok/sec: 14,322 | mfu: 3.15 | epoch: 1 | total time: 2.16m
step 00231 (23.10%) | loss: 2.069438 | lrm: 1.00 | dt: 592.30ms | tok/sec: 13,830 | mfu: 3.04 | epoch: 1 | total time: 2.17m
step 00232 (23.20%) | loss: 2.031305 | lrm: 1.00 | dt: 547.81ms | tok/sec: 14,954 | mfu: 3.29 | epoch: 1 | total time: 2.18m
step 00233 (23.30%) | loss: 2.081049 | lrm: 1.00 | dt: 501.76ms | tok/sec: 16,326 | mfu: 3.59 | epoch: 1 | total time: 2.19m
step 00234 (23.40%) | loss: 2.095203 | lrm: 1.00 | dt: 519.23ms | tok/sec: 15,777 | mfu: 3.47 | epoch: 1 | total time: 2.20m
step 00235 (23.50%) | loss: 2.095134 | lrm: 1.00 | dt: 544.05ms | tok/sec: 15,057 | mfu: 3.32 | epoch: 1 | total time: 2.21m
step 00236 (23.60%) | loss: 2.116255 | lrm: 1.00 | dt: 570.26ms | tok/sec: 14,365 | mfu: 3.16 | epoch: 1 | total time: 2.22m
step 00237 (23.70%) | loss: 2.086261 | lrm: 1.00 | dt: 481.92ms | tok/sec: 16,998 | mfu: 3.74 | epoch: 1 | total time: 2.23m
step 00238 (23.80%) | loss: 2.141912 | lrm: 1.00 | dt: 546.38ms | tok/sec: 14,993 | mfu: 3.30 | epoch: 1 | total time: 2.24m
step 00239 (23.90%) | loss: 2.112994 | lrm: 1.00 | dt: 572.43ms | tok/sec: 14,310 | mfu: 3.15 | epoch: 1 | total time: 2.25m
step 00240 (24.00%) | loss: 2.105874 | lrm: 1.00 | dt: 557.85ms | tok/sec: 14,685 | mfu: 3.23 | epoch: 1 | total time: 2.25m
step 00241 (24.10%) | loss: 2.053595 | lrm: 1.00 | dt: 552.93ms | tok/sec: 14,815 | mfu: 3.26 | epoch: 1 | total time: 2.26m
step 00242 (24.20%) | loss: 2.014422 | lrm: 1.00 | dt: 563.56ms | tok/sec: 14,536 | mfu: 3.20 | epoch: 1 | total time: 2.27m
step 00243 (24.30%) | loss: 2.052545 | lrm: 1.00 | dt: 564.82ms | tok/sec: 14,503 | mfu: 3.19 | epoch: 1 | total time: 2.28m
step 00244 (24.40%) | loss: 2.027685 | lrm: 1.00 | dt: 553.21ms | tok/sec: 14,808 | mfu: 3.26 | epoch: 1 | total time: 2.29m
step 00245 (24.50%) | loss: 2.053990 | lrm: 1.00 | dt: 546.49ms | tok/sec: 14,990 | mfu: 3.30 | epoch: 1 | total time: 2.30m
step 00246 (24.60%) | loss: 2.040994 | lrm: 1.00 | dt: 565.67ms | tok/sec: 14,481 | mfu: 3.19 | epoch: 1 | total time: 2.31m
step 00247 (24.70%) | loss: 2.095288 | lrm: 1.00 | dt: 490.99ms | tok/sec: 16,684 | mfu: 3.67 | epoch: 1 | total time: 2.32m
step 00248 (24.80%) | loss: 2.079047 | lrm: 1.00 | dt: 545.17ms | tok/sec: 15,026 | mfu: 3.31 | epoch: 1 | total time: 2.33m
step 00249 (24.90%) | loss: 2.041461 | lrm: 1.00 | dt: 545.53ms | tok/sec: 15,016 | mfu: 3.31 | epoch: 1 | total time: 2.34m
step 00250 (25.00%) | loss: 2.024768 | lrm: 1.00 | dt: 578.01ms | tok/sec: 14,172 | mfu: 3.12 | epoch: 1 | total time: 2.35m
Step 00250 | Validation bpb: 0.6784
2026-02-17 12:14:24,125 - nanochat.checkpoint_manager - [32m[1mINFO[0m - Saved model parameters to: /home/sun0115/.cache/nanochat/chatsft_checkpoints/d18_clean200k_lora_prod_2026-02-17_1209_s1024/best/model_000250.pt
2026-02-17 12:14:24,125 - nanochat.checkpoint_manager - [32m[1mINFO[0m - Saved metadata to: /home/sun0115/.cache/nanochat/chatsft_checkpoints/d18_clean200k_lora_prod_2026-02-17_1209_s1024/best/meta_000250.json
Saved best checkpoint at step 250 (val_bpb=0.6784)
step 00251 (25.10%) | loss: 2.041432 | lrm: 1.00 | dt: 786.87ms | tok/sec: 10,410 | mfu: 2.29 | epoch: 1 | total time: 2.36m
step 00252 (25.20%) | loss: 2.011324 | lrm: 1.00 | dt: 591.29ms | tok/sec: 13,854 | mfu: 3.05 | epoch: 1 | total time: 2.37m
step 00253 (25.30%) | loss: 1.994543 | lrm: 1.00 | dt: 556.26ms | tok/sec: 14,726 | mfu: 3.24 | epoch: 1 | total time: 2.38m
step 00254 (25.40%) | loss: 2.033481 | lrm: 1.00 | dt: 544.35ms | tok/sec: 15,049 | mfu: 3.31 | epoch: 1 | total time: 2.39m
step 00255 (25.50%) | loss: 2.025526 | lrm: 1.00 | dt: 551.03ms | tok/sec: 14,866 | mfu: 3.27 | epoch: 1 | total time: 2.40m
step 00256 (25.60%) | loss: 2.040147 | lrm: 1.00 | dt: 568.80ms | tok/sec: 14,402 | mfu: 3.17 | epoch: 1 | total time: 2.41m
step 00257 (25.70%) | loss: 2.050004 | lrm: 1.00 | dt: 570.83ms | tok/sec: 14,351 | mfu: 3.16 | epoch: 1 | total time: 2.42m
step 00258 (25.80%) | loss: 2.049504 | lrm: 1.00 | dt: 558.63ms | tok/sec: 14,664 | mfu: 3.23 | epoch: 1 | total time: 2.43m
step 00259 (25.90%) | loss: 2.022363 | lrm: 1.00 | dt: 587.24ms | tok/sec: 13,949 | mfu: 3.07 | epoch: 1 | total time: 2.44m
step 00260 (26.00%) | loss: 2.038151 | lrm: 1.00 | dt: 545.55ms | tok/sec: 15,016 | mfu: 3.31 | epoch: 1 | total time: 2.44m
step 00261 (26.10%) | loss: 1.979768 | lrm: 1.00 | dt: 545.73ms | tok/sec: 15,011 | mfu: 3.30 | epoch: 1 | total time: 2.45m
step 00262 (26.20%) | loss: 2.011810 | lrm: 1.00 | dt: 544.80ms | tok/sec: 15,036 | mfu: 3.31 | epoch: 1 | total time: 2.46m
step 00263 (26.30%) | loss: 1.999456 | lrm: 1.00 | dt: 554.62ms | tok/sec: 14,770 | mfu: 3.25 | epoch: 1 | total time: 2.47m
step 00264 (26.40%) | loss: 1.947068 | lrm: 1.00 | dt: 570.19ms | tok/sec: 14,367 | mfu: 3.16 | epoch: 1 | total time: 2.48m
step 00265 (26.50%) | loss: 1.950815 | lrm: 1.00 | dt: 587.52ms | tok/sec: 13,943 | mfu: 3.07 | epoch: 1 | total time: 2.49m
step 00266 (26.60%) | loss: 1.979880 | lrm: 1.00 | dt: 482.24ms | tok/sec: 16,987 | mfu: 3.74 | epoch: 1 | total time: 2.50m
step 00267 (26.70%) | loss: 1.994860 | lrm: 1.00 | dt: 543.30ms | tok/sec: 15,078 | mfu: 3.32 | epoch: 1 | total time: 2.51m
step 00268 (26.80%) | loss: 2.029000 | lrm: 1.00 | dt: 488.98ms | tok/sec: 16,753 | mfu: 3.69 | epoch: 1 | total time: 2.52m
step 00269 (26.90%) | loss: 2.023127 | lrm: 1.00 | dt: 573.34ms | tok/sec: 14,288 | mfu: 3.15 | epoch: 1 | total time: 2.53m
step 00270 (27.00%) | loss: 2.052598 | lrm: 1.00 | dt: 547.26ms | tok/sec: 14,969 | mfu: 3.30 | epoch: 1 | total time: 2.53m
step 00271 (27.10%) | loss: 2.052056 | lrm: 1.00 | dt: 550.51ms | tok/sec: 14,880 | mfu: 3.28 | epoch: 1 | total time: 2.54m
step 00272 (27.20%) | loss: 2.157146 | lrm: 1.00 | dt: 548.82ms | tok/sec: 14,926 | mfu: 3.29 | epoch: 1 | total time: 2.55m
step 00273 (27.30%) | loss: 2.115190 | lrm: 1.00 | dt: 550.53ms | tok/sec: 14,880 | mfu: 3.28 | epoch: 1 | total time: 2.56m
step 00274 (27.40%) | loss: 2.081521 | lrm: 1.00 | dt: 585.44ms | tok/sec: 13,992 | mfu: 3.08 | epoch: 1 | total time: 2.57m
step 00275 (27.50%) | loss: 2.131412 | lrm: 1.00 | dt: 547.44ms | tok/sec: 14,964 | mfu: 3.29 | epoch: 1 | total time: 2.58m
step 00276 (27.60%) | loss: 2.167379 | lrm: 1.00 | dt: 2599.24ms | tok/sec: 3,151 | mfu: 0.69 | epoch: 1 | total time: 2.62m
step 00277 (27.70%) | loss: 2.205814 | lrm: 1.00 | dt: 553.52ms | tok/sec: 14,799 | mfu: 3.26 | epoch: 1 | total time: 2.63m
step 00278 (27.80%) | loss: 2.204467 | lrm: 1.00 | dt: 557.96ms | tok/sec: 14,682 | mfu: 3.23 | epoch: 1 | total time: 2.64m
step 00279 (27.90%) | loss: 2.224584 | lrm: 1.00 | dt: 565.17ms | tok/sec: 14,494 | mfu: 3.19 | epoch: 1 | total time: 2.65m
step 00280 (28.00%) | loss: 2.164438 | lrm: 1.00 | dt: 562.49ms | tok/sec: 14,563 | mfu: 3.21 | epoch: 1 | total time: 2.66m
step 00281 (28.10%) | loss: 2.139141 | lrm: 1.00 | dt: 568.83ms | tok/sec: 14,401 | mfu: 3.17 | epoch: 1 | total time: 2.67m
step 00282 (28.20%) | loss: 2.133770 | lrm: 1.00 | dt: 579.78ms | tok/sec: 14,129 | mfu: 3.11 | epoch: 1 | total time: 2.68m
step 00283 (28.30%) | loss: 2.267947 | lrm: 1.00 | dt: 568.75ms | tok/sec: 14,403 | mfu: 3.17 | epoch: 1 | total time: 2.69m
step 00284 (28.40%) | loss: 2.362360 | lrm: 1.00 | dt: 565.57ms | tok/sec: 14,484 | mfu: 3.19 | epoch: 1 | total time: 2.70m
step 00285 (28.50%) | loss: 2.440314 | lrm: 1.00 | dt: 556.77ms | tok/sec: 14,713 | mfu: 3.24 | epoch: 1 | total time: 2.71m
step 00286 (28.60%) | loss: 2.371739 | lrm: 1.00 | dt: 561.56ms | tok/sec: 14,587 | mfu: 3.21 | epoch: 1 | total time: 2.72m
step 00287 (28.70%) | loss: 2.263807 | lrm: 1.00 | dt: 574.35ms | tok/sec: 14,263 | mfu: 3.14 | epoch: 1 | total time: 2.73m
step 00288 (28.80%) | loss: 2.252866 | lrm: 1.00 | dt: 568.47ms | tok/sec: 14,410 | mfu: 3.17 | epoch: 1 | total time: 2.74m
step 00289 (28.90%) | loss: 2.177265 | lrm: 1.00 | dt: 562.00ms | tok/sec: 14,576 | mfu: 3.21 | epoch: 1 | total time: 2.75m
step 00290 (29.00%) | loss: 2.149470 | lrm: 1.00 | dt: 555.98ms | tok/sec: 14,734 | mfu: 3.24 | epoch: 1 | total time: 2.76m
step 00291 (29.10%) | loss: 2.140193 | lrm: 1.00 | dt: 562.18ms | tok/sec: 14,571 | mfu: 3.21 | epoch: 1 | total time: 2.77m
step 00292 (29.20%) | loss: 2.082418 | lrm: 1.00 | dt: 556.39ms | tok/sec: 14,723 | mfu: 3.24 | epoch: 1 | total time: 2.78m
step 00293 (29.30%) | loss: 2.065783 | lrm: 1.00 | dt: 534.08ms | tok/sec: 15,338 | mfu: 3.38 | epoch: 1 | total time: 2.78m
step 00294 (29.40%) | loss: 2.051820 | lrm: 1.00 | dt: 545.91ms | tok/sec: 15,006 | mfu: 3.30 | epoch: 1 | total time: 2.79m
step 00295 (29.50%) | loss: 2.063152 | lrm: 1.00 | dt: 548.51ms | tok/sec: 14,935 | mfu: 3.29 | epoch: 1 | total time: 2.80m
step 00296 (29.60%) | loss: 2.061668 | lrm: 1.00 | dt: 542.77ms | tok/sec: 15,092 | mfu: 3.32 | epoch: 1 | total time: 2.81m
step 00297 (29.70%) | loss: 2.074552 | lrm: 1.00 | dt: 548.84ms | tok/sec: 14,925 | mfu: 3.29 | epoch: 1 | total time: 2.82m
step 00298 (29.80%) | loss: 1.994406 | lrm: 1.00 | dt: 523.52ms | tok/sec: 15,647 | mfu: 3.45 | epoch: 1 | total time: 2.83m
step 00299 (29.90%) | loss: 2.021715 | lrm: 1.00 | dt: 535.45ms | tok/sec: 15,299 | mfu: 3.37 | epoch: 1 | total time: 2.84m
step 00300 (30.00%) | loss: 2.060373 | lrm: 1.00 | dt: 535.66ms | tok/sec: 15,293 | mfu: 3.37 | epoch: 1 | total time: 2.85m
Step 00300 | Validation bpb: 0.6721
2026-02-17 12:15:12,307 - nanochat.checkpoint_manager - [32m[1mINFO[0m - Saved model parameters to: /home/sun0115/.cache/nanochat/chatsft_checkpoints/d18_clean200k_lora_prod_2026-02-17_1209_s1024/best/model_000300.pt
2026-02-17 12:15:12,308 - nanochat.checkpoint_manager - [32m[1mINFO[0m - Saved metadata to: /home/sun0115/.cache/nanochat/chatsft_checkpoints/d18_clean200k_lora_prod_2026-02-17_1209_s1024/best/meta_000300.json
Saved best checkpoint at step 300 (val_bpb=0.6721)
Rotated old best checkpoint: step 000050
step 00301 (30.10%) | loss: 2.071497 | lrm: 1.00 | dt: 2911.11ms | tok/sec: 2,814 | mfu: 0.62 | epoch: 1 | total time: 2.90m
step 00302 (30.20%) | loss: 2.030910 | lrm: 1.00 | dt: 576.79ms | tok/sec: 14,202 | mfu: 3.13 | epoch: 1 | total time: 2.91m
step 00303 (30.30%) | loss: 2.041820 | lrm: 1.00 | dt: 575.95ms | tok/sec: 14,223 | mfu: 3.13 | epoch: 1 | total time: 2.91m
step 00304 (30.40%) | loss: 2.030900 | lrm: 1.00 | dt: 557.06ms | tok/sec: 14,705 | mfu: 3.24 | epoch: 1 | total time: 2.92m
step 00305 (30.50%) | loss: 2.044317 | lrm: 1.00 | dt: 587.64ms | tok/sec: 13,940 | mfu: 3.07 | epoch: 1 | total time: 2.93m
step 00306 (30.60%) | loss: 2.060495 | lrm: 1.00 | dt: 587.86ms | tok/sec: 13,935 | mfu: 3.07 | epoch: 1 | total time: 2.94m
step 00307 (30.70%) | loss: 2.074696 | lrm: 1.00 | dt: 575.09ms | tok/sec: 14,244 | mfu: 3.14 | epoch: 1 | total time: 2.95m
step 00308 (30.80%) | loss: 2.013603 | lrm: 1.00 | dt: 612.99ms | tok/sec: 13,363 | mfu: 2.94 | epoch: 1 | total time: 2.96m
step 00309 (30.90%) | loss: 1.976587 | lrm: 1.00 | dt: 521.54ms | tok/sec: 15,707 | mfu: 3.46 | epoch: 1 | total time: 2.97m
step 00310 (31.00%) | loss: 1.916591 | lrm: 1.00 | dt: 569.06ms | tok/sec: 14,395 | mfu: 3.17 | epoch: 1 | total time: 2.98m
step 00311 (31.10%) | loss: 1.820500 | lrm: 1.00 | dt: 590.18ms | tok/sec: 13,880 | mfu: 3.06 | epoch: 1 | total time: 2.99m
step 00312 (31.20%) | loss: 1.814984 | lrm: 1.00 | dt: 564.89ms | tok/sec: 14,501 | mfu: 3.19 | epoch: 1 | total time: 3.00m
step 00313 (31.30%) | loss: 1.839349 | lrm: 1.00 | dt: 505.51ms | tok/sec: 16,205 | mfu: 3.57 | epoch: 1 | total time: 3.01m
step 00314 (31.40%) | loss: 1.838343 | lrm: 1.00 | dt: 596.90ms | tok/sec: 13,724 | mfu: 3.02 | epoch: 1 | total time: 3.02m
step 00315 (31.50%) | loss: 2.068846 | lrm: 1.00 | dt: 573.98ms | tok/sec: 14,272 | mfu: 3.14 | epoch: 1 | total time: 3.03m
step 00316 (31.60%) | loss: 2.106984 | lrm: 1.00 | dt: 572.24ms | tok/sec: 14,315 | mfu: 3.15 | epoch: 1 | total time: 3.04m
step 00317 (31.70%) | loss: 2.234423 | lrm: 1.00 | dt: 540.87ms | tok/sec: 15,145 | mfu: 3.33 | epoch: 1 | total time: 3.05m
step 00318 (31.80%) | loss: 2.246128 | lrm: 1.00 | dt: 535.92ms | tok/sec: 15,285 | mfu: 3.37 | epoch: 1 | total time: 3.06m
step 00319 (31.90%) | loss: 2.245041 | lrm: 1.00 | dt: 531.09ms | tok/sec: 15,424 | mfu: 3.40 | epoch: 1 | total time: 3.07m
step 00320 (32.00%) | loss: 2.251891 | lrm: 1.00 | dt: 515.91ms | tok/sec: 15,878 | mfu: 3.50 | epoch: 1 | total time: 3.07m
step 00321 (32.10%) | loss: 2.220647 | lrm: 1.00 | dt: 526.51ms | tok/sec: 15,559 | mfu: 3.43 | epoch: 1 | total time: 3.08m
step 00322 (32.20%) | loss: 2.139148 | lrm: 1.00 | dt: 533.00ms | tok/sec: 15,369 | mfu: 3.38 | epoch: 1 | total time: 3.09m
step 00323 (32.30%) | loss: 2.140395 | lrm: 1.00 | dt: 546.98ms | tok/sec: 14,976 | mfu: 3.30 | epoch: 1 | total time: 3.10m
step 00324 (32.40%) | loss: 2.081722 | lrm: 1.00 | dt: 552.19ms | tok/sec: 14,835 | mfu: 3.27 | epoch: 1 | total time: 3.11m
step 00325 (32.50%) | loss: 2.053858 | lrm: 1.00 | dt: 572.28ms | tok/sec: 14,314 | mfu: 3.15 | epoch: 1 | total time: 3.12m
step 00326 (32.60%) | loss: 2.135832 | lrm: 1.00 | dt: 540.28ms | tok/sec: 15,162 | mfu: 3.34 | epoch: 1 | total time: 3.13m
step 00327 (32.70%) | loss: 2.128245 | lrm: 1.00 | dt: 554.14ms | tok/sec: 14,783 | mfu: 3.25 | epoch: 1 | total time: 3.14m
step 00328 (32.80%) | loss: 2.058572 | lrm: 1.00 | dt: 488.85ms | tok/sec: 16,757 | mfu: 3.69 | epoch: 1 | total time: 3.15m
step 00329 (32.90%) | loss: 2.064044 | lrm: 1.00 | dt: 569.26ms | tok/sec: 14,390 | mfu: 3.17 | epoch: 1 | total time: 3.16m
step 00330 (33.00%) | loss: 2.038505 | lrm: 1.00 | dt: 580.49ms | tok/sec: 14,112 | mfu: 3.11 | epoch: 1 | total time: 3.16m
step 00331 (33.10%) | loss: 1.977486 | lrm: 1.00 | dt: 498.33ms | tok/sec: 16,438 | mfu: 3.62 | epoch: 1 | total time: 3.17m
step 00332 (33.20%) | loss: 1.975348 | lrm: 1.00 | dt: 509.78ms | tok/sec: 16,069 | mfu: 3.54 | epoch: 1 | total time: 3.18m
step 00333 (33.30%) | loss: 1.973824 | lrm: 1.00 | dt: 566.97ms | tok/sec: 14,448 | mfu: 3.18 | epoch: 1 | total time: 3.19m
step 00334 (33.40%) | loss: 1.964012 | lrm: 1.00 | dt: 553.98ms | tok/sec: 14,787 | mfu: 3.26 | epoch: 1 | total time: 3.20m
step 00335 (33.50%) | loss: 2.026585 | lrm: 1.00 | dt: 572.05ms | tok/sec: 14,320 | mfu: 3.15 | epoch: 1 | total time: 3.21m
step 00336 (33.60%) | loss: 2.045107 | lrm: 1.00 | dt: 570.28ms | tok/sec: 14,364 | mfu: 3.16 | epoch: 1 | total time: 3.22m
step 00337 (33.70%) | loss: 1.970008 | lrm: 1.00 | dt: 495.63ms | tok/sec: 16,528 | mfu: 3.64 | epoch: 1 | total time: 3.23m
step 00338 (33.80%) | loss: 1.965524 | lrm: 1.00 | dt: 552.41ms | tok/sec: 14,829 | mfu: 3.26 | epoch: 1 | total time: 3.24m
step 00339 (33.90%) | loss: 1.912965 | lrm: 1.00 | dt: 552.92ms | tok/sec: 14,815 | mfu: 3.26 | epoch: 1 | total time: 3.25m
step 00340 (34.00%) | loss: 1.849406 | lrm: 1.00 | dt: 569.56ms | tok/sec: 14,382 | mfu: 3.17 | epoch: 1 | total time: 3.26m
step 00341 (34.10%) | loss: 2.008556 | lrm: 1.00 | dt: 586.03ms | tok/sec: 13,978 | mfu: 3.08 | epoch: 1 | total time: 3.27m
step 00342 (34.20%) | loss: 1.984952 | lrm: 1.00 | dt: 572.32ms | tok/sec: 14,313 | mfu: 3.15 | epoch: 1 | total time: 3.27m
step 00343 (34.30%) | loss: 1.950955 | lrm: 1.00 | dt: 563.67ms | tok/sec: 14,533 | mfu: 3.20 | epoch: 1 | total time: 3.28m
step 00344 (34.40%) | loss: 1.957850 | lrm: 1.00 | dt: 550.04ms | tok/sec: 14,893 | mfu: 3.28 | epoch: 1 | total time: 3.29m
step 00345 (34.50%) | loss: 1.933518 | lrm: 1.00 | dt: 553.81ms | tok/sec: 14,792 | mfu: 3.26 | epoch: 1 | total time: 3.30m
step 00346 (34.60%) | loss: 1.946140 | lrm: 1.00 | dt: 483.83ms | tok/sec: 16,931 | mfu: 3.73 | epoch: 1 | total time: 3.31m
step 00347 (34.70%) | loss: 1.990346 | lrm: 1.00 | dt: 575.68ms | tok/sec: 14,230 | mfu: 3.13 | epoch: 1 | total time: 3.32m
step 00348 (34.80%) | loss: 2.131180 | lrm: 1.00 | dt: 577.32ms | tok/sec: 14,189 | mfu: 3.12 | epoch: 1 | total time: 3.33m
step 00349 (34.90%) | loss: 2.173807 | lrm: 1.00 | dt: 565.80ms | tok/sec: 14,478 | mfu: 3.19 | epoch: 1 | total time: 3.34m
step 00350 (35.00%) | loss: 2.131272 | lrm: 1.00 | dt: 549.23ms | tok/sec: 14,915 | mfu: 3.28 | epoch: 1 | total time: 3.35m
Step 00350 | Validation bpb: 0.6690
2026-02-17 12:16:02,993 - nanochat.checkpoint_manager - [32m[1mINFO[0m - Saved model parameters to: /home/sun0115/.cache/nanochat/chatsft_checkpoints/d18_clean200k_lora_prod_2026-02-17_1209_s1024/best/model_000350.pt
2026-02-17 12:16:02,993 - nanochat.checkpoint_manager - [32m[1mINFO[0m - Saved metadata to: /home/sun0115/.cache/nanochat/chatsft_checkpoints/d18_clean200k_lora_prod_2026-02-17_1209_s1024/best/meta_000350.json
Saved best checkpoint at step 350 (val_bpb=0.6690)
Rotated old best checkpoint: step 000100
step 00351 (35.10%) | loss: 2.106237 | lrm: 1.00 | dt: 889.01ms | tok/sec: 9,214 | mfu: 2.03 | epoch: 1 | total time: 3.36m
step 00352 (35.20%) | loss: 2.052874 | lrm: 1.00 | dt: 557.50ms | tok/sec: 14,694 | mfu: 3.24 | epoch: 1 | total time: 3.37m
step 00353 (35.30%) | loss: 2.036620 | lrm: 1.00 | dt: 554.54ms | tok/sec: 14,772 | mfu: 3.25 | epoch: 1 | total time: 3.38m
step 00354 (35.40%) | loss: 2.001209 | lrm: 1.00 | dt: 483.74ms | tok/sec: 16,934 | mfu: 3.73 | epoch: 1 | total time: 3.39m
step 00355 (35.50%) | loss: 2.033073 | lrm: 1.00 | dt: 553.19ms | tok/sec: 14,808 | mfu: 3.26 | epoch: 1 | total time: 3.40m
step 00356 (35.60%) | loss: 2.057238 | lrm: 1.00 | dt: 541.02ms | tok/sec: 15,141 | mfu: 3.33 | epoch: 1 | total time: 3.41m
step 00357 (35.70%) | loss: 2.099062 | lrm: 1.00 | dt: 548.25ms | tok/sec: 14,942 | mfu: 3.29 | epoch: 1 | total time: 3.42m
step 00358 (35.80%) | loss: 2.110699 | lrm: 1.00 | dt: 520.32ms | tok/sec: 15,744 | mfu: 3.47 | epoch: 1 | total time: 3.43m
step 00359 (35.90%) | loss: 2.107730 | lrm: 1.00 | dt: 519.44ms | tok/sec: 15,770 | mfu: 3.47 | epoch: 1 | total time: 3.43m
step 00360 (36.00%) | loss: 2.091693 | lrm: 1.00 | dt: 528.28ms | tok/sec: 15,507 | mfu: 3.41 | epoch: 1 | total time: 3.44m
step 00361 (36.10%) | loss: 2.111799 | lrm: 1.00 | dt: 518.94ms | tok/sec: 15,785 | mfu: 3.48 | epoch: 1 | total time: 3.45m
step 00362 (36.20%) | loss: 2.190121 | lrm: 1.00 | dt: 532.94ms | tok/sec: 15,371 | mfu: 3.38 | epoch: 1 | total time: 3.46m
step 00363 (36.30%) | loss: 2.173932 | lrm: 1.00 | dt: 536.51ms | tok/sec: 15,269 | mfu: 3.36 | epoch: 1 | total time: 3.47m
step 00364 (36.40%) | loss: 2.144868 | lrm: 1.00 | dt: 482.03ms | tok/sec: 16,994 | mfu: 3.74 | epoch: 1 | total time: 3.48m
step 00365 (36.50%) | loss: 2.102129 | lrm: 1.00 | dt: 547.79ms | tok/sec: 14,954 | mfu: 3.29 | epoch: 1 | total time: 3.49m
step 00366 (36.60%) | loss: 2.161903 | lrm: 1.00 | dt: 558.90ms | tok/sec: 14,657 | mfu: 3.23 | epoch: 1 | total time: 3.50m
step 00367 (36.70%) | loss: 2.001136 | lrm: 1.00 | dt: 556.69ms | tok/sec: 14,715 | mfu: 3.24 | epoch: 1 | total time: 3.51m
step 00368 (36.80%) | loss: 1.983607 | lrm: 1.00 | dt: 571.76ms | tok/sec: 14,327 | mfu: 3.15 | epoch: 1 | total time: 3.52m
step 00369 (36.90%) | loss: 2.033861 | lrm: 1.00 | dt: 499.30ms | tok/sec: 16,407 | mfu: 3.61 | epoch: 1 | total time: 3.52m
step 00370 (37.00%) | loss: 2.018783 | lrm: 1.00 | dt: 484.21ms | tok/sec: 16,918 | mfu: 3.72 | epoch: 1 | total time: 3.53m
step 00371 (37.10%) | loss: 2.028201 | lrm: 1.00 | dt: 560.77ms | tok/sec: 14,608 | mfu: 3.22 | epoch: 1 | total time: 3.54m
step 00372 (37.20%) | loss: 1.994020 | lrm: 1.00 | dt: 491.23ms | tok/sec: 16,676 | mfu: 3.67 | epoch: 1 | total time: 3.55m
step 00373 (37.30%) | loss: 2.070873 | lrm: 1.00 | dt: 579.16ms | tok/sec: 14,144 | mfu: 3.11 | epoch: 1 | total time: 3.56m
step 00374 (37.40%) | loss: 2.042861 | lrm: 1.00 | dt: 554.52ms | tok/sec: 14,773 | mfu: 3.25 | epoch: 1 | total time: 3.57m
step 00375 (37.50%) | loss: 2.019104 | lrm: 1.00 | dt: 546.92ms | tok/sec: 14,978 | mfu: 3.30 | epoch: 1 | total time: 3.58m
step 00376 (37.60%) | loss: 1.952766 | lrm: 1.00 | dt: 573.51ms | tok/sec: 14,283 | mfu: 3.14 | epoch: 1 | total time: 3.59m
step 00377 (37.70%) | loss: 2.007929 | lrm: 1.00 | dt: 547.89ms | tok/sec: 14,951 | mfu: 3.29 | epoch: 1 | total time: 3.60m
step 00378 (37.80%) | loss: 2.056039 | lrm: 1.00 | dt: 545.25ms | tok/sec: 15,024 | mfu: 3.31 | epoch: 1 | total time: 3.60m
step 00379 (37.90%) | loss: 2.058847 | lrm: 1.00 | dt: 495.94ms | tok/sec: 16,517 | mfu: 3.64 | epoch: 1 | total time: 3.61m
step 00380 (38.00%) | loss: 2.062948 | lrm: 1.00 | dt: 557.53ms | tok/sec: 14,693 | mfu: 3.23 | epoch: 1 | total time: 3.62m
step 00381 (38.10%) | loss: 2.136787 | lrm: 1.00 | dt: 545.81ms | tok/sec: 15,008 | mfu: 3.30 | epoch: 1 | total time: 3.63m
step 00382 (38.20%) | loss: 2.082974 | lrm: 1.00 | dt: 564.82ms | tok/sec: 14,503 | mfu: 3.19 | epoch: 1 | total time: 3.64m
step 00383 (38.30%) | loss: 1.958902 | lrm: 1.00 | dt: 488.23ms | tok/sec: 16,778 | mfu: 3.69 | epoch: 1 | total time: 3.65m
step 00384 (38.40%) | loss: 1.961912 | lrm: 1.00 | dt: 2442.67ms | tok/sec: 3,353 | mfu: 0.74 | epoch: 1 | total time: 3.69m
step 00385 (38.50%) | loss: 1.914083 | lrm: 1.00 | dt: 556.67ms | tok/sec: 14,715 | mfu: 3.24 | epoch: 1 | total time: 3.70m
step 00386 (38.60%) | loss: 2.031548 | lrm: 1.00 | dt: 557.87ms | tok/sec: 14,684 | mfu: 3.23 | epoch: 1 | total time: 3.71m
step 00387 (38.70%) | loss: 2.069365 | lrm: 1.00 | dt: 602.48ms | tok/sec: 13,597 | mfu: 2.99 | epoch: 1 | total time: 3.72m
step 00388 (38.80%) | loss: 2.065684 | lrm: 1.00 | dt: 608.41ms | tok/sec: 13,464 | mfu: 2.96 | epoch: 1 | total time: 3.73m
step 00389 (38.90%) | loss: 2.006988 | lrm: 1.00 | dt: 604.23ms | tok/sec: 13,557 | mfu: 2.98 | epoch: 1 | total time: 3.74m
step 00390 (39.00%) | loss: 2.002137 | lrm: 1.00 | dt: 582.91ms | tok/sec: 14,053 | mfu: 3.09 | epoch: 1 | total time: 3.75m
step 00391 (39.10%) | loss: 1.987904 | lrm: 1.00 | dt: 574.93ms | tok/sec: 14,248 | mfu: 3.14 | epoch: 1 | total time: 3.76m
step 00392 (39.20%) | loss: 1.941924 | lrm: 1.00 | dt: 570.41ms | tok/sec: 14,361 | mfu: 3.16 | epoch: 1 | total time: 3.77m
step 00393 (39.30%) | loss: 1.953016 | lrm: 1.00 | dt: 561.10ms | tok/sec: 14,599 | mfu: 3.21 | epoch: 1 | total time: 3.78m
step 00394 (39.40%) | loss: 1.970353 | lrm: 1.00 | dt: 565.12ms | tok/sec: 14,495 | mfu: 3.19 | epoch: 1 | total time: 3.79m
step 00395 (39.50%) | loss: 1.945200 | lrm: 1.00 | dt: 579.20ms | tok/sec: 14,143 | mfu: 3.11 | epoch: 1 | total time: 3.80m
step 00396 (39.60%) | loss: 1.920164 | lrm: 1.00 | dt: 561.84ms | tok/sec: 14,580 | mfu: 3.21 | epoch: 1 | total time: 3.81m
step 00397 (39.70%) | loss: 1.945574 | lrm: 1.00 | dt: 563.48ms | tok/sec: 14,538 | mfu: 3.20 | epoch: 1 | total time: 3.81m
step 00398 (39.80%) | loss: 1.980922 | lrm: 1.00 | dt: 550.70ms | tok/sec: 14,875 | mfu: 3.27 | epoch: 1 | total time: 3.82m
step 00399 (39.90%) | loss: 1.845024 | lrm: 1.00 | dt: 569.05ms | tok/sec: 14,395 | mfu: 3.17 | epoch: 1 | total time: 3.83m
step 00400 (40.00%) | loss: 1.822661 | lrm: 1.00 | dt: 551.84ms | tok/sec: 14,844 | mfu: 3.27 | epoch: 1 | total time: 3.84m
Step 00400 | Validation bpb: 0.6637
2026-02-17 12:16:50,672 - nanochat.checkpoint_manager - [32m[1mINFO[0m - Saved model parameters to: /home/sun0115/.cache/nanochat/chatsft_checkpoints/d18_clean200k_lora_prod_2026-02-17_1209_s1024/best/model_000400.pt
2026-02-17 12:16:50,673 - nanochat.checkpoint_manager - [32m[1mINFO[0m - Saved metadata to: /home/sun0115/.cache/nanochat/chatsft_checkpoints/d18_clean200k_lora_prod_2026-02-17_1209_s1024/best/meta_000400.json
Saved best checkpoint at step 400 (val_bpb=0.6637)
Rotated old best checkpoint: step 000150
step 00401 (40.10%) | loss: 1.823237 | lrm: 1.00 | dt: 745.45ms | tok/sec: 10,989 | mfu: 2.42 | epoch: 1 | total time: 3.85m
step 00402 (40.20%) | loss: 1.811928 | lrm: 1.00 | dt: 715.20ms | tok/sec: 11,454 | mfu: 2.52 | epoch: 1 | total time: 3.87m
step 00403 (40.30%) | loss: 1.779211 | lrm: 1.00 | dt: 480.14ms | tok/sec: 17,061 | mfu: 3.76 | epoch: 1 | total time: 3.87m
step 00404 (40.40%) | loss: 1.800945 | lrm: 1.00 | dt: 560.39ms | tok/sec: 14,618 | mfu: 3.22 | epoch: 1 | total time: 3.88m
step 00405 (40.50%) | loss: 1.831158 | lrm: 1.00 | dt: 567.00ms | tok/sec: 14,447 | mfu: 3.18 | epoch: 1 | total time: 3.89m
step 00406 (40.60%) | loss: 1.821579 | lrm: 1.00 | dt: 577.05ms | tok/sec: 14,196 | mfu: 3.13 | epoch: 1 | total time: 3.90m
step 00407 (40.70%) | loss: 1.779665 | lrm: 1.00 | dt: 558.03ms | tok/sec: 14,680 | mfu: 3.23 | epoch: 1 | total time: 3.91m
step 00408 (40.80%) | loss: 1.773389 | lrm: 1.00 | dt: 479.12ms | tok/sec: 17,097 | mfu: 3.76 | epoch: 1 | total time: 3.92m
step 00409 (40.90%) | loss: 1.755559 | lrm: 1.00 | dt: 2505.33ms | tok/sec: 3,269 | mfu: 0.72 | epoch: 1 | total time: 3.96m
step 00410 (41.00%) | loss: 1.741811 | lrm: 1.00 | dt: 577.62ms | tok/sec: 14,182 | mfu: 3.12 | epoch: 1 | total time: 3.97m
step 00411 (41.10%) | loss: 1.678530 | lrm: 1.00 | dt: 577.95ms | tok/sec: 14,174 | mfu: 3.12 | epoch: 1 | total time: 3.98m
step 00412 (41.20%) | loss: 1.650531 | lrm: 1.00 | dt: 528.08ms | tok/sec: 15,512 | mfu: 3.42 | epoch: 1 | total time: 3.99m
step 00413 (41.30%) | loss: 1.602079 | lrm: 1.00 | dt: 584.83ms | tok/sec: 14,007 | mfu: 3.08 | epoch: 1 | total time: 4.00m
step 00414 (41.40%) | loss: 1.616996 | lrm: 1.00 | dt: 575.21ms | tok/sec: 14,241 | mfu: 3.14 | epoch: 1 | total time: 4.01m
step 00415 (41.50%) | loss: 1.638338 | lrm: 1.00 | dt: 590.43ms | tok/sec: 13,874 | mfu: 3.05 | epoch: 1 | total time: 4.02m
step 00416 (41.60%) | loss: 1.633004 | lrm: 1.00 | dt: 589.12ms | tok/sec: 13,905 | mfu: 3.06 | epoch: 1 | total time: 4.03m
step 00417 (41.70%) | loss: 1.721433 | lrm: 1.00 | dt: 535.13ms | tok/sec: 15,308 | mfu: 3.37 | epoch: 1 | total time: 4.04m
step 00418 (41.80%) | loss: 1.749323 | lrm: 1.00 | dt: 526.94ms | tok/sec: 15,546 | mfu: 3.42 | epoch: 1 | total time: 4.05m
step 00419 (41.90%) | loss: 1.773146 | lrm: 1.00 | dt: 611.03ms | tok/sec: 13,406 | mfu: 2.95 | epoch: 1 | total time: 4.06m
step 00420 (42.00%) | loss: 1.741707 | lrm: 1.00 | dt: 592.62ms | tok/sec: 13,823 | mfu: 3.04 | epoch: 1 | total time: 4.07m
step 00421 (42.10%) | loss: 1.757664 | lrm: 1.00 | dt: 605.92ms | tok/sec: 13,520 | mfu: 2.98 | epoch: 1 | total time: 4.08m
step 00422 (42.20%) | loss: 1.821861 | lrm: 1.00 | dt: 555.18ms | tok/sec: 14,755 | mfu: 3.25 | epoch: 1 | total time: 4.09m
step 00423 (42.30%) | loss: 1.883588 | lrm: 1.00 | dt: 570.45ms | tok/sec: 14,360 | mfu: 3.16 | epoch: 1 | total time: 4.10m
step 00424 (42.40%) | loss: 1.794898 | lrm: 1.00 | dt: 558.53ms | tok/sec: 14,666 | mfu: 3.23 | epoch: 1 | total time: 4.11m
step 00425 (42.50%) | loss: 1.674858 | lrm: 1.00 | dt: 551.55ms | tok/sec: 14,852 | mfu: 3.27 | epoch: 1 | total time: 4.11m
step 00426 (42.60%) | loss: 1.888456 | lrm: 1.00 | dt: 578.85ms | tok/sec: 14,152 | mfu: 3.12 | epoch: 1 | total time: 4.12m
step 00427 (42.70%) | loss: 1.876350 | lrm: 1.00 | dt: 561.93ms | tok/sec: 14,578 | mfu: 3.21 | epoch: 1 | total time: 4.13m
step 00428 (42.80%) | loss: 1.857446 | lrm: 1.00 | dt: 548.42ms | tok/sec: 14,937 | mfu: 3.29 | epoch: 1 | total time: 4.14m
step 00429 (42.90%) | loss: 1.764402 | lrm: 1.00 | dt: 553.43ms | tok/sec: 14,802 | mfu: 3.26 | epoch: 1 | total time: 4.15m
step 00430 (43.00%) | loss: 1.793893 | lrm: 1.00 | dt: 545.91ms | tok/sec: 15,006 | mfu: 3.30 | epoch: 1 | total time: 4.16m
step 00431 (43.10%) | loss: 1.831933 | lrm: 1.00 | dt: 556.46ms | tok/sec: 14,721 | mfu: 3.24 | epoch: 1 | total time: 4.17m
step 00432 (43.20%) | loss: 1.735533 | lrm: 1.00 | dt: 549.33ms | tok/sec: 14,912 | mfu: 3.28 | epoch: 1 | total time: 4.18m
step 00433 (43.30%) | loss: 1.760703 | lrm: 1.00 | dt: 549.65ms | tok/sec: 14,904 | mfu: 3.28 | epoch: 1 | total time: 4.19m
step 00434 (43.40%) | loss: 1.704314 | lrm: 1.00 | dt: 558.50ms | tok/sec: 14,667 | mfu: 3.23 | epoch: 1 | total time: 4.20m
step 00435 (43.50%) | loss: 1.748128 | lrm: 1.00 | dt: 549.31ms | tok/sec: 14,913 | mfu: 3.28 | epoch: 1 | total time: 4.21m
step 00436 (43.60%) | loss: 1.848218 | lrm: 1.00 | dt: 427.63ms | tok/sec: 19,156 | mfu: 4.22 | epoch: 1 | total time: 4.21m
step 00437 (43.70%) | loss: 1.860362 | lrm: 1.00 | dt: 561.30ms | tok/sec: 14,594 | mfu: 3.21 | epoch: 1 | total time: 4.22m
step 00438 (43.80%) | loss: 1.934568 | lrm: 1.00 | dt: 542.81ms | tok/sec: 15,091 | mfu: 3.32 | epoch: 1 | total time: 4.23m
step 00439 (43.90%) | loss: 2.002893 | lrm: 1.00 | dt: 545.47ms | tok/sec: 15,018 | mfu: 3.31 | epoch: 1 | total time: 4.24m
step 00440 (44.00%) | loss: 1.926854 | lrm: 1.00 | dt: 534.80ms | tok/sec: 15,317 | mfu: 3.37 | epoch: 1 | total time: 4.25m
step 00441 (44.10%) | loss: 1.941571 | lrm: 1.00 | dt: 525.06ms | tok/sec: 15,602 | mfu: 3.43 | epoch: 1 | total time: 4.26m
step 00442 (44.20%) | loss: 2.021777 | lrm: 1.00 | dt: 534.86ms | tok/sec: 15,316 | mfu: 3.37 | epoch: 1 | total time: 4.27m
step 00443 (44.30%) | loss: 2.020385 | lrm: 1.00 | dt: 559.72ms | tok/sec: 14,635 | mfu: 3.22 | epoch: 1 | total time: 4.28m
step 00444 (44.40%) | loss: 1.960425 | lrm: 1.00 | dt: 525.77ms | tok/sec: 15,581 | mfu: 3.43 | epoch: 1 | total time: 4.29m
step 00445 (44.50%) | loss: 1.977529 | lrm: 1.00 | dt: 542.54ms | tok/sec: 15,099 | mfu: 3.32 | epoch: 1 | total time: 4.30m
step 00446 (44.60%) | loss: 1.984018 | lrm: 1.00 | dt: 527.76ms | tok/sec: 15,522 | mfu: 3.42 | epoch: 1 | total time: 4.30m
step 00447 (44.70%) | loss: 1.987877 | lrm: 1.00 | dt: 546.13ms | tok/sec: 15,000 | mfu: 3.30 | epoch: 1 | total time: 4.31m
step 00448 (44.80%) | loss: 1.971819 | lrm: 1.00 | dt: 465.97ms | tok/sec: 17,580 | mfu: 3.87 | epoch: 1 | total time: 4.32m
step 00449 (44.90%) | loss: 1.923595 | lrm: 1.00 | dt: 540.79ms | tok/sec: 15,148 | mfu: 3.34 | epoch: 1 | total time: 4.33m
step 00450 (45.00%) | loss: 1.923298 | lrm: 1.00 | dt: 525.85ms | tok/sec: 15,578 | mfu: 3.43 | epoch: 1 | total time: 4.34m
Step 00450 | Validation bpb: 0.6607
2026-02-17 12:17:41,438 - nanochat.checkpoint_manager - [32m[1mINFO[0m - Saved model parameters to: /home/sun0115/.cache/nanochat/chatsft_checkpoints/d18_clean200k_lora_prod_2026-02-17_1209_s1024/best/model_000450.pt
2026-02-17 12:17:41,439 - nanochat.checkpoint_manager - [32m[1mINFO[0m - Saved metadata to: /home/sun0115/.cache/nanochat/chatsft_checkpoints/d18_clean200k_lora_prod_2026-02-17_1209_s1024/best/meta_000450.json
Saved best checkpoint at step 450 (val_bpb=0.6607)
Rotated old best checkpoint: step 000200
step 00451 (45.10%) | loss: 1.929084 | lrm: 1.00 | dt: 978.84ms | tok/sec: 8,369 | mfu: 1.84 | epoch: 1 | total time: 4.35m
step 00452 (45.20%) | loss: 1.910346 | lrm: 1.00 | dt: 592.77ms | tok/sec: 13,819 | mfu: 3.04 | epoch: 1 | total time: 4.36m
step 00453 (45.30%) | loss: 1.902664 | lrm: 1.00 | dt: 564.87ms | tok/sec: 14,502 | mfu: 3.19 | epoch: 1 | total time: 4.37m
step 00454 (45.40%) | loss: 1.871611 | lrm: 1.00 | dt: 541.63ms | tok/sec: 15,124 | mfu: 3.33 | epoch: 1 | total time: 4.38m
step 00455 (45.50%) | loss: 1.895073 | lrm: 1.00 | dt: 560.45ms | tok/sec: 14,616 | mfu: 3.22 | epoch: 1 | total time: 4.39m
step 00456 (45.60%) | loss: 1.884701 | lrm: 1.00 | dt: 500.08ms | tok/sec: 16,381 | mfu: 3.61 | epoch: 1 | total time: 4.40m
step 00457 (45.70%) | loss: 1.884728 | lrm: 1.00 | dt: 559.51ms | tok/sec: 14,641 | mfu: 3.22 | epoch: 1 | total time: 4.41m
step 00458 (45.80%) | loss: 1.921628 | lrm: 1.00 | dt: 551.41ms | tok/sec: 14,856 | mfu: 3.27 | epoch: 1 | total time: 4.42m
step 00459 (45.90%) | loss: 1.976766 | lrm: 1.00 | dt: 555.05ms | tok/sec: 14,759 | mfu: 3.25 | epoch: 1 | total time: 4.43m
step 00460 (46.00%) | loss: 1.978367 | lrm: 1.00 | dt: 551.96ms | tok/sec: 14,841 | mfu: 3.27 | epoch: 1 | total time: 4.44m
step 00461 (46.10%) | loss: 1.938612 | lrm: 1.00 | dt: 570.37ms | tok/sec: 14,362 | mfu: 3.16 | epoch: 1 | total time: 4.45m
step 00462 (46.20%) | loss: 2.100316 | lrm: 1.00 | dt: 525.84ms | tok/sec: 15,578 | mfu: 3.43 | epoch: 1 | total time: 4.46m
step 00463 (46.30%) | loss: 2.076575 | lrm: 1.00 | dt: 534.98ms | tok/sec: 15,312 | mfu: 3.37 | epoch: 1 | total time: 4.47m
step 00464 (46.40%) | loss: 1.975539 | lrm: 1.00 | dt: 527.85ms | tok/sec: 15,519 | mfu: 3.42 | epoch: 1 | total time: 4.47m
step 00465 (46.50%) | loss: 1.918955 | lrm: 1.00 | dt: 537.55ms | tok/sec: 15,239 | mfu: 3.36 | epoch: 1 | total time: 4.48m
step 00466 (46.60%) | loss: 1.822214 | lrm: 1.00 | dt: 549.82ms | tok/sec: 14,899 | mfu: 3.28 | epoch: 1 | total time: 4.49m
step 00467 (46.70%) | loss: 1.688997 | lrm: 1.00 | dt: 540.37ms | tok/sec: 15,159 | mfu: 3.34 | epoch: 1 | total time: 4.50m
step 00468 (46.80%) | loss: 1.732142 | lrm: 1.00 | dt: 554.07ms | tok/sec: 14,785 | mfu: 3.26 | epoch: 1 | total time: 4.51m
step 00469 (46.90%) | loss: 1.710114 | lrm: 1.00 | dt: 546.97ms | tok/sec: 14,977 | mfu: 3.30 | epoch: 1 | total time: 4.52m
step 00470 (47.00%) | loss: 1.743307 | lrm: 1.00 | dt: 543.32ms | tok/sec: 15,077 | mfu: 3.32 | epoch: 1 | total time: 4.53m
step 00471 (47.10%) | loss: 1.773310 | lrm: 1.00 | dt: 524.54ms | tok/sec: 15,617 | mfu: 3.44 | epoch: 1 | total time: 4.54m
step 00472 (47.20%) | loss: 1.850556 | lrm: 1.00 | dt: 527.23ms | tok/sec: 15,537 | mfu: 3.42 | epoch: 1 | total time: 4.55m
step 00473 (47.30%) | loss: 1.897419 | lrm: 1.00 | dt: 575.64ms | tok/sec: 14,231 | mfu: 3.13 | epoch: 1 | total time: 4.56m
step 00474 (47.40%) | loss: 1.898737 | lrm: 1.00 | dt: 567.54ms | tok/sec: 14,434 | mfu: 3.18 | epoch: 1 | total time: 4.57m
step 00475 (47.50%) | loss: 1.962383 | lrm: 1.00 | dt: 560.58ms | tok/sec: 14,613 | mfu: 3.22 | epoch: 1 | total time: 4.57m
step 00476 (47.60%) | loss: 1.979188 | lrm: 1.00 | dt: 562.81ms | tok/sec: 14,555 | mfu: 3.20 | epoch: 1 | total time: 4.58m
step 00477 (47.70%) | loss: 1.997238 | lrm: 1.00 | dt: 556.44ms | tok/sec: 14,722 | mfu: 3.24 | epoch: 1 | total time: 4.59m
step 00478 (47.80%) | loss: 2.038988 | lrm: 1.00 | dt: 558.92ms | tok/sec: 14,656 | mfu: 3.23 | epoch: 1 | total time: 4.60m
step 00479 (47.90%) | loss: 2.166015 | lrm: 1.00 | dt: 553.09ms | tok/sec: 14,811 | mfu: 3.26 | epoch: 1 | total time: 4.61m
step 00480 (48.00%) | loss: 2.096965 | lrm: 1.00 | dt: 549.64ms | tok/sec: 14,904 | mfu: 3.28 | epoch: 1 | total time: 4.62m
step 00481 (48.10%) | loss: 2.025262 | lrm: 1.00 | dt: 581.24ms | tok/sec: 14,094 | mfu: 3.10 | epoch: 1 | total time: 4.63m
step 00482 (48.20%) | loss: 2.004484 | lrm: 1.00 | dt: 562.20ms | tok/sec: 14,571 | mfu: 3.21 | epoch: 1 | total time: 4.64m
step 00483 (48.30%) | loss: 2.021552 | lrm: 1.00 | dt: 558.25ms | tok/sec: 14,674 | mfu: 3.23 | epoch: 1 | total time: 4.65m
step 00484 (48.40%) | loss: 2.086786 | lrm: 1.00 | dt: 559.52ms | tok/sec: 14,641 | mfu: 3.22 | epoch: 1 | total time: 4.66m
step 00485 (48.50%) | loss: 2.075081 | lrm: 1.00 | dt: 549.64ms | tok/sec: 14,904 | mfu: 3.28 | epoch: 1 | total time: 4.67m
step 00486 (48.60%) | loss: 2.030918 | lrm: 1.00 | dt: 551.82ms | tok/sec: 14,845 | mfu: 3.27 | epoch: 1 | total time: 4.68m
step 00487 (48.70%) | loss: 2.013868 | lrm: 1.00 | dt: 551.01ms | tok/sec: 14,867 | mfu: 3.27 | epoch: 1 | total time: 4.69m
step 00488 (48.80%) | loss: 2.003561 | lrm: 1.00 | dt: 549.32ms | tok/sec: 14,912 | mfu: 3.28 | epoch: 1 | total time: 4.70m
step 00489 (48.90%) | loss: 2.041806 | lrm: 1.00 | dt: 568.88ms | tok/sec: 14,400 | mfu: 3.17 | epoch: 1 | total time: 4.70m
step 00490 (49.00%) | loss: 2.040938 | lrm: 1.00 | dt: 2467.10ms | tok/sec: 3,320 | mfu: 0.73 | epoch: 1 | total time: 4.75m
step 00491 (49.10%) | loss: 2.042827 | lrm: 1.00 | dt: 600.42ms | tok/sec: 13,643 | mfu: 3.00 | epoch: 1 | total time: 4.76m
step 00492 (49.20%) | loss: 2.053003 | lrm: 1.00 | dt: 540.87ms | tok/sec: 15,145 | mfu: 3.33 | epoch: 1 | total time: 4.76m
step 00493 (49.30%) | loss: 2.085512 | lrm: 1.00 | dt: 587.15ms | tok/sec: 13,952 | mfu: 3.07 | epoch: 1 | total time: 4.77m
step 00494 (49.40%) | loss: 2.058879 | lrm: 1.00 | dt: 610.22ms | tok/sec: 13,424 | mfu: 2.96 | epoch: 1 | total time: 4.78m
step 00495 (49.50%) | loss: 2.056110 | lrm: 1.00 | dt: 616.63ms | tok/sec: 13,285 | mfu: 2.92 | epoch: 1 | total time: 4.79m
step 00496 (49.60%) | loss: 2.104901 | lrm: 1.00 | dt: 562.71ms | tok/sec: 14,558 | mfu: 3.21 | epoch: 1 | total time: 4.80m
step 00497 (49.70%) | loss: 2.117594 | lrm: 1.00 | dt: 492.72ms | tok/sec: 16,625 | mfu: 3.66 | epoch: 1 | total time: 4.81m
step 00498 (49.80%) | loss: 2.235979 | lrm: 1.00 | dt: 555.85ms | tok/sec: 14,737 | mfu: 3.24 | epoch: 1 | total time: 4.82m
step 00499 (49.90%) | loss: 2.166263 | lrm: 1.00 | dt: 574.31ms | tok/sec: 14,264 | mfu: 3.14 | epoch: 1 | total time: 4.83m
step 00500 (50.00%) | loss: 2.100631 | lrm: 1.00 | dt: 558.64ms | tok/sec: 14,664 | mfu: 3.23 | epoch: 1 | total time: 4.84m
Step 00500 | Validation bpb: 0.6574
2026-02-17 12:18:29,914 - nanochat.checkpoint_manager - [32m[1mINFO[0m - Saved model parameters to: /home/sun0115/.cache/nanochat/chatsft_checkpoints/d18_clean200k_lora_prod_2026-02-17_1209_s1024/best/model_000500.pt
2026-02-17 12:18:29,915 - nanochat.checkpoint_manager - [32m[1mINFO[0m - Saved metadata to: /home/sun0115/.cache/nanochat/chatsft_checkpoints/d18_clean200k_lora_prod_2026-02-17_1209_s1024/best/meta_000500.json
Saved best checkpoint at step 500 (val_bpb=0.6574)
Rotated old best checkpoint: step 000250
step 00501 (50.10%) | loss: 2.046632 | lrm: 1.00 | dt: 871.89ms | tok/sec: 9,395 | mfu: 2.07 | epoch: 1 | total time: 4.86m
step 00502 (50.20%) | loss: 2.022142 | lrm: 1.00 | dt: 500.72ms | tok/sec: 16,360 | mfu: 3.60 | epoch: 1 | total time: 4.86m
step 00503 (50.30%) | loss: 1.979626 | lrm: 1.00 | dt: 556.14ms | tok/sec: 14,730 | mfu: 3.24 | epoch: 1 | total time: 4.87m
step 00504 (50.40%) | loss: 2.028126 | lrm: 1.00 | dt: 571.00ms | tok/sec: 14,346 | mfu: 3.16 | epoch: 1 | total time: 4.88m
step 00505 (50.50%) | loss: 2.020612 | lrm: 1.00 | dt: 553.09ms | tok/sec: 14,811 | mfu: 3.26 | epoch: 1 | total time: 4.89m
step 00506 (50.60%) | loss: 1.956144 | lrm: 1.00 | dt: 551.11ms | tok/sec: 14,864 | mfu: 3.27 | epoch: 1 | total time: 4.90m
step 00507 (50.70%) | loss: 2.050714 | lrm: 1.00 | dt: 552.41ms | tok/sec: 14,829 | mfu: 3.26 | epoch: 1 | total time: 4.91m
step 00508 (50.80%) | loss: 2.026224 | lrm: 1.00 | dt: 509.79ms | tok/sec: 16,069 | mfu: 3.54 | epoch: 1 | total time: 4.92m
step 00509 (50.90%) | loss: 2.039323 | lrm: 1.00 | dt: 582.77ms | tok/sec: 14,057 | mfu: 3.09 | epoch: 1 | total time: 4.93m
step 00510 (51.00%) | loss: 1.995802 | lrm: 1.00 | dt: 566.00ms | tok/sec: 14,473 | mfu: 3.19 | epoch: 1 | total time: 4.94m
step 00511 (51.10%) | loss: 1.949607 | lrm: 1.00 | dt: 565.76ms | tok/sec: 14,479 | mfu: 3.19 | epoch: 1 | total time: 4.95m
step 00512 (51.20%) | loss: 1.931210 | lrm: 1.00 | dt: 552.76ms | tok/sec: 14,820 | mfu: 3.26 | epoch: 1 | total time: 4.96m
step 00513 (51.30%) | loss: 1.934372 | lrm: 1.00 | dt: 571.46ms | tok/sec: 14,335 | mfu: 3.16 | epoch: 1 | total time: 4.97m
step 00514 (51.40%) | loss: 1.888243 | lrm: 1.00 | dt: 580.66ms | tok/sec: 14,108 | mfu: 3.11 | epoch: 1 | total time: 4.98m
step 00515 (51.50%) | loss: 1.923108 | lrm: 1.00 | dt: 2549.20ms | tok/sec: 3,213 | mfu: 0.71 | epoch: 1 | total time: 5.02m
step 00516 (51.60%) | loss: 1.913277 | lrm: 1.00 | dt: 591.37ms | tok/sec: 13,852 | mfu: 3.05 | epoch: 1 | total time: 5.03m
step 00517 (51.70%) | loss: 1.899928 | lrm: 1.00 | dt: 580.63ms | tok/sec: 14,108 | mfu: 3.11 | epoch: 1 | total time: 5.04m
step 00518 (51.80%) | loss: 1.882933 | lrm: 1.00 | dt: 591.86ms | tok/sec: 13,841 | mfu: 3.05 | epoch: 1 | total time: 5.05m
step 00519 (51.90%) | loss: 1.878765 | lrm: 1.00 | dt: 601.56ms | tok/sec: 13,617 | mfu: 3.00 | epoch: 1 | total time: 5.06m
step 00520 (52.00%) | loss: 1.795281 | lrm: 1.00 | dt: 582.41ms | tok/sec: 14,065 | mfu: 3.10 | epoch: 1 | total time: 5.07m
step 00521 (52.10%) | loss: 1.789751 | lrm: 1.00 | dt: 577.50ms | tok/sec: 14,185 | mfu: 3.12 | epoch: 1 | total time: 5.08m
step 00522 (52.20%) | loss: 1.757082 | lrm: 1.00 | dt: 586.03ms | tok/sec: 13,978 | mfu: 3.08 | epoch: 1 | total time: 5.09m
step 00523 (52.30%) | loss: 1.736224 | lrm: 1.00 | dt: 552.81ms | tok/sec: 14,818 | mfu: 3.26 | epoch: 1 | total time: 5.10m
step 00524 (52.40%) | loss: 1.758871 | lrm: 1.00 | dt: 566.92ms | tok/sec: 14,450 | mfu: 3.18 | epoch: 1 | total time: 5.11m
step 00525 (52.50%) | loss: 1.727894 | lrm: 1.00 | dt: 563.86ms | tok/sec: 14,528 | mfu: 3.20 | epoch: 1 | total time: 5.11m
step 00526 (52.60%) | loss: 1.788771 | lrm: 1.00 | dt: 552.47ms | tok/sec: 14,828 | mfu: 3.26 | epoch: 1 | total time: 5.12m
step 00527 (52.70%) | loss: 1.792491 | lrm: 1.00 | dt: 558.17ms | tok/sec: 14,676 | mfu: 3.23 | epoch: 1 | total time: 5.13m
step 00528 (52.80%) | loss: 1.802217 | lrm: 1.00 | dt: 561.83ms | tok/sec: 14,580 | mfu: 3.21 | epoch: 1 | total time: 5.14m
step 00529 (52.90%) | loss: 1.851707 | lrm: 1.00 | dt: 555.21ms | tok/sec: 14,754 | mfu: 3.25 | epoch: 1 | total time: 5.15m
step 00530 (53.00%) | loss: 1.861275 | lrm: 1.00 | dt: 472.79ms | tok/sec: 17,327 | mfu: 3.81 | epoch: 1 | total time: 5.16m
step 00531 (53.10%) | loss: 1.965861 | lrm: 1.00 | dt: 539.58ms | tok/sec: 15,182 | mfu: 3.34 | epoch: 1 | total time: 5.17m
step 00532 (53.20%) | loss: 1.957208 | lrm: 1.00 | dt: 480.59ms | tok/sec: 17,045 | mfu: 3.75 | epoch: 1 | total time: 5.18m
step 00533 (53.30%) | loss: 1.938305 | lrm: 1.00 | dt: 493.58ms | tok/sec: 16,596 | mfu: 3.65 | epoch: 1 | total time: 5.18m
step 00534 (53.40%) | loss: 1.919518 | lrm: 1.00 | dt: 535.72ms | tok/sec: 15,291 | mfu: 3.37 | epoch: 1 | total time: 5.19m
step 00535 (53.50%) | loss: 1.957326 | lrm: 1.00 | dt: 559.69ms | tok/sec: 14,636 | mfu: 3.22 | epoch: 1 | total time: 5.20m
step 00536 (53.60%) | loss: 1.957099 | lrm: 1.00 | dt: 554.15ms | tok/sec: 14,783 | mfu: 3.25 | epoch: 1 | total time: 5.21m
step 00537 (53.70%) | loss: 1.923771 | lrm: 1.00 | dt: 539.06ms | tok/sec: 15,196 | mfu: 3.35 | epoch: 1 | total time: 5.22m
step 00538 (53.80%) | loss: 1.954179 | lrm: 1.00 | dt: 546.24ms | tok/sec: 14,997 | mfu: 3.30 | epoch: 1 | total time: 5.23m
step 00539 (53.90%) | loss: 1.903263 | lrm: 1.00 | dt: 579.78ms | tok/sec: 14,129 | mfu: 3.11 | epoch: 1 | total time: 5.24m
step 00540 (54.00%) | loss: 1.857671 | lrm: 1.00 | dt: 555.63ms | tok/sec: 14,743 | mfu: 3.25 | epoch: 1 | total time: 5.25m
step 00541 (54.10%) | loss: 1.837486 | lrm: 1.00 | dt: 556.55ms | tok/sec: 14,719 | mfu: 3.24 | epoch: 1 | total time: 5.26m
step 00542 (54.20%) | loss: 1.843175 | lrm: 1.00 | dt: 561.83ms | tok/sec: 14,580 | mfu: 3.21 | epoch: 1 | total time: 5.27m
step 00543 (54.30%) | loss: 1.813296 | lrm: 1.00 | dt: 573.31ms | tok/sec: 14,288 | mfu: 3.15 | epoch: 1 | total time: 5.28m
step 00544 (54.40%) | loss: 1.809225 | lrm: 1.00 | dt: 485.22ms | tok/sec: 16,882 | mfu: 3.72 | epoch: 1 | total time: 5.29m
step 00545 (54.50%) | loss: 1.820515 | lrm: 1.00 | dt: 527.52ms | tok/sec: 15,529 | mfu: 3.42 | epoch: 1 | total time: 5.29m
step 00546 (54.60%) | loss: 1.856786 | lrm: 1.00 | dt: 536.03ms | tok/sec: 15,282 | mfu: 3.36 | epoch: 1 | total time: 5.30m
step 00547 (54.70%) | loss: 1.851911 | lrm: 1.00 | dt: 534.97ms | tok/sec: 15,313 | mfu: 3.37 | epoch: 1 | total time: 5.31m
step 00548 (54.80%) | loss: 1.870414 | lrm: 1.00 | dt: 553.90ms | tok/sec: 14,789 | mfu: 3.26 | epoch: 1 | total time: 5.32m
step 00549 (54.90%) | loss: 1.826939 | lrm: 1.00 | dt: 475.18ms | tok/sec: 17,239 | mfu: 3.80 | epoch: 1 | total time: 5.33m
step 00550 (55.00%) | loss: 1.824429 | lrm: 1.00 | dt: 545.25ms | tok/sec: 15,024 | mfu: 3.31 | epoch: 1 | total time: 5.34m
Step 00550 | Validation bpb: 0.6552
2026-02-17 12:19:20,514 - nanochat.checkpoint_manager - [32m[1mINFO[0m - Saved model parameters to: /home/sun0115/.cache/nanochat/chatsft_checkpoints/d18_clean200k_lora_prod_2026-02-17_1209_s1024/best/model_000550.pt
2026-02-17 12:19:20,515 - nanochat.checkpoint_manager - [32m[1mINFO[0m - Saved metadata to: /home/sun0115/.cache/nanochat/chatsft_checkpoints/d18_clean200k_lora_prod_2026-02-17_1209_s1024/best/meta_000550.json
Saved best checkpoint at step 550 (val_bpb=0.6552)
Rotated old best checkpoint: step 000300
step 00551 (55.10%) | loss: 1.837655 | lrm: 1.00 | dt: 890.19ms | tok/sec: 9,202 | mfu: 2.03 | epoch: 1 | total time: 5.35m
step 00552 (55.20%) | loss: 1.833720 | lrm: 1.00 | dt: 645.57ms | tok/sec: 12,689 | mfu: 2.79 | epoch: 1 | total time: 5.36m
step 00553 (55.30%) | loss: 1.788971 | lrm: 1.00 | dt: 546.00ms | tok/sec: 15,003 | mfu: 3.30 | epoch: 1 | total time: 5.37m
step 00554 (55.40%) | loss: 1.713327 | lrm: 1.00 | dt: 548.94ms | tok/sec: 14,923 | mfu: 3.29 | epoch: 1 | total time: 5.38m
step 00555 (55.50%) | loss: 1.643402 | lrm: 1.00 | dt: 471.10ms | tok/sec: 17,389 | mfu: 3.83 | epoch: 1 | total time: 5.39m
step 00556 (55.60%) | loss: 1.632426 | lrm: 1.00 | dt: 568.04ms | tok/sec: 14,421 | mfu: 3.18 | epoch: 1 | total time: 5.40m
step 00557 (55.70%) | loss: 1.649322 | lrm: 1.00 | dt: 536.96ms | tok/sec: 15,256 | mfu: 3.36 | epoch: 1 | total time: 5.41m
step 00558 (55.80%) | loss: 1.679829 | lrm: 1.00 | dt: 494.61ms | tok/sec: 16,562 | mfu: 3.65 | epoch: 1 | total time: 5.42m
step 00559 (55.90%) | loss: 1.697055 | lrm: 1.00 | dt: 538.25ms | tok/sec: 15,219 | mfu: 3.35 | epoch: 1 | total time: 5.43m
step 00560 (56.00%) | loss: 1.673106 | lrm: 1.00 | dt: 538.23ms | tok/sec: 15,220 | mfu: 3.35 | epoch: 1 | total time: 5.43m
step 00561 (56.10%) | loss: 1.673033 | lrm: 1.00 | dt: 545.49ms | tok/sec: 15,017 | mfu: 3.31 | epoch: 1 | total time: 5.44m
step 00562 (56.20%) | loss: 1.689995 | lrm: 1.00 | dt: 570.38ms | tok/sec: 14,362 | mfu: 3.16 | epoch: 1 | total time: 5.45m
step 00563 (56.30%) | loss: 1.745776 | lrm: 1.00 | dt: 471.24ms | tok/sec: 17,383 | mfu: 3.83 | epoch: 1 | total time: 5.46m
step 00564 (56.40%) | loss: 1.753134 | lrm: 1.00 | dt: 556.65ms | tok/sec: 14,716 | mfu: 3.24 | epoch: 1 | total time: 5.47m
step 00565 (56.50%) | loss: 1.755957 | lrm: 1.00 | dt: 528.95ms | tok/sec: 15,487 | mfu: 3.41 | epoch: 1 | total time: 5.48m
step 00566 (56.60%) | loss: 1.810146 | lrm: 1.00 | dt: 555.09ms | tok/sec: 14,758 | mfu: 3.25 | epoch: 1 | total time: 5.49m
step 00567 (56.70%) | loss: 1.806798 | lrm: 1.00 | dt: 596.29ms | tok/sec: 13,738 | mfu: 3.02 | epoch: 1 | total time: 5.50m
step 00568 (56.80%) | loss: 1.952586 | lrm: 1.00 | dt: 484.27ms | tok/sec: 16,916 | mfu: 3.72 | epoch: 1 | total time: 5.51m
step 00569 (56.90%) | loss: 1.956655 | lrm: 1.00 | dt: 551.40ms | tok/sec: 14,856 | mfu: 3.27 | epoch: 1 | total time: 5.52m
step 00570 (57.00%) | loss: 1.942292 | lrm: 1.00 | dt: 584.80ms | tok/sec: 14,008 | mfu: 3.08 | epoch: 1 | total time: 5.53m
step 00571 (57.10%) | loss: 1.937752 | lrm: 1.00 | dt: 617.02ms | tok/sec: 13,276 | mfu: 2.92 | epoch: 1 | total time: 5.54m
step 00572 (57.20%) | loss: 1.789739 | lrm: 1.00 | dt: 561.29ms | tok/sec: 14,594 | mfu: 3.21 | epoch: 1 | total time: 5.55m
step 00573 (57.30%) | loss: 1.745317 | lrm: 1.00 | dt: 548.18ms | tok/sec: 14,943 | mfu: 3.29 | epoch: 1 | total time: 5.55m
step 00574 (57.40%) | loss: 1.787939 | lrm: 1.00 | dt: 561.29ms | tok/sec: 14,595 | mfu: 3.21 | epoch: 1 | total time: 5.56m
step 00575 (57.50%) | loss: 1.751679 | lrm: 1.00 | dt: 556.43ms | tok/sec: 14,722 | mfu: 3.24 | epoch: 1 | total time: 5.57m
step 00576 (57.60%) | loss: 1.785631 | lrm: 1.00 | dt: 564.26ms | tok/sec: 14,518 | mfu: 3.20 | epoch: 1 | total time: 5.58m
step 00577 (57.70%) | loss: 1.790098 | lrm: 1.00 | dt: 553.35ms | tok/sec: 14,804 | mfu: 3.26 | epoch: 1 | total time: 5.59m
step 00578 (57.80%) | loss: 1.846043 | lrm: 1.00 | dt: 569.02ms | tok/sec: 14,396 | mfu: 3.17 | epoch: 1 | total time: 5.60m
step 00579 (57.90%) | loss: 1.852382 | lrm: 1.00 | dt: 564.93ms | tok/sec: 14,500 | mfu: 3.19 | epoch: 1 | total time: 5.61m
step 00580 (58.00%) | loss: 1.863868 | lrm: 1.00 | dt: 552.86ms | tok/sec: 14,817 | mfu: 3.26 | epoch: 1 | total time: 5.62m
step 00581 (58.10%) | loss: 1.829863 | lrm: 1.00 | dt: 560.42ms | tok/sec: 14,617 | mfu: 3.22 | epoch: 1 | total time: 5.63m
step 00582 (58.20%) | loss: 1.775119 | lrm: 1.00 | dt: 550.26ms | tok/sec: 14,887 | mfu: 3.28 | epoch: 1 | total time: 5.64m
step 00583 (58.30%) | loss: 1.821937 | lrm: 1.00 | dt: 553.94ms | tok/sec: 14,788 | mfu: 3.26 | epoch: 1 | total time: 5.65m
step 00584 (58.40%) | loss: 1.855335 | lrm: 1.00 | dt: 562.20ms | tok/sec: 14,571 | mfu: 3.21 | epoch: 1 | total time: 5.66m
step 00585 (58.50%) | loss: 1.834185 | lrm: 1.00 | dt: 561.82ms | tok/sec: 14,581 | mfu: 3.21 | epoch: 1 | total time: 5.67m
step 00586 (58.60%) | loss: 1.899435 | lrm: 1.00 | dt: 549.05ms | tok/sec: 14,920 | mfu: 3.28 | epoch: 1 | total time: 5.68m
step 00587 (58.70%) | loss: 1.880198 | lrm: 1.00 | dt: 552.07ms | tok/sec: 14,838 | mfu: 3.27 | epoch: 1 | total time: 5.68m
step 00588 (58.80%) | loss: 1.891589 | lrm: 1.00 | dt: 544.76ms | tok/sec: 15,037 | mfu: 3.31 | epoch: 1 | total time: 5.69m
step 00589 (58.90%) | loss: 1.932934 | lrm: 1.00 | dt: 546.87ms | tok/sec: 14,979 | mfu: 3.30 | epoch: 1 | total time: 5.70m
step 00590 (59.00%) | loss: 2.072065 | lrm: 1.00 | dt: 545.70ms | tok/sec: 15,011 | mfu: 3.31 | epoch: 1 | total time: 5.71m
step 00591 (59.10%) | loss: 1.984396 | lrm: 1.00 | dt: 545.12ms | tok/sec: 15,027 | mfu: 3.31 | epoch: 1 | total time: 5.72m
step 00592 (59.20%) | loss: 2.046866 | lrm: 1.00 | dt: 564.97ms | tok/sec: 14,499 | mfu: 3.19 | epoch: 1 | total time: 5.73m
step 00593 (59.30%) | loss: 2.098760 | lrm: 1.00 | dt: 546.70ms | tok/sec: 14,984 | mfu: 3.30 | epoch: 1 | total time: 5.74m
step 00594 (59.40%) | loss: 2.108331 | lrm: 1.00 | dt: 570.14ms | tok/sec: 14,368 | mfu: 3.16 | epoch: 1 | total time: 5.75m
step 00595 (59.50%) | loss: 2.164877 | lrm: 1.00 | dt: 546.29ms | tok/sec: 14,995 | mfu: 3.30 | epoch: 1 | total time: 5.76m
step 00596 (59.60%) | loss: 2.191070 | lrm: 1.00 | dt: 601.86ms | tok/sec: 13,611 | mfu: 3.00 | epoch: 1 | total time: 5.77m
step 00597 (59.70%) | loss: 2.084633 | lrm: 1.00 | dt: 2618.03ms | tok/sec: 3,129 | mfu: 0.69 | epoch: 1 | total time: 5.81m
step 00598 (59.80%) | loss: 2.050592 | lrm: 1.00 | dt: 568.91ms | tok/sec: 14,399 | mfu: 3.17 | epoch: 1 | total time: 5.82m
step 00599 (59.90%) | loss: 2.032152 | lrm: 1.00 | dt: 571.65ms | tok/sec: 14,330 | mfu: 3.15 | epoch: 1 | total time: 5.83m
step 00600 (60.00%) | loss: 2.092335 | lrm: 1.00 | dt: 572.61ms | tok/sec: 14,306 | mfu: 3.15 | epoch: 1 | total time: 5.84m
Step 00600 | Validation bpb: 0.6527
2026-02-17 12:20:08,784 - nanochat.checkpoint_manager - [32m[1mINFO[0m - Saved model parameters to: /home/sun0115/.cache/nanochat/chatsft_checkpoints/d18_clean200k_lora_prod_2026-02-17_1209_s1024/best/model_000600.pt
2026-02-17 12:20:08,784 - nanochat.checkpoint_manager - [32m[1mINFO[0m - Saved metadata to: /home/sun0115/.cache/nanochat/chatsft_checkpoints/d18_clean200k_lora_prod_2026-02-17_1209_s1024/best/meta_000600.json
Saved best checkpoint at step 600 (val_bpb=0.6527)
Rotated old best checkpoint: step 000350
step 00601 (60.10%) | loss: 2.133223 | lrm: 1.00 | dt: 675.06ms | tok/sec: 12,135 | mfu: 2.67 | epoch: 1 | total time: 5.85m
step 00602 (60.20%) | loss: 2.059571 | lrm: 1.00 | dt: 522.94ms | tok/sec: 15,665 | mfu: 3.45 | epoch: 1 | total time: 5.86m
step 00603 (60.30%) | loss: 1.903528 | lrm: 1.00 | dt: 484.18ms | tok/sec: 16,919 | mfu: 3.72 | epoch: 1 | total time: 5.87m
step 00604 (60.40%) | loss: 1.882201 | lrm: 1.00 | dt: 555.37ms | tok/sec: 14,750 | mfu: 3.25 | epoch: 1 | total time: 5.88m
step 00605 (60.50%) | loss: 1.811826 | lrm: 1.00 | dt: 547.41ms | tok/sec: 14,964 | mfu: 3.29 | epoch: 1 | total time: 5.89m
step 00606 (60.60%) | loss: 1.826177 | lrm: 1.00 | dt: 551.46ms | tok/sec: 14,855 | mfu: 3.27 | epoch: 1 | total time: 5.90m
step 00607 (60.70%) | loss: 1.915481 | lrm: 1.00 | dt: 560.59ms | tok/sec: 14,613 | mfu: 3.22 | epoch: 1 | total time: 5.91m
step 00608 (60.80%) | loss: 1.914181 | lrm: 1.00 | dt: 559.41ms | tok/sec: 14,643 | mfu: 3.22 | epoch: 1 | total time: 5.91m
step 00609 (60.90%) | loss: 1.888614 | lrm: 1.00 | dt: 562.27ms | tok/sec: 14,569 | mfu: 3.21 | epoch: 1 | total time: 5.92m
step 00610 (61.00%) | loss: 1.873005 | lrm: 1.00 | dt: 559.68ms | tok/sec: 14,637 | mfu: 3.22 | epoch: 1 | total time: 5.93m
step 00611 (61.10%) | loss: 1.828041 | lrm: 1.00 | dt: 544.57ms | tok/sec: 15,043 | mfu: 3.31 | epoch: 1 | total time: 5.94m
step 00612 (61.20%) | loss: 1.844126 | lrm: 1.00 | dt: 545.18ms | tok/sec: 15,026 | mfu: 3.31 | epoch: 1 | total time: 5.95m
step 00613 (61.30%) | loss: 1.834023 | lrm: 1.00 | dt: 564.31ms | tok/sec: 14,516 | mfu: 3.20 | epoch: 1 | total time: 5.96m
step 00614 (61.40%) | loss: 1.902767 | lrm: 1.00 | dt: 544.49ms | tok/sec: 15,045 | mfu: 3.31 | epoch: 1 | total time: 5.97m
step 00615 (61.50%) | loss: 2.040846 | lrm: 1.00 | dt: 572.24ms | tok/sec: 14,315 | mfu: 3.15 | epoch: 1 | total time: 5.98m
step 00616 (61.60%) | loss: 2.046530 | lrm: 1.00 | dt: 550.41ms | tok/sec: 14,883 | mfu: 3.28 | epoch: 1 | total time: 5.99m
step 00617 (61.70%) | loss: 2.078182 | lrm: 1.00 | dt: 554.22ms | tok/sec: 14,781 | mfu: 3.25 | epoch: 1 | total time: 6.00m
step 00618 (61.80%) | loss: 2.023690 | lrm: 1.00 | dt: 559.95ms | tok/sec: 14,629 | mfu: 3.22 | epoch: 1 | total time: 6.01m
step 00619 (61.90%) | loss: 1.956937 | lrm: 1.00 | dt: 550.63ms | tok/sec: 14,877 | mfu: 3.28 | epoch: 1 | total time: 6.02m
step 00620 (62.00%) | loss: 1.964220 | lrm: 1.00 | dt: 482.54ms | tok/sec: 16,976 | mfu: 3.74 | epoch: 1 | total time: 6.02m
step 00621 (62.10%) | loss: 1.920965 | lrm: 1.00 | dt: 596.84ms | tok/sec: 13,725 | mfu: 3.02 | epoch: 1 | total time: 6.03m
step 00622 (62.20%) | loss: 1.881560 | lrm: 1.00 | dt: 2518.59ms | tok/sec: 3,252 | mfu: 0.72 | epoch: 1 | total time: 6.08m
step 00623 (62.30%) | loss: 1.856875 | lrm: 1.00 | dt: 580.93ms | tok/sec: 14,101 | mfu: 3.10 | epoch: 1 | total time: 6.09m
step 00624 (62.40%) | loss: 1.949991 | lrm: 1.00 | dt: 588.64ms | tok/sec: 13,916 | mfu: 3.06 | epoch: 1 | total time: 6.10m
step 00625 (62.50%) | loss: 1.884781 | lrm: 1.00 | dt: 577.65ms | tok/sec: 14,181 | mfu: 3.12 | epoch: 1 | total time: 6.11m
step 00626 (62.60%) | loss: 1.874135 | lrm: 1.00 | dt: 602.60ms | tok/sec: 13,594 | mfu: 2.99 | epoch: 1 | total time: 6.12m
step 00627 (62.70%) | loss: 1.932628 | lrm: 1.00 | dt: 502.35ms | tok/sec: 16,307 | mfu: 3.59 | epoch: 1 | total time: 6.12m
step 00628 (62.80%) | loss: 1.887616 | lrm: 1.00 | dt: 497.52ms | tok/sec: 16,465 | mfu: 3.63 | epoch: 1 | total time: 6.13m
step 00629 (62.90%) | loss: 1.887759 | lrm: 1.00 | dt: 552.76ms | tok/sec: 14,820 | mfu: 3.26 | epoch: 1 | total time: 6.14m
step 00630 (63.00%) | loss: 1.882721 | lrm: 1.00 | dt: 552.57ms | tok/sec: 14,825 | mfu: 3.26 | epoch: 1 | total time: 6.15m
step 00631 (63.10%) | loss: 1.928492 | lrm: 1.00 | dt: 547.75ms | tok/sec: 14,955 | mfu: 3.29 | epoch: 1 | total time: 6.16m
step 00632 (63.20%) | loss: 1.861230 | lrm: 1.00 | dt: 546.38ms | tok/sec: 14,993 | mfu: 3.30 | epoch: 1 | total time: 6.17m
step 00633 (63.30%) | loss: 1.883970 | lrm: 1.00 | dt: 499.43ms | tok/sec: 16,402 | mfu: 3.61 | epoch: 1 | total time: 6.18m
step 00634 (63.40%) | loss: 1.945041 | lrm: 1.00 | dt: 560.66ms | tok/sec: 14,611 | mfu: 3.22 | epoch: 1 | total time: 6.19m
step 00635 (63.50%) | loss: 1.903657 | lrm: 1.00 | dt: 545.95ms | tok/sec: 15,005 | mfu: 3.30 | epoch: 1 | total time: 6.20m
step 00636 (63.60%) | loss: 1.904949 | lrm: 1.00 | dt: 559.24ms | tok/sec: 14,648 | mfu: 3.22 | epoch: 1 | total time: 6.20m
step 00637 (63.70%) | loss: 1.996565 | lrm: 1.00 | dt: 540.02ms | tok/sec: 15,169 | mfu: 3.34 | epoch: 1 | total time: 6.21m
step 00638 (63.80%) | loss: 1.995662 | lrm: 1.00 | dt: 529.26ms | tok/sec: 15,478 | mfu: 3.41 | epoch: 1 | total time: 6.22m
step 00639 (63.90%) | loss: 1.915732 | lrm: 1.00 | dt: 543.95ms | tok/sec: 15,060 | mfu: 3.32 | epoch: 1 | total time: 6.23m
step 00640 (64.00%) | loss: 1.820627 | lrm: 1.00 | dt: 532.58ms | tok/sec: 15,381 | mfu: 3.39 | epoch: 1 | total time: 6.24m
step 00641 (64.10%) | loss: 1.863907 | lrm: 1.00 | dt: 530.03ms | tok/sec: 15,455 | mfu: 3.40 | epoch: 1 | total time: 6.25m
step 00642 (64.20%) | loss: 1.734499 | lrm: 1.00 | dt: 528.85ms | tok/sec: 15,490 | mfu: 3.41 | epoch: 1 | total time: 6.26m
step 00643 (64.30%) | loss: 1.806436 | lrm: 1.00 | dt: 539.77ms | tok/sec: 15,176 | mfu: 3.34 | epoch: 1 | total time: 6.27m
step 00644 (64.40%) | loss: 1.888335 | lrm: 1.00 | dt: 467.47ms | tok/sec: 17,524 | mfu: 3.86 | epoch: 1 | total time: 6.27m
step 00645 (64.50%) | loss: 1.839979 | lrm: 1.00 | dt: 541.15ms | tok/sec: 15,138 | mfu: 3.33 | epoch: 1 | total time: 6.28m
step 00646 (64.60%) | loss: 1.917735 | lrm: 1.00 | dt: 538.51ms | tok/sec: 15,212 | mfu: 3.35 | epoch: 1 | total time: 6.29m
step 00647 (64.70%) | loss: 1.954507 | lrm: 1.00 | dt: 544.18ms | tok/sec: 15,053 | mfu: 3.31 | epoch: 1 | total time: 6.30m
step 00648 (64.80%) | loss: 1.953389 | lrm: 1.00 | dt: 466.29ms | tok/sec: 17,568 | mfu: 3.87 | epoch: 1 | total time: 6.31m
step 00649 (64.90%) | loss: 1.834884 | lrm: 1.00 | dt: 535.27ms | tok/sec: 15,304 | mfu: 3.37 | epoch: 1 | total time: 6.32m
step 00650 (65.00%) | loss: 1.862135 | lrm: 1.00 | dt: 534.12ms | tok/sec: 15,337 | mfu: 3.38 | epoch: 1 | total time: 6.33m
Step 00650 | Validation bpb: 0.6505
2026-02-17 12:20:58,330 - nanochat.checkpoint_manager - [32m[1mINFO[0m - Saved model parameters to: /home/sun0115/.cache/nanochat/chatsft_checkpoints/d18_clean200k_lora_prod_2026-02-17_1209_s1024/best/model_000650.pt
2026-02-17 12:20:58,331 - nanochat.checkpoint_manager - [32m[1mINFO[0m - Saved metadata to: /home/sun0115/.cache/nanochat/chatsft_checkpoints/d18_clean200k_lora_prod_2026-02-17_1209_s1024/best/meta_000650.json
Saved best checkpoint at step 650 (val_bpb=0.6505)
Rotated old best checkpoint: step 000400
step 00651 (65.10%) | loss: 1.813516 | lrm: 1.00 | dt: 800.34ms | tok/sec: 10,235 | mfu: 2.25 | epoch: 1 | total time: 6.34m
step 00652 (65.20%) | loss: 1.857018 | lrm: 1.00 | dt: 568.07ms | tok/sec: 14,420 | mfu: 3.17 | epoch: 1 | total time: 6.35m
step 00653 (65.30%) | loss: 1.856663 | lrm: 1.00 | dt: 578.50ms | tok/sec: 14,160 | mfu: 3.12 | epoch: 1 | total time: 6.36m
step 00654 (65.40%) | loss: 1.905369 | lrm: 1.00 | dt: 569.44ms | tok/sec: 14,386 | mfu: 3.17 | epoch: 1 | total time: 6.37m
step 00655 (65.50%) | loss: 1.896436 | lrm: 1.00 | dt: 553.15ms | tok/sec: 14,809 | mfu: 3.26 | epoch: 1 | total time: 6.38m
step 00656 (65.60%) | loss: 1.884284 | lrm: 1.00 | dt: 551.20ms | tok/sec: 14,862 | mfu: 3.27 | epoch: 1 | total time: 6.39m
step 00657 (65.70%) | loss: 1.878341 | lrm: 1.00 | dt: 555.02ms | tok/sec: 14,759 | mfu: 3.25 | epoch: 1 | total time: 6.40m
step 00658 (65.80%) | loss: 1.925690 | lrm: 1.00 | dt: 548.61ms | tok/sec: 14,932 | mfu: 3.29 | epoch: 1 | total time: 6.41m
step 00659 (65.90%) | loss: 1.831263 | lrm: 1.00 | dt: 545.10ms | tok/sec: 15,028 | mfu: 3.31 | epoch: 1 | total time: 6.42m
step 00660 (66.00%) | loss: 1.854575 | lrm: 1.00 | dt: 552.33ms | tok/sec: 14,831 | mfu: 3.27 | epoch: 1 | total time: 6.42m
step 00661 (66.10%) | loss: 1.896217 | lrm: 1.00 | dt: 538.60ms | tok/sec: 15,209 | mfu: 3.35 | epoch: 1 | total time: 6.43m
step 00662 (66.20%) | loss: 1.879809 | lrm: 1.00 | dt: 521.51ms | tok/sec: 15,708 | mfu: 3.46 | epoch: 1 | total time: 6.44m
step 00663 (66.30%) | loss: 1.814051 | lrm: 1.00 | dt: 530.08ms | tok/sec: 15,454 | mfu: 3.40 | epoch: 1 | total time: 6.45m
step 00664 (66.40%) | loss: 1.747196 | lrm: 1.00 | dt: 525.08ms | tok/sec: 15,601 | mfu: 3.43 | epoch: 1 | total time: 6.46m
step 00665 (66.50%) | loss: 1.761919 | lrm: 1.00 | dt: 456.43ms | tok/sec: 17,947 | mfu: 3.95 | epoch: 1 | total time: 6.47m
step 00666 (66.60%) | loss: 1.691815 | lrm: 1.00 | dt: 540.86ms | tok/sec: 15,146 | mfu: 3.33 | epoch: 1 | total time: 6.48m
step 00667 (66.70%) | loss: 1.733983 | lrm: 1.00 | dt: 524.51ms | tok/sec: 15,618 | mfu: 3.44 | epoch: 1 | total time: 6.49m
step 00668 (66.80%) | loss: 1.640665 | lrm: 1.00 | dt: 528.68ms | tok/sec: 15,495 | mfu: 3.41 | epoch: 1 | total time: 6.49m
step 00669 (66.90%) | loss: 1.642394 | lrm: 1.00 | dt: 534.37ms | tok/sec: 15,330 | mfu: 3.38 | epoch: 1 | total time: 6.50m
step 00670 (67.00%) | loss: 1.696545 | lrm: 1.00 | dt: 526.65ms | tok/sec: 15,554 | mfu: 3.42 | epoch: 1 | total time: 6.51m
step 00671 (67.10%) | loss: 1.742750 | lrm: 1.00 | dt: 465.29ms | tok/sec: 17,606 | mfu: 3.88 | epoch: 1 | total time: 6.52m
step 00672 (67.20%) | loss: 1.689193 | lrm: 1.00 | dt: 477.48ms | tok/sec: 17,156 | mfu: 3.78 | epoch: 1 | total time: 6.53m
step 00673 (67.30%) | loss: 1.742998 | lrm: 1.00 | dt: 564.52ms | tok/sec: 14,511 | mfu: 3.19 | epoch: 1 | total time: 6.54m
step 00674 (67.40%) | loss: 1.741072 | lrm: 1.00 | dt: 566.39ms | tok/sec: 14,463 | mfu: 3.18 | epoch: 1 | total time: 6.55m
step 00675 (67.50%) | loss: 1.790648 | lrm: 1.00 | dt: 548.21ms | tok/sec: 14,943 | mfu: 3.29 | epoch: 1 | total time: 6.56m
step 00676 (67.60%) | loss: 1.826298 | lrm: 1.00 | dt: 544.90ms | tok/sec: 15,033 | mfu: 3.31 | epoch: 1 | total time: 6.56m
step 00677 (67.70%) | loss: 1.831554 | lrm: 1.00 | dt: 544.34ms | tok/sec: 15,049 | mfu: 3.31 | epoch: 1 | total time: 6.57m
step 00678 (67.80%) | loss: 1.875091 | lrm: 1.00 | dt: 544.30ms | tok/sec: 15,050 | mfu: 3.31 | epoch: 1 | total time: 6.58m
step 00679 (67.90%) | loss: 1.968353 | lrm: 1.00 | dt: 477.56ms | tok/sec: 17,154 | mfu: 3.78 | epoch: 1 | total time: 6.59m
step 00680 (68.00%) | loss: 1.945418 | lrm: 1.00 | dt: 543.13ms | tok/sec: 15,082 | mfu: 3.32 | epoch: 1 | total time: 6.60m
step 00681 (68.10%) | loss: 1.932172 | lrm: 1.00 | dt: 588.84ms | tok/sec: 13,912 | mfu: 3.06 | epoch: 1 | total time: 6.61m
step 00682 (68.20%) | loss: 1.913458 | lrm: 1.00 | dt: 541.13ms | tok/sec: 15,138 | mfu: 3.33 | epoch: 1 | total time: 6.62m
step 00683 (68.30%) | loss: 1.907586 | lrm: 1.00 | dt: 547.81ms | tok/sec: 14,953 | mfu: 3.29 | epoch: 1 | total time: 6.63m
step 00684 (68.40%) | loss: 2.005696 | lrm: 1.00 | dt: 547.14ms | tok/sec: 14,972 | mfu: 3.30 | epoch: 1 | total time: 6.64m
step 00685 (68.50%) | loss: 2.115995 | lrm: 1.00 | dt: 564.27ms | tok/sec: 14,517 | mfu: 3.20 | epoch: 1 | total time: 6.65m
step 00686 (68.60%) | loss: 2.080237 | lrm: 1.00 | dt: 541.32ms | tok/sec: 15,133 | mfu: 3.33 | epoch: 1 | total time: 6.66m
step 00687 (68.70%) | loss: 1.995794 | lrm: 1.00 | dt: 575.36ms | tok/sec: 14,238 | mfu: 3.13 | epoch: 1 | total time: 6.66m
step 00688 (68.80%) | loss: 1.985255 | lrm: 1.00 | dt: 556.63ms | tok/sec: 14,717 | mfu: 3.24 | epoch: 1 | total time: 6.67m
step 00689 (68.90%) | loss: 2.052100 | lrm: 1.00 | dt: 543.53ms | tok/sec: 15,071 | mfu: 3.32 | epoch: 1 | total time: 6.68m
step 00690 (69.00%) | loss: 1.983895 | lrm: 1.00 | dt: 559.28ms | tok/sec: 14,647 | mfu: 3.22 | epoch: 1 | total time: 6.69m
step 00691 (69.10%) | loss: 2.015693 | lrm: 1.00 | dt: 579.15ms | tok/sec: 14,144 | mfu: 3.11 | epoch: 1 | total time: 6.70m
step 00692 (69.20%) | loss: 2.038377 | lrm: 1.00 | dt: 556.18ms | tok/sec: 14,729 | mfu: 3.24 | epoch: 1 | total time: 6.71m
step 00693 (69.30%) | loss: 2.057688 | lrm: 1.00 | dt: 543.30ms | tok/sec: 15,078 | mfu: 3.32 | epoch: 1 | total time: 6.72m
step 00694 (69.40%) | loss: 2.096470 | lrm: 1.00 | dt: 557.26ms | tok/sec: 14,700 | mfu: 3.24 | epoch: 1 | total time: 6.73m
step 00695 (69.50%) | loss: 2.127160 | lrm: 1.00 | dt: 569.35ms | tok/sec: 14,388 | mfu: 3.17 | epoch: 1 | total time: 6.74m
step 00696 (69.60%) | loss: 2.129496 | lrm: 1.00 | dt: 544.25ms | tok/sec: 15,051 | mfu: 3.31 | epoch: 1 | total time: 6.75m
step 00697 (69.70%) | loss: 2.102910 | lrm: 1.00 | dt: 547.01ms | tok/sec: 14,975 | mfu: 3.30 | epoch: 1 | total time: 6.76m
step 00698 (69.80%) | loss: 2.131715 | lrm: 1.00 | dt: 483.48ms | tok/sec: 16,943 | mfu: 3.73 | epoch: 1 | total time: 6.77m
step 00699 (69.90%) | loss: 2.096847 | lrm: 1.00 | dt: 545.30ms | tok/sec: 15,022 | mfu: 3.31 | epoch: 1 | total time: 6.77m
step 00700 (70.00%) | loss: 2.125749 | lrm: 1.00 | dt: 556.84ms | tok/sec: 14,711 | mfu: 3.24 | epoch: 1 | total time: 6.78m
Step 00700 | Validation bpb: 0.6488
2026-02-17 12:21:45,890 - nanochat.checkpoint_manager - [32m[1mINFO[0m - Saved model parameters to: /home/sun0115/.cache/nanochat/chatsft_checkpoints/d18_clean200k_lora_prod_2026-02-17_1209_s1024/best/model_000700.pt
2026-02-17 12:21:45,891 - nanochat.checkpoint_manager - [32m[1mINFO[0m - Saved metadata to: /home/sun0115/.cache/nanochat/chatsft_checkpoints/d18_clean200k_lora_prod_2026-02-17_1209_s1024/best/meta_000700.json
Saved best checkpoint at step 700 (val_bpb=0.6488)
Rotated old best checkpoint: step 000450
step 00701 (70.10%) | loss: 2.044694 | lrm: 1.00 | dt: 726.80ms | tok/sec: 11,271 | mfu: 2.48 | epoch: 1 | total time: 6.80m
step 00702 (70.20%) | loss: 1.993689 | lrm: 0.99 | dt: 538.90ms | tok/sec: 15,201 | mfu: 3.35 | epoch: 1 | total time: 6.80m
step 00703 (70.30%) | loss: 2.017398 | lrm: 0.99 | dt: 544.13ms | tok/sec: 15,055 | mfu: 3.31 | epoch: 1 | total time: 6.81m
step 00704 (70.40%) | loss: 2.098906 | lrm: 0.99 | dt: 523.85ms | tok/sec: 15,638 | mfu: 3.44 | epoch: 1 | total time: 6.82m
step 00705 (70.50%) | loss: 2.166856 | lrm: 0.98 | dt: 538.79ms | tok/sec: 15,204 | mfu: 3.35 | epoch: 1 | total time: 6.83m
step 00706 (70.60%) | loss: 2.255367 | lrm: 0.98 | dt: 527.94ms | tok/sec: 15,516 | mfu: 3.42 | epoch: 1 | total time: 6.84m
step 00707 (70.70%) | loss: 2.230714 | lrm: 0.98 | dt: 552.26ms | tok/sec: 14,833 | mfu: 3.27 | epoch: 1 | total time: 6.85m
step 00708 (70.80%) | loss: 2.188100 | lrm: 0.97 | dt: 528.33ms | tok/sec: 15,505 | mfu: 3.41 | epoch: 1 | total time: 6.86m
step 00709 (70.90%) | loss: 2.182426 | lrm: 0.97 | dt: 536.04ms | tok/sec: 15,282 | mfu: 3.36 | epoch: 1 | total time: 6.87m
step 00710 (71.00%) | loss: 2.157616 | lrm: 0.97 | dt: 534.92ms | tok/sec: 15,314 | mfu: 3.37 | epoch: 1 | total time: 6.88m
step 00711 (71.10%) | loss: 2.110391 | lrm: 0.96 | dt: 548.12ms | tok/sec: 14,945 | mfu: 3.29 | epoch: 1 | total time: 6.89m
step 00712 (71.20%) | loss: 2.115182 | lrm: 0.96 | dt: 538.62ms | tok/sec: 15,209 | mfu: 3.35 | epoch: 1 | total time: 6.89m
step 00713 (71.30%) | loss: 2.089877 | lrm: 0.96 | dt: 529.81ms | tok/sec: 15,462 | mfu: 3.40 | epoch: 1 | total time: 6.90m
step 00714 (71.40%) | loss: 1.984510 | lrm: 0.95 | dt: 540.23ms | tok/sec: 15,163 | mfu: 3.34 | epoch: 1 | total time: 6.91m
step 00715 (71.50%) | loss: 2.126644 | lrm: 0.95 | dt: 482.85ms | tok/sec: 16,966 | mfu: 3.74 | epoch: 1 | total time: 6.92m
step 00716 (71.60%) | loss: 2.137017 | lrm: 0.95 | dt: 555.64ms | tok/sec: 14,743 | mfu: 3.25 | epoch: 1 | total time: 6.93m
step 00717 (71.70%) | loss: 2.083421 | lrm: 0.94 | dt: 560.08ms | tok/sec: 14,626 | mfu: 3.22 | epoch: 1 | total time: 6.94m
step 00718 (71.80%) | loss: 2.075020 | lrm: 0.94 | dt: 544.40ms | tok/sec: 15,047 | mfu: 3.31 | epoch: 1 | total time: 6.95m
step 00719 (71.90%) | loss: 1.981884 | lrm: 0.94 | dt: 552.00ms | tok/sec: 14,840 | mfu: 3.27 | epoch: 1 | total time: 6.96m
step 00720 (72.00%) | loss: 1.977661 | lrm: 0.93 | dt: 565.99ms | tok/sec: 14,473 | mfu: 3.19 | epoch: 1 | total time: 6.97m
step 00721 (72.10%) | loss: 2.027052 | lrm: 0.93 | dt: 561.65ms | tok/sec: 14,585 | mfu: 3.21 | epoch: 1 | total time: 6.98m
step 00722 (72.20%) | loss: 2.020846 | lrm: 0.93 | dt: 561.76ms | tok/sec: 14,582 | mfu: 3.21 | epoch: 1 | total time: 6.99m
step 00723 (72.30%) | loss: 2.019747 | lrm: 0.92 | dt: 561.22ms | tok/sec: 14,596 | mfu: 3.21 | epoch: 1 | total time: 6.99m
step 00724 (72.40%) | loss: 2.028355 | lrm: 0.92 | dt: 547.80ms | tok/sec: 14,954 | mfu: 3.29 | epoch: 1 | total time: 7.00m
step 00725 (72.50%) | loss: 2.058310 | lrm: 0.92 | dt: 541.54ms | tok/sec: 15,127 | mfu: 3.33 | epoch: 1 | total time: 7.01m
step 00726 (72.60%) | loss: 1.932150 | lrm: 0.91 | dt: 544.07ms | tok/sec: 15,056 | mfu: 3.31 | epoch: 1 | total time: 7.02m
step 00727 (72.70%) | loss: 1.920960 | lrm: 0.91 | dt: 551.88ms | tok/sec: 14,843 | mfu: 3.27 | epoch: 1 | total time: 7.03m
step 00728 (72.80%) | loss: 1.876916 | lrm: 0.91 | dt: 478.68ms | tok/sec: 17,113 | mfu: 3.77 | epoch: 1 | total time: 7.04m
step 00729 (72.90%) | loss: 1.885244 | lrm: 0.90 | dt: 550.85ms | tok/sec: 14,871 | mfu: 3.27 | epoch: 1 | total time: 7.05m
step 00730 (73.00%) | loss: 1.885033 | lrm: 0.90 | dt: 550.73ms | tok/sec: 14,874 | mfu: 3.27 | epoch: 1 | total time: 7.06m
step 00731 (73.10%) | loss: 1.835316 | lrm: 0.90 | dt: 559.80ms | tok/sec: 14,633 | mfu: 3.22 | epoch: 1 | total time: 7.07m
step 00732 (73.20%) | loss: 1.811798 | lrm: 0.89 | dt: 482.21ms | tok/sec: 16,988 | mfu: 3.74 | epoch: 1 | total time: 7.07m
step 00733 (73.30%) | loss: 1.863757 | lrm: 0.89 | dt: 2673.84ms | tok/sec: 3,063 | mfu: 0.67 | epoch: 1 | total time: 7.12m
step 00734 (73.40%) | loss: 1.845296 | lrm: 0.89 | dt: 542.80ms | tok/sec: 15,092 | mfu: 3.32 | epoch: 1 | total time: 7.13m
step 00735 (73.50%) | loss: 1.848477 | lrm: 0.88 | dt: 544.97ms | tok/sec: 15,032 | mfu: 3.31 | epoch: 1 | total time: 7.14m
step 00736 (73.60%) | loss: 1.763558 | lrm: 0.88 | dt: 492.17ms | tok/sec: 16,644 | mfu: 3.66 | epoch: 1 | total time: 7.15m
step 00737 (73.70%) | loss: 1.685918 | lrm: 0.88 | dt: 543.65ms | tok/sec: 15,068 | mfu: 3.32 | epoch: 1 | total time: 7.15m
step 00738 (73.80%) | loss: 1.726020 | lrm: 0.87 | dt: 556.19ms | tok/sec: 14,728 | mfu: 3.24 | epoch: 1 | total time: 7.16m
step 00739 (73.90%) | loss: 1.720423 | lrm: 0.87 | dt: 547.50ms | tok/sec: 14,962 | mfu: 3.29 | epoch: 1 | total time: 7.17m
step 00740 (74.00%) | loss: 1.721879 | lrm: 0.87 | dt: 563.89ms | tok/sec: 14,527 | mfu: 3.20 | epoch: 1 | total time: 7.18m
step 00741 (74.10%) | loss: 1.720600 | lrm: 0.86 | dt: 543.01ms | tok/sec: 15,086 | mfu: 3.32 | epoch: 1 | total time: 7.19m
step 00742 (74.20%) | loss: 1.727999 | lrm: 0.86 | dt: 556.07ms | tok/sec: 14,731 | mfu: 3.24 | epoch: 1 | total time: 7.20m
step 00743 (74.30%) | loss: 1.659535 | lrm: 0.86 | dt: 543.62ms | tok/sec: 15,069 | mfu: 3.32 | epoch: 1 | total time: 7.21m
step 00744 (74.40%) | loss: 1.658657 | lrm: 0.85 | dt: 565.17ms | tok/sec: 14,494 | mfu: 3.19 | epoch: 1 | total time: 7.22m
step 00745 (74.50%) | loss: 1.824148 | lrm: 0.85 | dt: 554.20ms | tok/sec: 14,781 | mfu: 3.25 | epoch: 1 | total time: 7.23m
step 00746 (74.60%) | loss: 1.832575 | lrm: 0.85 | dt: 555.33ms | tok/sec: 14,751 | mfu: 3.25 | epoch: 1 | total time: 7.24m
step 00747 (74.70%) | loss: 1.838944 | lrm: 0.84 | dt: 549.19ms | tok/sec: 14,916 | mfu: 3.28 | epoch: 1 | total time: 7.25m
step 00748 (74.80%) | loss: 1.871755 | lrm: 0.84 | dt: 539.35ms | tok/sec: 15,188 | mfu: 3.34 | epoch: 1 | total time: 7.26m
step 00749 (74.90%) | loss: 1.862676 | lrm: 0.84 | dt: 544.52ms | tok/sec: 15,044 | mfu: 3.31 | epoch: 1 | total time: 7.27m
step 00750 (75.00%) | loss: 1.869368 | lrm: 0.83 | dt: 539.96ms | tok/sec: 15,171 | mfu: 3.34 | epoch: 1 | total time: 7.27m
Step 00750 | Validation bpb: 0.6471
2026-02-17 12:22:33,286 - nanochat.checkpoint_manager - [32m[1mINFO[0m - Saved model parameters to: /home/sun0115/.cache/nanochat/chatsft_checkpoints/d18_clean200k_lora_prod_2026-02-17_1209_s1024/best/model_000750.pt
2026-02-17 12:22:33,286 - nanochat.checkpoint_manager - [32m[1mINFO[0m - Saved metadata to: /home/sun0115/.cache/nanochat/chatsft_checkpoints/d18_clean200k_lora_prod_2026-02-17_1209_s1024/best/meta_000750.json
Saved best checkpoint at step 750 (val_bpb=0.6471)
Rotated old best checkpoint: step 000500
step 00751 (75.10%) | loss: 1.921356 | lrm: 0.83 | dt: 968.55ms | tok/sec: 8,457 | mfu: 1.86 | epoch: 1 | total time: 7.29m
step 00752 (75.20%) | loss: 1.998697 | lrm: 0.83 | dt: 496.91ms | tok/sec: 16,485 | mfu: 3.63 | epoch: 1 | total time: 7.30m
step 00753 (75.30%) | loss: 1.973306 | lrm: 0.82 | dt: 572.68ms | tok/sec: 14,304 | mfu: 3.15 | epoch: 1 | total time: 7.31m
step 00754 (75.40%) | loss: 1.997372 | lrm: 0.82 | dt: 559.53ms | tok/sec: 14,640 | mfu: 3.22 | epoch: 1 | total time: 7.32m
step 00755 (75.50%) | loss: 2.021738 | lrm: 0.82 | dt: 561.12ms | tok/sec: 14,599 | mfu: 3.21 | epoch: 1 | total time: 7.33m
step 00756 (75.60%) | loss: 1.972253 | lrm: 0.81 | dt: 559.58ms | tok/sec: 14,639 | mfu: 3.22 | epoch: 1 | total time: 7.34m
step 00757 (75.70%) | loss: 1.934055 | lrm: 0.81 | dt: 559.72ms | tok/sec: 14,635 | mfu: 3.22 | epoch: 1 | total time: 7.35m
step 00758 (75.80%) | loss: 1.866737 | lrm: 0.81 | dt: 2599.46ms | tok/sec: 3,151 | mfu: 0.69 | epoch: 1 | total time: 7.39m
step 00759 (75.90%) | loss: 1.866625 | lrm: 0.80 | dt: 547.96ms | tok/sec: 14,950 | mfu: 3.29 | epoch: 1 | total time: 7.40m
step 00760 (76.00%) | loss: 1.877227 | lrm: 0.80 | dt: 565.58ms | tok/sec: 14,484 | mfu: 3.19 | epoch: 1 | total time: 7.41m
step 00761 (76.10%) | loss: 1.835086 | lrm: 0.80 | dt: 555.42ms | tok/sec: 14,749 | mfu: 3.25 | epoch: 1 | total time: 7.42m
step 00762 (76.20%) | loss: 1.758756 | lrm: 0.79 | dt: 576.95ms | tok/sec: 14,198 | mfu: 3.13 | epoch: 1 | total time: 7.43m
step 00763 (76.30%) | loss: 1.723914 | lrm: 0.79 | dt: 561.24ms | tok/sec: 14,596 | mfu: 3.21 | epoch: 1 | total time: 7.44m
step 00764 (76.40%) | loss: 1.804491 | lrm: 0.79 | dt: 572.85ms | tok/sec: 14,300 | mfu: 3.15 | epoch: 1 | total time: 7.45m
step 00765 (76.50%) | loss: 1.822732 | lrm: 0.78 | dt: 549.49ms | tok/sec: 14,908 | mfu: 3.28 | epoch: 1 | total time: 7.45m
step 00766 (76.60%) | loss: 1.815434 | lrm: 0.78 | dt: 553.63ms | tok/sec: 14,796 | mfu: 3.26 | epoch: 1 | total time: 7.46m
step 00767 (76.70%) | loss: 1.774757 | lrm: 0.78 | dt: 560.80ms | tok/sec: 14,607 | mfu: 3.22 | epoch: 1 | total time: 7.47m
step 00768 (76.80%) | loss: 1.865410 | lrm: 0.77 | dt: 559.92ms | tok/sec: 14,630 | mfu: 3.22 | epoch: 1 | total time: 7.48m
step 00769 (76.90%) | loss: 1.895631 | lrm: 0.77 | dt: 580.78ms | tok/sec: 14,105 | mfu: 3.11 | epoch: 1 | total time: 7.49m
step 00770 (77.00%) | loss: 1.937314 | lrm: 0.77 | dt: 581.85ms | tok/sec: 14,079 | mfu: 3.10 | epoch: 1 | total time: 7.50m
step 00771 (77.10%) | loss: 1.938930 | lrm: 0.76 | dt: 546.17ms | tok/sec: 14,999 | mfu: 3.30 | epoch: 1 | total time: 7.51m
step 00772 (77.20%) | loss: 1.939247 | lrm: 0.76 | dt: 551.24ms | tok/sec: 14,860 | mfu: 3.27 | epoch: 1 | total time: 7.52m
step 00773 (77.30%) | loss: 1.926565 | lrm: 0.76 | dt: 478.61ms | tok/sec: 17,116 | mfu: 3.77 | epoch: 1 | total time: 7.53m
step 00774 (77.40%) | loss: 1.891413 | lrm: 0.75 | dt: 567.58ms | tok/sec: 14,433 | mfu: 3.18 | epoch: 1 | total time: 7.54m
step 00775 (77.50%) | loss: 2.023461 | lrm: 0.75 | dt: 556.90ms | tok/sec: 14,709 | mfu: 3.24 | epoch: 1 | total time: 7.55m
step 00776 (77.60%) | loss: 2.011321 | lrm: 0.75 | dt: 496.00ms | tok/sec: 16,515 | mfu: 3.64 | epoch: 1 | total time: 7.55m
step 00777 (77.70%) | loss: 2.079819 | lrm: 0.74 | dt: 560.32ms | tok/sec: 14,620 | mfu: 3.22 | epoch: 1 | total time: 7.56m
step 00778 (77.80%) | loss: 2.193074 | lrm: 0.74 | dt: 562.00ms | tok/sec: 14,576 | mfu: 3.21 | epoch: 1 | total time: 7.57m
step 00779 (77.90%) | loss: 2.170141 | lrm: 0.74 | dt: 555.54ms | tok/sec: 14,746 | mfu: 3.25 | epoch: 1 | total time: 7.58m
step 00780 (78.00%) | loss: 2.179079 | lrm: 0.73 | dt: 552.40ms | tok/sec: 14,829 | mfu: 3.26 | epoch: 1 | total time: 7.59m
step 00781 (78.10%) | loss: 2.162702 | lrm: 0.73 | dt: 554.90ms | tok/sec: 14,763 | mfu: 3.25 | epoch: 1 | total time: 7.60m
step 00782 (78.20%) | loss: 2.139678 | lrm: 0.73 | dt: 550.23ms | tok/sec: 14,888 | mfu: 3.28 | epoch: 1 | total time: 7.61m
step 00783 (78.30%) | loss: 2.214306 | lrm: 0.72 | dt: 549.34ms | tok/sec: 14,912 | mfu: 3.28 | epoch: 1 | total time: 7.62m
step 00784 (78.40%) | loss: 2.197078 | lrm: 0.72 | dt: 557.84ms | tok/sec: 14,685 | mfu: 3.23 | epoch: 1 | total time: 7.63m
step 00785 (78.50%) | loss: 2.174514 | lrm: 0.72 | dt: 543.09ms | tok/sec: 15,084 | mfu: 3.32 | epoch: 1 | total time: 7.64m
step 00786 (78.60%) | loss: 2.190018 | lrm: 0.71 | dt: 478.69ms | tok/sec: 17,113 | mfu: 3.77 | epoch: 1 | total time: 7.65m
step 00787 (78.70%) | loss: 2.204459 | lrm: 0.71 | dt: 548.02ms | tok/sec: 14,948 | mfu: 3.29 | epoch: 1 | total time: 7.65m
step 00788 (78.80%) | loss: 2.199689 | lrm: 0.71 | dt: 501.99ms | tok/sec: 16,319 | mfu: 3.59 | epoch: 1 | total time: 7.66m
step 00789 (78.90%) | loss: 2.137591 | lrm: 0.70 | dt: 557.56ms | tok/sec: 14,692 | mfu: 3.23 | epoch: 1 | total time: 7.67m
step 00790 (79.00%) | loss: 2.138910 | lrm: 0.70 | dt: 579.59ms | tok/sec: 14,134 | mfu: 3.11 | epoch: 1 | total time: 7.68m
step 00791 (79.10%) | loss: 2.162391 | lrm: 0.70 | dt: 559.87ms | tok/sec: 14,631 | mfu: 3.22 | epoch: 1 | total time: 7.69m
step 00792 (79.20%) | loss: 2.220561 | lrm: 0.69 | dt: 578.03ms | tok/sec: 14,172 | mfu: 3.12 | epoch: 1 | total time: 7.70m
step 00793 (79.30%) | loss: 2.225431 | lrm: 0.69 | dt: 569.90ms | tok/sec: 14,374 | mfu: 3.16 | epoch: 1 | total time: 7.71m
step 00794 (79.40%) | loss: 2.169849 | lrm: 0.69 | dt: 583.66ms | tok/sec: 14,035 | mfu: 3.09 | epoch: 1 | total time: 7.72m
step 00795 (79.50%) | loss: 2.121756 | lrm: 0.68 | dt: 482.94ms | tok/sec: 16,962 | mfu: 3.73 | epoch: 1 | total time: 7.73m
step 00796 (79.60%) | loss: 2.041906 | lrm: 0.68 | dt: 576.95ms | tok/sec: 14,198 | mfu: 3.13 | epoch: 1 | total time: 7.74m
step 00797 (79.70%) | loss: 2.037182 | lrm: 0.68 | dt: 561.71ms | tok/sec: 14,584 | mfu: 3.21 | epoch: 1 | total time: 7.75m
step 00798 (79.80%) | loss: 2.016857 | lrm: 0.67 | dt: 423.88ms | tok/sec: 19,326 | mfu: 4.25 | epoch: 1 | total time: 7.75m
step 00799 (79.90%) | loss: 1.967189 | lrm: 0.67 | dt: 566.84ms | tok/sec: 14,452 | mfu: 3.18 | epoch: 1 | total time: 7.76m
step 00800 (80.00%) | loss: 1.940675 | lrm: 0.67 | dt: 416.87ms | tok/sec: 19,651 | mfu: 4.33 | epoch: 1 | total time: 7.77m
Step 00800 | Validation bpb: 0.6454
2026-02-17 12:23:23,400 - nanochat.checkpoint_manager - [32m[1mINFO[0m - Saved model parameters to: /home/sun0115/.cache/nanochat/chatsft_checkpoints/d18_clean200k_lora_prod_2026-02-17_1209_s1024/best/model_000800.pt
2026-02-17 12:23:23,401 - nanochat.checkpoint_manager - [32m[1mINFO[0m - Saved metadata to: /home/sun0115/.cache/nanochat/chatsft_checkpoints/d18_clean200k_lora_prod_2026-02-17_1209_s1024/best/meta_000800.json
Saved best checkpoint at step 800 (val_bpb=0.6454)
Rotated old best checkpoint: step 000550
step 00801 (80.10%) | loss: 1.949594 | lrm: 0.66 | dt: 794.49ms | tok/sec: 10,310 | mfu: 2.27 | epoch: 1 | total time: 7.78m
step 00802 (80.20%) | loss: 1.891376 | lrm: 0.66 | dt: 559.97ms | tok/sec: 14,629 | mfu: 3.22 | epoch: 1 | total time: 7.79m
step 00803 (80.30%) | loss: 1.865442 | lrm: 0.66 | dt: 485.81ms | tok/sec: 16,862 | mfu: 3.71 | epoch: 1 | total time: 7.80m
step 00804 (80.40%) | loss: 1.999973 | lrm: 0.65 | dt: 561.20ms | tok/sec: 14,597 | mfu: 3.21 | epoch: 1 | total time: 7.81m
step 00805 (80.50%) | loss: 1.993132 | lrm: 0.65 | dt: 549.63ms | tok/sec: 14,904 | mfu: 3.28 | epoch: 1 | total time: 7.82m
step 00806 (80.60%) | loss: 2.004563 | lrm: 0.65 | dt: 545.04ms | tok/sec: 15,030 | mfu: 3.31 | epoch: 1 | total time: 7.83m
step 00807 (80.70%) | loss: 2.024879 | lrm: 0.64 | dt: 559.54ms | tok/sec: 14,640 | mfu: 3.22 | epoch: 1 | total time: 7.84m
step 00808 (80.80%) | loss: 1.988736 | lrm: 0.64 | dt: 575.29ms | tok/sec: 14,239 | mfu: 3.14 | epoch: 1 | total time: 7.85m
step 00809 (80.90%) | loss: 2.005511 | lrm: 0.64 | dt: 586.55ms | tok/sec: 13,966 | mfu: 3.07 | epoch: 1 | total time: 7.86m
step 00810 (81.00%) | loss: 1.953018 | lrm: 0.63 | dt: 416.94ms | tok/sec: 19,647 | mfu: 4.33 | epoch: 1 | total time: 7.86m
step 00811 (81.10%) | loss: 1.946111 | lrm: 0.63 | dt: 556.29ms | tok/sec: 14,726 | mfu: 3.24 | epoch: 1 | total time: 7.87m
step 00812 (81.20%) | loss: 1.946292 | lrm: 0.63 | dt: 544.18ms | tok/sec: 15,053 | mfu: 3.31 | epoch: 1 | total time: 7.88m
step 00813 (81.30%) | loss: 2.001753 | lrm: 0.62 | dt: 542.17ms | tok/sec: 15,109 | mfu: 3.33 | epoch: 1 | total time: 7.89m
step 00814 (81.40%) | loss: 1.990393 | lrm: 0.62 | dt: 547.80ms | tok/sec: 14,954 | mfu: 3.29 | epoch: 1 | total time: 7.90m
step 00815 (81.50%) | loss: 1.964300 | lrm: 0.62 | dt: 548.45ms | tok/sec: 14,936 | mfu: 3.29 | epoch: 1 | total time: 7.91m
step 00816 (81.60%) | loss: 1.909266 | lrm: 0.61 | dt: 545.88ms | tok/sec: 15,006 | mfu: 3.30 | epoch: 1 | total time: 7.92m
step 00817 (81.70%) | loss: 1.846496 | lrm: 0.61 | dt: 545.44ms | tok/sec: 15,019 | mfu: 3.31 | epoch: 1 | total time: 7.93m
step 00818 (81.80%) | loss: 1.802824 | lrm: 0.61 | dt: 544.07ms | tok/sec: 15,056 | mfu: 3.31 | epoch: 1 | total time: 7.94m
step 00819 (81.90%) | loss: 1.806487 | lrm: 0.60 | dt: 560.12ms | tok/sec: 14,625 | mfu: 3.22 | epoch: 1 | total time: 7.95m
step 00820 (82.00%) | loss: 1.788568 | lrm: 0.60 | dt: 560.37ms | tok/sec: 14,618 | mfu: 3.22 | epoch: 1 | total time: 7.96m
step 00821 (82.10%) | loss: 1.935136 | lrm: 0.60 | dt: 490.69ms | tok/sec: 16,695 | mfu: 3.68 | epoch: 1 | total time: 7.96m
step 00822 (82.20%) | loss: 1.939506 | lrm: 0.59 | dt: 575.23ms | tok/sec: 14,241 | mfu: 3.14 | epoch: 1 | total time: 7.97m
step 00823 (82.30%) | loss: 1.935373 | lrm: 0.59 | dt: 548.45ms | tok/sec: 14,936 | mfu: 3.29 | epoch: 1 | total time: 7.98m
step 00824 (82.40%) | loss: 1.950511 | lrm: 0.59 | dt: 548.57ms | tok/sec: 14,933 | mfu: 3.29 | epoch: 1 | total time: 7.99m
step 00825 (82.50%) | loss: 1.959323 | lrm: 0.58 | dt: 546.88ms | tok/sec: 14,979 | mfu: 3.30 | epoch: 1 | total time: 8.00m
step 00826 (82.60%) | loss: 1.820672 | lrm: 0.58 | dt: 570.29ms | tok/sec: 14,364 | mfu: 3.16 | epoch: 1 | total time: 8.01m
step 00827 (82.70%) | loss: 1.835634 | lrm: 0.58 | dt: 548.66ms | tok/sec: 14,930 | mfu: 3.29 | epoch: 1 | total time: 8.02m
step 00828 (82.80%) | loss: 1.913949 | lrm: 0.57 | dt: 576.33ms | tok/sec: 14,214 | mfu: 3.13 | epoch: 1 | total time: 8.03m
step 00829 (82.90%) | loss: 1.984429 | lrm: 0.57 | dt: 551.20ms | tok/sec: 14,862 | mfu: 3.27 | epoch: 1 | total time: 8.04m
step 00830 (83.00%) | loss: 1.961093 | lrm: 0.57 | dt: 489.43ms | tok/sec: 16,737 | mfu: 3.69 | epoch: 1 | total time: 8.05m
step 00831 (83.10%) | loss: 2.006312 | lrm: 0.56 | dt: 558.19ms | tok/sec: 14,676 | mfu: 3.23 | epoch: 1 | total time: 8.06m
step 00832 (83.20%) | loss: 2.003330 | lrm: 0.56 | dt: 573.48ms | tok/sec: 14,284 | mfu: 3.14 | epoch: 1 | total time: 8.07m
step 00833 (83.30%) | loss: 1.975345 | lrm: 0.56 | dt: 549.25ms | tok/sec: 14,914 | mfu: 3.28 | epoch: 1 | total time: 8.08m
step 00834 (83.40%) | loss: 1.975610 | lrm: 0.55 | dt: 546.97ms | tok/sec: 14,977 | mfu: 3.30 | epoch: 1 | total time: 8.08m
step 00835 (83.50%) | loss: 2.088090 | lrm: 0.55 | dt: 479.38ms | tok/sec: 17,088 | mfu: 3.76 | epoch: 1 | total time: 8.09m
step 00836 (83.60%) | loss: 2.028780 | lrm: 0.55 | dt: 546.92ms | tok/sec: 14,978 | mfu: 3.30 | epoch: 1 | total time: 8.10m
step 00837 (83.70%) | loss: 2.021216 | lrm: 0.54 | dt: 569.12ms | tok/sec: 14,394 | mfu: 3.17 | epoch: 1 | total time: 8.11m
step 00838 (83.80%) | loss: 1.981902 | lrm: 0.54 | dt: 543.57ms | tok/sec: 15,070 | mfu: 3.32 | epoch: 1 | total time: 8.12m
step 00839 (83.90%) | loss: 1.993633 | lrm: 0.54 | dt: 559.79ms | tok/sec: 14,634 | mfu: 3.22 | epoch: 1 | total time: 8.13m
step 00840 (84.00%) | loss: 1.992988 | lrm: 0.53 | dt: 559.70ms | tok/sec: 14,636 | mfu: 3.22 | epoch: 1 | total time: 8.14m
step 00841 (84.10%) | loss: 1.956419 | lrm: 0.53 | dt: 502.42ms | tok/sec: 16,305 | mfu: 3.59 | epoch: 1 | total time: 8.15m
step 00842 (84.20%) | loss: 1.949545 | lrm: 0.53 | dt: 2458.25ms | tok/sec: 3,332 | mfu: 0.73 | epoch: 1 | total time: 8.19m
step 00843 (84.30%) | loss: 1.932714 | lrm: 0.52 | dt: 544.95ms | tok/sec: 15,032 | mfu: 3.31 | epoch: 1 | total time: 8.20m
step 00844 (84.40%) | loss: 1.939860 | lrm: 0.52 | dt: 595.28ms | tok/sec: 13,761 | mfu: 3.03 | epoch: 1 | total time: 8.21m
step 00845 (84.50%) | loss: 2.064047 | lrm: 0.52 | dt: 560.19ms | tok/sec: 14,623 | mfu: 3.22 | epoch: 1 | total time: 8.22m
step 00846 (84.60%) | loss: 2.025522 | lrm: 0.51 | dt: 545.08ms | tok/sec: 15,029 | mfu: 3.31 | epoch: 1 | total time: 8.23m
step 00847 (84.70%) | loss: 2.042140 | lrm: 0.51 | dt: 542.52ms | tok/sec: 15,099 | mfu: 3.32 | epoch: 1 | total time: 8.23m
step 00848 (84.80%) | loss: 2.026535 | lrm: 0.51 | dt: 600.94ms | tok/sec: 13,632 | mfu: 3.00 | epoch: 1 | total time: 8.24m
step 00849 (84.90%) | loss: 2.005902 | lrm: 0.50 | dt: 484.24ms | tok/sec: 16,917 | mfu: 3.72 | epoch: 1 | total time: 8.25m
step 00850 (85.00%) | loss: 2.036971 | lrm: 0.50 | dt: 496.64ms | tok/sec: 16,494 | mfu: 3.63 | epoch: 1 | total time: 8.26m
Step 00850 | Validation bpb: 0.6442
2026-02-17 12:24:11,229 - nanochat.checkpoint_manager - [32m[1mINFO[0m - Saved model parameters to: /home/sun0115/.cache/nanochat/chatsft_checkpoints/d18_clean200k_lora_prod_2026-02-17_1209_s1024/best/model_000850.pt
2026-02-17 12:24:11,230 - nanochat.checkpoint_manager - [32m[1mINFO[0m - Saved metadata to: /home/sun0115/.cache/nanochat/chatsft_checkpoints/d18_clean200k_lora_prod_2026-02-17_1209_s1024/best/meta_000850.json
Saved best checkpoint at step 850 (val_bpb=0.6442)
Rotated old best checkpoint: step 000600
step 00851 (85.10%) | loss: 2.005872 | lrm: 0.50 | dt: 719.47ms | tok/sec: 11,386 | mfu: 2.51 | epoch: 1 | total time: 8.27m
step 00852 (85.20%) | loss: 1.995801 | lrm: 0.49 | dt: 793.13ms | tok/sec: 10,328 | mfu: 2.27 | epoch: 1 | total time: 8.29m
step 00853 (85.30%) | loss: 2.014475 | lrm: 0.49 | dt: 549.05ms | tok/sec: 14,920 | mfu: 3.28 | epoch: 1 | total time: 8.30m
step 00854 (85.40%) | loss: 2.043522 | lrm: 0.49 | dt: 477.77ms | tok/sec: 17,146 | mfu: 3.77 | epoch: 1 | total time: 8.30m
step 00855 (85.50%) | loss: 2.008263 | lrm: 0.48 | dt: 556.44ms | tok/sec: 14,722 | mfu: 3.24 | epoch: 1 | total time: 8.31m
step 00856 (85.60%) | loss: 2.038889 | lrm: 0.48 | dt: 571.42ms | tok/sec: 14,336 | mfu: 3.16 | epoch: 1 | total time: 8.32m
step 00857 (85.70%) | loss: 2.014499 | lrm: 0.48 | dt: 547.02ms | tok/sec: 14,975 | mfu: 3.30 | epoch: 1 | total time: 8.33m
step 00858 (85.80%) | loss: 2.007722 | lrm: 0.47 | dt: 553.91ms | tok/sec: 14,789 | mfu: 3.26 | epoch: 1 | total time: 8.34m
step 00859 (85.90%) | loss: 1.947273 | lrm: 0.47 | dt: 579.40ms | tok/sec: 14,138 | mfu: 3.11 | epoch: 1 | total time: 8.35m
step 00860 (86.00%) | loss: 1.947412 | lrm: 0.47 | dt: 477.42ms | tok/sec: 17,158 | mfu: 3.78 | epoch: 1 | total time: 8.36m
step 00861 (86.10%) | loss: 1.939370 | lrm: 0.46 | dt: 555.91ms | tok/sec: 14,736 | mfu: 3.24 | epoch: 1 | total time: 8.37m
step 00862 (86.20%) | loss: 1.966464 | lrm: 0.46 | dt: 565.07ms | tok/sec: 14,497 | mfu: 3.19 | epoch: 1 | total time: 8.38m
step 00863 (86.30%) | loss: 1.951280 | lrm: 0.46 | dt: 555.15ms | tok/sec: 14,756 | mfu: 3.25 | epoch: 1 | total time: 8.39m
step 00864 (86.40%) | loss: 1.938242 | lrm: 0.45 | dt: 577.35ms | tok/sec: 14,188 | mfu: 3.12 | epoch: 1 | total time: 8.40m
step 00865 (86.50%) | loss: 1.924312 | lrm: 0.45 | dt: 488.27ms | tok/sec: 16,777 | mfu: 3.69 | epoch: 1 | total time: 8.40m
step 00866 (86.60%) | loss: 1.937406 | lrm: 0.45 | dt: 544.07ms | tok/sec: 15,056 | mfu: 3.31 | epoch: 1 | total time: 8.41m
step 00867 (86.70%) | loss: 1.955052 | lrm: 0.44 | dt: 2479.58ms | tok/sec: 3,303 | mfu: 0.73 | epoch: 1 | total time: 8.45m
step 00868 (86.80%) | loss: 2.022339 | lrm: 0.44 | dt: 555.67ms | tok/sec: 14,742 | mfu: 3.25 | epoch: 1 | total time: 8.46m
step 00869 (86.90%) | loss: 2.082903 | lrm: 0.44 | dt: 544.93ms | tok/sec: 15,033 | mfu: 3.31 | epoch: 1 | total time: 8.47m
step 00870 (87.00%) | loss: 2.019242 | lrm: 0.43 | dt: 572.37ms | tok/sec: 14,312 | mfu: 3.15 | epoch: 1 | total time: 8.48m
step 00871 (87.10%) | loss: 1.995270 | lrm: 0.43 | dt: 562.89ms | tok/sec: 14,553 | mfu: 3.20 | epoch: 1 | total time: 8.49m
step 00872 (87.20%) | loss: 1.980346 | lrm: 0.43 | dt: 479.38ms | tok/sec: 17,088 | mfu: 3.76 | epoch: 1 | total time: 8.50m
step 00873 (87.30%) | loss: 1.936901 | lrm: 0.42 | dt: 578.45ms | tok/sec: 14,161 | mfu: 3.12 | epoch: 1 | total time: 8.51m
step 00874 (87.40%) | loss: 2.012119 | lrm: 0.42 | dt: 558.08ms | tok/sec: 14,678 | mfu: 3.23 | epoch: 1 | total time: 8.52m
step 00875 (87.50%) | loss: 1.959181 | lrm: 0.42 | dt: 483.20ms | tok/sec: 16,953 | mfu: 3.73 | epoch: 1 | total time: 8.53m
step 00876 (87.60%) | loss: 1.865302 | lrm: 0.41 | dt: 543.93ms | tok/sec: 15,060 | mfu: 3.32 | epoch: 1 | total time: 8.54m
step 00877 (87.70%) | loss: 1.886473 | lrm: 0.41 | dt: 563.26ms | tok/sec: 14,543 | mfu: 3.20 | epoch: 1 | total time: 8.54m
step 00878 (87.80%) | loss: 1.907153 | lrm: 0.41 | dt: 551.47ms | tok/sec: 14,854 | mfu: 3.27 | epoch: 1 | total time: 8.55m
step 00879 (87.90%) | loss: 2.011662 | lrm: 0.40 | dt: 543.62ms | tok/sec: 15,069 | mfu: 3.32 | epoch: 1 | total time: 8.56m
step 00880 (88.00%) | loss: 2.033531 | lrm: 0.40 | dt: 545.08ms | tok/sec: 15,028 | mfu: 3.31 | epoch: 1 | total time: 8.57m
step 00881 (88.10%) | loss: 2.028005 | lrm: 0.40 | dt: 474.36ms | tok/sec: 17,269 | mfu: 3.80 | epoch: 1 | total time: 8.58m
step 00882 (88.20%) | loss: 1.921993 | lrm: 0.39 | dt: 545.04ms | tok/sec: 15,029 | mfu: 3.31 | epoch: 1 | total time: 8.59m
step 00883 (88.30%) | loss: 1.941695 | lrm: 0.39 | dt: 543.90ms | tok/sec: 15,061 | mfu: 3.32 | epoch: 1 | total time: 8.60m
step 00884 (88.40%) | loss: 2.021787 | lrm: 0.39 | dt: 566.86ms | tok/sec: 14,451 | mfu: 3.18 | epoch: 1 | total time: 8.61m
step 00885 (88.50%) | loss: 2.127608 | lrm: 0.38 | dt: 553.46ms | tok/sec: 14,801 | mfu: 3.26 | epoch: 1 | total time: 8.62m
step 00886 (88.60%) | loss: 2.145372 | lrm: 0.38 | dt: 586.10ms | tok/sec: 13,977 | mfu: 3.08 | epoch: 1 | total time: 8.63m
step 00887 (88.70%) | loss: 2.108120 | lrm: 0.38 | dt: 555.81ms | tok/sec: 14,738 | mfu: 3.24 | epoch: 1 | total time: 8.64m
step 00888 (88.80%) | loss: 2.122395 | lrm: 0.37 | dt: 544.43ms | tok/sec: 15,046 | mfu: 3.31 | epoch: 1 | total time: 8.64m
step 00889 (88.90%) | loss: 2.104344 | lrm: 0.37 | dt: 560.17ms | tok/sec: 14,624 | mfu: 3.22 | epoch: 1 | total time: 8.65m
step 00890 (89.00%) | loss: 2.068056 | lrm: 0.37 | dt: 557.83ms | tok/sec: 14,685 | mfu: 3.23 | epoch: 1 | total time: 8.66m
step 00891 (89.10%) | loss: 2.092686 | lrm: 0.36 | dt: 544.88ms | tok/sec: 15,034 | mfu: 3.31 | epoch: 1 | total time: 8.67m
step 00892 (89.20%) | loss: 2.075946 | lrm: 0.36 | dt: 572.20ms | tok/sec: 14,316 | mfu: 3.15 | epoch: 1 | total time: 8.68m
step 00893 (89.30%) | loss: 2.152904 | lrm: 0.36 | dt: 556.03ms | tok/sec: 14,733 | mfu: 3.24 | epoch: 1 | total time: 8.69m
step 00894 (89.40%) | loss: 2.148266 | lrm: 0.35 | dt: 484.98ms | tok/sec: 16,891 | mfu: 3.72 | epoch: 1 | total time: 8.70m
step 00895 (89.50%) | loss: 2.124267 | lrm: 0.35 | dt: 558.96ms | tok/sec: 14,655 | mfu: 3.23 | epoch: 1 | total time: 8.71m
step 00896 (89.60%) | loss: 2.125948 | lrm: 0.35 | dt: 559.07ms | tok/sec: 14,652 | mfu: 3.23 | epoch: 1 | total time: 8.72m
step 00897 (89.70%) | loss: 2.081146 | lrm: 0.34 | dt: 552.74ms | tok/sec: 14,820 | mfu: 3.26 | epoch: 1 | total time: 8.73m
step 00898 (89.80%) | loss: 2.066234 | lrm: 0.34 | dt: 559.97ms | tok/sec: 14,629 | mfu: 3.22 | epoch: 1 | total time: 8.74m
step 00899 (89.90%) | loss: 2.022036 | lrm: 0.34 | dt: 547.89ms | tok/sec: 14,951 | mfu: 3.29 | epoch: 1 | total time: 8.75m
step 00900 (90.00%) | loss: 2.002561 | lrm: 0.33 | dt: 552.54ms | tok/sec: 14,826 | mfu: 3.26 | epoch: 1 | total time: 8.76m
Step 00900 | Validation bpb: 0.6431
2026-02-17 12:25:01,023 - nanochat.checkpoint_manager - [32m[1mINFO[0m - Saved model parameters to: /home/sun0115/.cache/nanochat/chatsft_checkpoints/d18_clean200k_lora_prod_2026-02-17_1209_s1024/best/model_000900.pt
2026-02-17 12:25:01,024 - nanochat.checkpoint_manager - [32m[1mINFO[0m - Saved metadata to: /home/sun0115/.cache/nanochat/chatsft_checkpoints/d18_clean200k_lora_prod_2026-02-17_1209_s1024/best/meta_000900.json
Saved best checkpoint at step 900 (val_bpb=0.6431)
Rotated old best checkpoint: step 000650
step 00901 (90.10%) | loss: 1.983741 | lrm: 0.33 | dt: 722.84ms | tok/sec: 11,333 | mfu: 2.50 | epoch: 1 | total time: 8.77m
step 00902 (90.20%) | loss: 1.950342 | lrm: 0.33 | dt: 592.24ms | tok/sec: 13,832 | mfu: 3.05 | epoch: 1 | total time: 8.78m
step 00903 (90.30%) | loss: 1.943294 | lrm: 0.32 | dt: 559.46ms | tok/sec: 14,642 | mfu: 3.22 | epoch: 1 | total time: 8.79m
step 00904 (90.40%) | loss: 1.959544 | lrm: 0.32 | dt: 554.00ms | tok/sec: 14,786 | mfu: 3.26 | epoch: 1 | total time: 8.80m
step 00905 (90.50%) | loss: 1.897211 | lrm: 0.32 | dt: 553.63ms | tok/sec: 14,796 | mfu: 3.26 | epoch: 1 | total time: 8.80m
step 00906 (90.60%) | loss: 1.917192 | lrm: 0.31 | dt: 582.19ms | tok/sec: 14,070 | mfu: 3.10 | epoch: 1 | total time: 8.81m
step 00907 (90.70%) | loss: 1.923089 | lrm: 0.31 | dt: 546.07ms | tok/sec: 15,001 | mfu: 3.30 | epoch: 1 | total time: 8.82m
step 00908 (90.80%) | loss: 1.926048 | lrm: 0.31 | dt: 553.49ms | tok/sec: 14,800 | mfu: 3.26 | epoch: 1 | total time: 8.83m
step 00909 (90.90%) | loss: 1.892383 | lrm: 0.30 | dt: 553.87ms | tok/sec: 14,790 | mfu: 3.26 | epoch: 1 | total time: 8.84m
step 00910 (91.00%) | loss: 1.858971 | lrm: 0.30 | dt: 555.37ms | tok/sec: 14,750 | mfu: 3.25 | epoch: 1 | total time: 8.85m
step 00911 (91.10%) | loss: 1.811100 | lrm: 0.30 | dt: 551.69ms | tok/sec: 14,848 | mfu: 3.27 | epoch: 1 | total time: 8.86m
step 00912 (91.20%) | loss: 1.834964 | lrm: 0.29 | dt: 550.03ms | tok/sec: 14,893 | mfu: 3.28 | epoch: 1 | total time: 8.87m
step 00913 (91.30%) | loss: 1.843708 | lrm: 0.29 | dt: 545.76ms | tok/sec: 15,010 | mfu: 3.30 | epoch: 1 | total time: 8.88m
step 00914 (91.40%) | loss: 1.847355 | lrm: 0.29 | dt: 581.14ms | tok/sec: 14,096 | mfu: 3.10 | epoch: 1 | total time: 8.89m
step 00915 (91.50%) | loss: 1.851784 | lrm: 0.28 | dt: 543.82ms | tok/sec: 15,063 | mfu: 3.32 | epoch: 1 | total time: 8.90m
step 00916 (91.60%) | loss: 1.870339 | lrm: 0.28 | dt: 556.97ms | tok/sec: 14,708 | mfu: 3.24 | epoch: 1 | total time: 8.91m
step 00917 (91.70%) | loss: 1.884391 | lrm: 0.28 | dt: 552.25ms | tok/sec: 14,833 | mfu: 3.27 | epoch: 1 | total time: 8.92m
step 00918 (91.80%) | loss: 1.830869 | lrm: 0.27 | dt: 563.16ms | tok/sec: 14,546 | mfu: 3.20 | epoch: 1 | total time: 8.93m
step 00919 (91.90%) | loss: 1.834734 | lrm: 0.27 | dt: 543.78ms | tok/sec: 15,064 | mfu: 3.32 | epoch: 1 | total time: 8.93m
step 00920 (92.00%) | loss: 1.812125 | lrm: 0.27 | dt: 573.67ms | tok/sec: 14,279 | mfu: 3.14 | epoch: 1 | total time: 8.94m
step 00921 (92.10%) | loss: 1.827747 | lrm: 0.26 | dt: 554.70ms | tok/sec: 14,768 | mfu: 3.25 | epoch: 1 | total time: 8.95m
step 00922 (92.20%) | loss: 1.931124 | lrm: 0.26 | dt: 542.42ms | tok/sec: 15,102 | mfu: 3.32 | epoch: 1 | total time: 8.96m
step 00923 (92.30%) | loss: 1.920250 | lrm: 0.26 | dt: 547.75ms | tok/sec: 14,955 | mfu: 3.29 | epoch: 1 | total time: 8.97m
step 00924 (92.40%) | loss: 1.865699 | lrm: 0.25 | dt: 554.41ms | tok/sec: 14,776 | mfu: 3.25 | epoch: 1 | total time: 8.98m
step 00925 (92.50%) | loss: 1.852055 | lrm: 0.25 | dt: 551.35ms | tok/sec: 14,858 | mfu: 3.27 | epoch: 1 | total time: 8.99m
step 00926 (92.60%) | loss: 1.744339 | lrm: 0.25 | dt: 567.65ms | tok/sec: 14,431 | mfu: 3.18 | epoch: 1 | total time: 9.00m
step 00927 (92.70%) | loss: 1.777258 | lrm: 0.24 | dt: 558.38ms | tok/sec: 14,671 | mfu: 3.23 | epoch: 1 | total time: 9.01m
step 00928 (92.80%) | loss: 1.800140 | lrm: 0.24 | dt: 475.43ms | tok/sec: 17,230 | mfu: 3.79 | epoch: 1 | total time: 9.02m
step 00929 (92.90%) | loss: 1.686929 | lrm: 0.24 | dt: 553.77ms | tok/sec: 14,793 | mfu: 3.26 | epoch: 1 | total time: 9.03m
step 00930 (93.00%) | loss: 1.770029 | lrm: 0.23 | dt: 542.05ms | tok/sec: 15,113 | mfu: 3.33 | epoch: 1 | total time: 9.03m
step 00931 (93.10%) | loss: 1.775679 | lrm: 0.23 | dt: 583.62ms | tok/sec: 14,036 | mfu: 3.09 | epoch: 1 | total time: 9.04m
step 00932 (93.20%) | loss: 1.784599 | lrm: 0.23 | dt: 546.14ms | tok/sec: 14,999 | mfu: 3.30 | epoch: 1 | total time: 9.05m
step 00933 (93.30%) | loss: 1.796940 | lrm: 0.22 | dt: 555.55ms | tok/sec: 14,745 | mfu: 3.25 | epoch: 1 | total time: 9.06m
step 00934 (93.40%) | loss: 1.834986 | lrm: 0.22 | dt: 542.33ms | tok/sec: 15,105 | mfu: 3.33 | epoch: 1 | total time: 9.07m
step 00935 (93.50%) | loss: 1.953465 | lrm: 0.22 | dt: 497.84ms | tok/sec: 16,455 | mfu: 3.62 | epoch: 1 | total time: 9.08m
step 00936 (93.60%) | loss: 2.021150 | lrm: 0.21 | dt: 547.72ms | tok/sec: 14,956 | mfu: 3.29 | epoch: 1 | total time: 9.09m
step 00937 (93.70%) | loss: 1.959888 | lrm: 0.21 | dt: 557.75ms | tok/sec: 14,687 | mfu: 3.23 | epoch: 1 | total time: 9.10m
step 00938 (93.80%) | loss: 2.058659 | lrm: 0.21 | dt: 552.85ms | tok/sec: 14,817 | mfu: 3.26 | epoch: 1 | total time: 9.11m
step 00939 (93.90%) | loss: 2.062337 | lrm: 0.20 | dt: 551.27ms | tok/sec: 14,860 | mfu: 3.27 | epoch: 1 | total time: 9.12m
step 00940 (94.00%) | loss: 1.924363 | lrm: 0.20 | dt: 582.29ms | tok/sec: 14,068 | mfu: 3.10 | epoch: 1 | total time: 9.13m
step 00941 (94.10%) | loss: 1.941767 | lrm: 0.20 | dt: 555.33ms | tok/sec: 14,751 | mfu: 3.25 | epoch: 1 | total time: 9.14m
step 00942 (94.20%) | loss: 1.943123 | lrm: 0.19 | dt: 561.44ms | tok/sec: 14,590 | mfu: 3.21 | epoch: 1 | total time: 9.15m
step 00943 (94.30%) | loss: 1.942990 | lrm: 0.19 | dt: 560.22ms | tok/sec: 14,622 | mfu: 3.22 | epoch: 1 | total time: 9.15m
step 00944 (94.40%) | loss: 1.997848 | lrm: 0.19 | dt: 480.42ms | tok/sec: 17,051 | mfu: 3.75 | epoch: 1 | total time: 9.16m
step 00945 (94.50%) | loss: 1.973277 | lrm: 0.18 | dt: 584.18ms | tok/sec: 14,023 | mfu: 3.09 | epoch: 1 | total time: 9.17m
step 00946 (94.60%) | loss: 1.895724 | lrm: 0.18 | dt: 552.14ms | tok/sec: 14,836 | mfu: 3.27 | epoch: 1 | total time: 9.18m
step 00947 (94.70%) | loss: 1.814276 | lrm: 0.18 | dt: 548.81ms | tok/sec: 14,926 | mfu: 3.29 | epoch: 1 | total time: 9.19m
step 00948 (94.80%) | loss: 1.777871 | lrm: 0.17 | dt: 579.36ms | tok/sec: 14,139 | mfu: 3.11 | epoch: 1 | total time: 9.20m
step 00949 (94.90%) | loss: 1.808726 | lrm: 0.17 | dt: 559.95ms | tok/sec: 14,629 | mfu: 3.22 | epoch: 1 | total time: 9.21m
step 00950 (95.00%) | loss: 1.801812 | lrm: 0.17 | dt: 2486.96ms | tok/sec: 3,293 | mfu: 0.73 | epoch: 1 | total time: 9.25m
Step 00950 | Validation bpb: 0.6425
2026-02-17 12:25:49,273 - nanochat.checkpoint_manager - [32m[1mINFO[0m - Saved model parameters to: /home/sun0115/.cache/nanochat/chatsft_checkpoints/d18_clean200k_lora_prod_2026-02-17_1209_s1024/best/model_000950.pt
2026-02-17 12:25:49,273 - nanochat.checkpoint_manager - [32m[1mINFO[0m - Saved metadata to: /home/sun0115/.cache/nanochat/chatsft_checkpoints/d18_clean200k_lora_prod_2026-02-17_1209_s1024/best/meta_000950.json
Saved best checkpoint at step 950 (val_bpb=0.6425)
Rotated old best checkpoint: step 000700
step 00951 (95.10%) | loss: 1.820996 | lrm: 0.16 | dt: 679.59ms | tok/sec: 12,054 | mfu: 2.65 | epoch: 1 | total time: 9.26m
step 00952 (95.20%) | loss: 1.891360 | lrm: 0.16 | dt: 624.78ms | tok/sec: 13,111 | mfu: 2.89 | epoch: 1 | total time: 9.27m
step 00953 (95.30%) | loss: 1.934216 | lrm: 0.16 | dt: 593.80ms | tok/sec: 13,795 | mfu: 3.04 | epoch: 1 | total time: 9.28m
step 00954 (95.40%) | loss: 1.942038 | lrm: 0.15 | dt: 580.62ms | tok/sec: 14,109 | mfu: 3.11 | epoch: 1 | total time: 9.29m
step 00955 (95.50%) | loss: 1.932659 | lrm: 0.15 | dt: 545.63ms | tok/sec: 15,013 | mfu: 3.31 | epoch: 1 | total time: 9.30m
step 00956 (95.60%) | loss: 1.946762 | lrm: 0.15 | dt: 497.61ms | tok/sec: 16,462 | mfu: 3.62 | epoch: 1 | total time: 9.31m
step 00957 (95.70%) | loss: 1.874822 | lrm: 0.14 | dt: 553.25ms | tok/sec: 14,806 | mfu: 3.26 | epoch: 1 | total time: 9.32m
step 00958 (95.80%) | loss: 1.900310 | lrm: 0.14 | dt: 551.26ms | tok/sec: 14,860 | mfu: 3.27 | epoch: 1 | total time: 9.33m
step 00959 (95.90%) | loss: 1.882742 | lrm: 0.14 | dt: 551.57ms | tok/sec: 14,852 | mfu: 3.27 | epoch: 1 | total time: 9.34m
step 00960 (96.00%) | loss: 1.851206 | lrm: 0.13 | dt: 556.55ms | tok/sec: 14,719 | mfu: 3.24 | epoch: 1 | total time: 9.35m
step 00961 (96.10%) | loss: 1.983020 | lrm: 0.13 | dt: 577.41ms | tok/sec: 14,187 | mfu: 3.12 | epoch: 1 | total time: 9.36m
step 00962 (96.20%) | loss: 2.061384 | lrm: 0.13 | dt: 547.88ms | tok/sec: 14,952 | mfu: 3.29 | epoch: 1 | total time: 9.37m
step 00963 (96.30%) | loss: 2.074906 | lrm: 0.12 | dt: 567.28ms | tok/sec: 14,440 | mfu: 3.18 | epoch: 1 | total time: 9.37m
step 00964 (96.40%) | loss: 2.078350 | lrm: 0.12 | dt: 551.81ms | tok/sec: 14,845 | mfu: 3.27 | epoch: 1 | total time: 9.38m
step 00965 (96.50%) | loss: 2.034063 | lrm: 0.12 | dt: 549.57ms | tok/sec: 14,906 | mfu: 3.28 | epoch: 1 | total time: 9.39m
step 00966 (96.60%) | loss: 2.008944 | lrm: 0.11 | dt: 497.20ms | tok/sec: 16,476 | mfu: 3.63 | epoch: 1 | total time: 9.40m
step 00967 (96.70%) | loss: 1.855768 | lrm: 0.11 | dt: 561.36ms | tok/sec: 14,593 | mfu: 3.21 | epoch: 1 | total time: 9.41m
step 00968 (96.80%) | loss: 1.828029 | lrm: 0.11 | dt: 552.80ms | tok/sec: 14,819 | mfu: 3.26 | epoch: 1 | total time: 9.42m
step 00969 (96.90%) | loss: 1.895959 | lrm: 0.10 | dt: 584.86ms | tok/sec: 14,006 | mfu: 3.08 | epoch: 1 | total time: 9.43m
step 00970 (97.00%) | loss: 1.898972 | lrm: 0.10 | dt: 566.90ms | tok/sec: 14,450 | mfu: 3.18 | epoch: 1 | total time: 9.44m
step 00971 (97.10%) | loss: 1.871342 | lrm: 0.10 | dt: 546.60ms | tok/sec: 14,987 | mfu: 3.30 | epoch: 1 | total time: 9.45m
step 00972 (97.20%) | loss: 1.823107 | lrm: 0.09 | dt: 554.53ms | tok/sec: 14,772 | mfu: 3.25 | epoch: 1 | total time: 9.46m
step 00973 (97.30%) | loss: 1.794421 | lrm: 0.09 | dt: 551.22ms | tok/sec: 14,861 | mfu: 3.27 | epoch: 1 | total time: 9.47m
step 00974 (97.40%) | loss: 1.765353 | lrm: 0.09 | dt: 549.77ms | tok/sec: 14,900 | mfu: 3.28 | epoch: 1 | total time: 9.48m
step 00975 (97.50%) | loss: 1.670983 | lrm: 0.08 | dt: 2497.15ms | tok/sec: 3,280 | mfu: 0.72 | epoch: 1 | total time: 9.52m
step 00976 (97.60%) | loss: 1.676434 | lrm: 0.08 | dt: 579.97ms | tok/sec: 14,124 | mfu: 3.11 | epoch: 1 | total time: 9.53m
step 00977 (97.70%) | loss: 1.693451 | lrm: 0.08 | dt: 413.91ms | tok/sec: 19,791 | mfu: 4.36 | epoch: 1 | total time: 9.53m
step 00978 (97.80%) | loss: 1.760036 | lrm: 0.07 | dt: 545.33ms | tok/sec: 15,022 | mfu: 3.31 | epoch: 1 | total time: 9.54m
step 00979 (97.90%) | loss: 1.778175 | lrm: 0.07 | dt: 555.22ms | tok/sec: 14,754 | mfu: 3.25 | epoch: 1 | total time: 9.55m
step 00980 (98.00%) | loss: 1.730853 | lrm: 0.07 | dt: 583.87ms | tok/sec: 14,030 | mfu: 3.09 | epoch: 1 | total time: 9.56m
step 00981 (98.10%) | loss: 1.697686 | lrm: 0.06 | dt: 551.22ms | tok/sec: 14,861 | mfu: 3.27 | epoch: 1 | total time: 9.57m
step 00982 (98.20%) | loss: 1.781433 | lrm: 0.06 | dt: 571.36ms | tok/sec: 14,337 | mfu: 3.16 | epoch: 1 | total time: 9.58m
step 00983 (98.30%) | loss: 1.813706 | lrm: 0.06 | dt: 554.22ms | tok/sec: 14,781 | mfu: 3.25 | epoch: 1 | total time: 9.59m
step 00984 (98.40%) | loss: 1.836167 | lrm: 0.05 | dt: 549.51ms | tok/sec: 14,907 | mfu: 3.28 | epoch: 1 | total time: 9.60m
step 00985 (98.50%) | loss: 1.844605 | lrm: 0.05 | dt: 558.40ms | tok/sec: 14,670 | mfu: 3.23 | epoch: 1 | total time: 9.61m
step 00986 (98.60%) | loss: 1.876098 | lrm: 0.05 | dt: 482.88ms | tok/sec: 16,964 | mfu: 3.73 | epoch: 1 | total time: 9.62m
step 00987 (98.70%) | loss: 1.750755 | lrm: 0.04 | dt: 557.08ms | tok/sec: 14,705 | mfu: 3.24 | epoch: 1 | total time: 9.63m
step 00988 (98.80%) | loss: 1.790576 | lrm: 0.04 | dt: 563.75ms | tok/sec: 14,531 | mfu: 3.20 | epoch: 1 | total time: 9.64m
step 00989 (98.90%) | loss: 1.784550 | lrm: 0.04 | dt: 552.44ms | tok/sec: 14,828 | mfu: 3.26 | epoch: 1 | total time: 9.64m
step 00990 (99.00%) | loss: 1.793501 | lrm: 0.03 | dt: 566.56ms | tok/sec: 14,459 | mfu: 3.18 | epoch: 1 | total time: 9.65m
step 00991 (99.10%) | loss: 1.812995 | lrm: 0.03 | dt: 493.40ms | tok/sec: 16,603 | mfu: 3.66 | epoch: 1 | total time: 9.66m
step 00992 (99.20%) | loss: 1.854226 | lrm: 0.03 | dt: 559.35ms | tok/sec: 14,645 | mfu: 3.22 | epoch: 1 | total time: 9.67m
step 00993 (99.30%) | loss: 1.890571 | lrm: 0.02 | dt: 575.09ms | tok/sec: 14,244 | mfu: 3.14 | epoch: 1 | total time: 9.68m
step 00994 (99.40%) | loss: 1.897643 | lrm: 0.02 | dt: 547.00ms | tok/sec: 14,976 | mfu: 3.30 | epoch: 1 | total time: 9.69m
step 00995 (99.50%) | loss: 2.020696 | lrm: 0.02 | dt: 580.59ms | tok/sec: 14,109 | mfu: 3.11 | epoch: 1 | total time: 9.70m
step 00996 (99.60%) | loss: 2.039421 | lrm: 0.01 | dt: 551.97ms | tok/sec: 14,841 | mfu: 3.27 | epoch: 1 | total time: 9.71m
step 00997 (99.70%) | loss: 1.999230 | lrm: 0.01 | dt: 546.63ms | tok/sec: 14,986 | mfu: 3.30 | epoch: 1 | total time: 9.72m
step 00998 (99.80%) | loss: 2.006842 | lrm: 0.01 | dt: 579.66ms | tok/sec: 14,132 | mfu: 3.11 | epoch: 1 | total time: 9.73m
step 00999 (99.90%) | loss: 2.014778 | lrm: 0.00 | dt: 549.69ms | tok/sec: 14,903 | mfu: 3.28 | epoch: 1 | total time: 9.74m
step 01000 (100.00%) | loss: 1.932195 | lrm: 0.00 | dt: 563.96ms | tok/sec: 14,525 | mfu: 3.20 | epoch: 1 | total time: 9.75m
Step 01000 | Validation bpb: 0.6423
2026-02-17 12:26:39,632 - nanochat.checkpoint_manager - [32m[1mINFO[0m - Saved model parameters to: /home/sun0115/.cache/nanochat/chatsft_checkpoints/d18_clean200k_lora_prod_2026-02-17_1209_s1024/best/model_001000.pt
2026-02-17 12:26:39,632 - nanochat.checkpoint_manager - [32m[1mINFO[0m - Saved metadata to: /home/sun0115/.cache/nanochat/chatsft_checkpoints/d18_clean200k_lora_prod_2026-02-17_1209_s1024/best/meta_001000.json
Saved best checkpoint at step 1000 (val_bpb=0.6423)
Rotated old best checkpoint: step 000750
Saved LoRA adapter weights to /home/sun0115/.cache/nanochat/chatsft_checkpoints/d18_clean200k_lora_prod_2026-02-17_1209_s1024/lora_adapter_001000.pt
Merging LoRA weights into base model for checkpoint...
2026-02-17 12:26:41,755 - nanochat.checkpoint_manager - [32m[1mINFO[0m - Saved model parameters to: /home/sun0115/.cache/nanochat/chatsft_checkpoints/d18_clean200k_lora_prod_2026-02-17_1209_s1024/model_001000.pt
2026-02-17 12:26:41,756 - nanochat.checkpoint_manager - [32m[1mINFO[0m - Saved metadata to: /home/sun0115/.cache/nanochat/chatsft_checkpoints/d18_clean200k_lora_prod_2026-02-17_1209_s1024/meta_001000.json
Peak memory usage: 6401.51MiB
Total training time: 9.75m
Minimum validation bpb: 0.6423
wandb: updating run metadata
wandb: uploading output.log; uploading wandb-summary.json; uploading config.yaml
wandb: uploading history steps 120-120, summary, console lines 1102-1113
wandb: 
wandb: Run history:
wandb:                 step ▁▁▁▁▂▂▂▂▂▂▂▂▃▃▃▃▃▃▃▃▄▄▄▄▅▅▅▆▆▆▆▇▇▇▇▇████
wandb: total_training_flops ▁▁▁▁▂▂▂▂▂▂▂▃▃▃▃▃▄▄▄▄▅▅▅▅▅▅▅▅▆▆▆▆▆▆▇▇▇▇██
wandb:  total_training_time ▁▁▁▁▂▂▂▂▂▂▃▃▃▃▃▃▄▄▄▄▅▅▅▅▅▅▅▆▆▆▆▆▇▇▇▇████
wandb:             train/dt ▁▁▁▁▁▁▁▁▁▁▁▁▁▁▁▁▁▁▁▁▁▁▁▁▁▁▁▁▁▁▁▁▁▁▁▁▁▁█▁
wandb:          train/epoch ▁▁▁▁▁▁▁▁▁▁▁▁▁▁▁▁▁▁▁▁▁▁▁▁▁▁▁▁▁▁▁▁▁▁▁▁▁▁▁▁
wandb:           train/loss ▆█▄▃▄▃▂▃▃▃▃▃▂▄▃▂▃▂▂▁▂▃▃▁▂▃▃▂▂▁▂▂▂▃▂▂▁▂▁▁
wandb:            train/lrm ▂▃▄▅▅▆▆▇▇█████████████████████▇▇▆▆▄▃▃▂▂▁
wandb:            train/mfu ▄▄▄▃▃▄▃▃█▃▂▃▂▃▇▂▄▂▁▅▃▃▂▃▄▂▄▅▅▄▅▃▅▃▂▂▃▃▄▂
wandb:    train/tok_per_sec ▆▆▆▆▆▆▆▆▆▆▆▆▆▆▆▇▆▆▆▆▆▆▆▆▆▆▆▆▆▆▆▆▆█▆▆▆▆▁▆
wandb:              val/bpb █▄▃▂▂▂▂▂▂▁▁▁▁▁▁▁▁▁▁▁▁
wandb: 
wandb: Run summary:
wandb:                 step 1000
wandb: total_training_flops 17836985548800000
wandb:  total_training_time 584.79487
wandb:             train/dt 0.56396
wandb:          train/epoch 1
wandb:           train/loss 1.9322
wandb:            train/lrm 0
wandb:            train/mfu 3.198
wandb:    train/tok_per_sec 14525
wandb:              val/bpb 0.64227
wandb: 
wandb: 🚀 View run d18_clean200k_lora_prod_2026-02-17_1209_s1024 at: https://wandb.ai/sunshines-gmail-com/nanochat-sft/runs/sm8rtit5
wandb: ⭐️ View project at: https://wandb.ai/sunshines-gmail-com/nanochat-sft
wandb: Synced 5 W&B file(s), 0 media file(s), 0 artifact file(s) and 0 other file(s)
wandb: Find logs at: ./wandb/run-20260217_120947-sm8rtit5/logs
