[info] meta: /home/sun0115/nanochat-learn/notes/sft_d24_r32_lora_maxoom_2026-03-27_2007_meta.env
[info] base: d24_asp48_track step=820230
[start] run=d24_r32_lora_maxoom_2026-03-27_2007_s2048_gc output=d24_r32_lora_maxoom_2026-03-27_2007_s2048_gc max_seq_len=2048 total_batch_size=8192 gradient_checkpoint=1
[log] /home/sun0115/nanochat-learn/notes/sft_d24_r32_lora_maxoom_2026-03-27_2007_s2048_gc.log
2026-03-27 20:07:32,871 - nanochat.common - [32m[1mINFO[0m - Distributed world size: 1
wandb: [wandb.login()] Loaded credentials for https://api.wandb.ai from /home/sun0115/.netrc.
wandb: Currently logged in as: sunshines (sunshines-gmail-com) to https://api.wandb.ai. Use `wandb login --relogin` to force relogin
wandb: setting up run fjjf701n
wandb: Tracking run with wandb version 0.24.2
wandb: Run data is saved locally in /home/sun0115/nanochat-learn/nanochat/wandb/run-20260327_200733-fjjf701n
wandb: Run `wandb offline` to turn off syncing.
wandb: Syncing run d24_r32_lora_maxoom_2026-03-27_2007_s2048_gc
wandb: ⭐️ View project at https://wandb.ai/sunshines-gmail-com/nanochat-sft
wandb: 🚀 View run at https://wandb.ai/sunshines-gmail-com/nanochat-sft/runs/fjjf701n
2026-03-27 20:07:34,591 - nanochat.checkpoint_manager - [32m[1mINFO[0m - Loading model from /home/sun0115/.cache/nanochat/base_checkpoints/d24_asp48_track with step 820230
2026-03-27 20:07:36,269 - nanochat.checkpoint_manager - [32m[1mINFO[0m - Building model with config: {'sequence_len': 2048, 'vocab_size': 32768, 'n_layer': 24, 'n_head': 9, 'n_kv_head': 9, 'n_embd': 1152, 'window_pattern': 'L'}
Gradient checkpointing enabled (activation recomputation in backward)
Skipping torch.compile in LoRA mode for stability
LoRA enabled: rank=64, alpha=128.0
Applied LoRA to 120 layers
Trainable params: 23,003,136 / 933,694,896 (2.46%)
Skipping torch.compile in LoRA mode for stability
Tokens / micro-batch / rank: 1 x 2048 = 2,048
Tokens / micro-batch: 2,048
Total batch size 8,192 => gradient accumulation steps: 4
Using AdamW optimizer for LoRA params with lr=3e-05
Step 00000 | Validation bpb: 0.7448
step 00001 (0.20%) | loss: 1.112233 | lrm: 0.01 | dt: 1155.80ms | tok/sec: 7,087 | mfu: 2.39 | epoch: 1 | total time: 0.00m
step 00002 (0.40%) | loss: 1.560397 | lrm: 0.02 | dt: 1040.61ms | tok/sec: 7,872 | mfu: 2.66 | epoch: 1 | total time: 0.00m
step 00003 (0.60%) | loss: 1.837854 | lrm: 0.03 | dt: 705.23ms | tok/sec: 11,616 | mfu: 3.92 | epoch: 1 | total time: 0.00m
step 00004 (0.80%) | loss: 1.940329 | lrm: 0.04 | dt: 933.10ms | tok/sec: 8,779 | mfu: 2.96 | epoch: 1 | total time: 0.00m
step 00005 (1.00%) | loss: 1.987649 | lrm: 0.05 | dt: 933.86ms | tok/sec: 8,772 | mfu: 2.96 | epoch: 1 | total time: 0.00m
step 00006 (1.20%) | loss: 2.007089 | lrm: 0.06 | dt: 933.56ms | tok/sec: 8,775 | mfu: 2.96 | epoch: 1 | total time: 0.00m
step 00007 (1.40%) | loss: 2.025363 | lrm: 0.07 | dt: 932.19ms | tok/sec: 8,787 | mfu: 2.97 | epoch: 1 | total time: 0.00m
step 00008 (1.60%) | loss: 2.188518 | lrm: 0.08 | dt: 703.32ms | tok/sec: 11,647 | mfu: 3.93 | epoch: 1 | total time: 0.00m
step 00009 (1.80%) | loss: 2.200775 | lrm: 0.09 | dt: 1044.55ms | tok/sec: 7,842 | mfu: 2.65 | epoch: 1 | total time: 0.00m
step 00010 (2.00%) | loss: 2.247443 | lrm: 0.10 | dt: 941.01ms | tok/sec: 8,705 | mfu: 2.94 | epoch: 1 | total time: 0.00m
step 00011 (2.20%) | loss: 2.258430 | lrm: 0.11 | dt: 942.00ms | tok/sec: 8,696 | mfu: 2.93 | epoch: 1 | total time: 0.02m
step 00012 (2.40%) | loss: 2.253840 | lrm: 0.12 | dt: 947.34ms | tok/sec: 8,647 | mfu: 2.92 | epoch: 1 | total time: 0.03m
step 00013 (2.60%) | loss: 2.291441 | lrm: 0.13 | dt: 940.44ms | tok/sec: 8,710 | mfu: 2.94 | epoch: 1 | total time: 0.05m
step 00014 (2.80%) | loss: 2.267140 | lrm: 0.14 | dt: 941.76ms | tok/sec: 8,698 | mfu: 2.94 | epoch: 1 | total time: 0.06m
step 00015 (3.00%) | loss: 2.259059 | lrm: 0.15 | dt: 1072.72ms | tok/sec: 7,636 | mfu: 2.58 | epoch: 1 | total time: 0.08m
step 00016 (3.20%) | loss: 2.261725 | lrm: 0.16 | dt: 941.68ms | tok/sec: 8,699 | mfu: 2.94 | epoch: 1 | total time: 0.10m
step 00017 (3.40%) | loss: 2.271195 | lrm: 0.17 | dt: 940.24ms | tok/sec: 8,712 | mfu: 2.94 | epoch: 1 | total time: 0.11m
step 00018 (3.60%) | loss: 2.271832 | lrm: 0.18 | dt: 944.22ms | tok/sec: 8,675 | mfu: 2.93 | epoch: 1 | total time: 0.13m
step 00019 (3.80%) | loss: 2.234867 | lrm: 0.19 | dt: 1785.43ms | tok/sec: 4,588 | mfu: 1.55 | epoch: 1 | total time: 0.16m
step 00020 (4.00%) | loss: 2.239018 | lrm: 0.20 | dt: 942.71ms | tok/sec: 8,689 | mfu: 2.93 | epoch: 1 | total time: 0.17m
step 00021 (4.20%) | loss: 2.294843 | lrm: 0.21 | dt: 1049.71ms | tok/sec: 7,804 | mfu: 2.63 | epoch: 1 | total time: 0.19m
step 00022 (4.40%) | loss: 2.300345 | lrm: 0.22 | dt: 943.43ms | tok/sec: 8,683 | mfu: 2.93 | epoch: 1 | total time: 0.21m
step 00023 (4.60%) | loss: 2.341213 | lrm: 0.23 | dt: 944.06ms | tok/sec: 8,677 | mfu: 2.93 | epoch: 1 | total time: 0.22m
step 00024 (4.80%) | loss: 2.366606 | lrm: 0.24 | dt: 944.91ms | tok/sec: 8,669 | mfu: 2.93 | epoch: 1 | total time: 0.24m
step 00025 (5.00%) | loss: 2.395066 | lrm: 0.25 | dt: 947.62ms | tok/sec: 8,644 | mfu: 2.92 | epoch: 1 | total time: 0.25m
step 00026 (5.20%) | loss: 2.367095 | lrm: 0.26 | dt: 938.19ms | tok/sec: 8,731 | mfu: 2.95 | epoch: 1 | total time: 0.27m
step 00027 (5.40%) | loss: 2.425748 | lrm: 0.27 | dt: 1032.97ms | tok/sec: 7,930 | mfu: 2.68 | epoch: 1 | total time: 0.29m
step 00028 (5.60%) | loss: 2.493903 | lrm: 0.28 | dt: 932.53ms | tok/sec: 8,784 | mfu: 2.96 | epoch: 1 | total time: 0.30m
step 00029 (5.80%) | loss: 2.498602 | lrm: 0.29 | dt: 932.87ms | tok/sec: 8,781 | mfu: 2.96 | epoch: 1 | total time: 0.32m
step 00030 (6.00%) | loss: 2.490808 | lrm: 0.30 | dt: 932.55ms | tok/sec: 8,784 | mfu: 2.96 | epoch: 1 | total time: 0.33m
step 00031 (6.20%) | loss: 2.467768 | lrm: 0.31 | dt: 933.17ms | tok/sec: 8,778 | mfu: 2.96 | epoch: 1 | total time: 0.35m
step 00032 (6.40%) | loss: 2.440038 | lrm: 0.32 | dt: 938.03ms | tok/sec: 8,733 | mfu: 2.95 | epoch: 1 | total time: 0.36m
step 00033 (6.60%) | loss: 2.397944 | lrm: 0.33 | dt: 803.21ms | tok/sec: 10,199 | mfu: 3.44 | epoch: 1 | total time: 0.38m
step 00034 (6.80%) | loss: 2.383432 | lrm: 0.34 | dt: 934.86ms | tok/sec: 8,762 | mfu: 2.96 | epoch: 1 | total time: 0.39m
step 00035 (7.00%) | loss: 2.373813 | lrm: 0.35 | dt: 936.08ms | tok/sec: 8,751 | mfu: 2.95 | epoch: 1 | total time: 0.41m
step 00036 (7.20%) | loss: 2.330449 | lrm: 0.36 | dt: 936.91ms | tok/sec: 8,743 | mfu: 2.95 | epoch: 1 | total time: 0.42m
step 00037 (7.40%) | loss: 2.321655 | lrm: 0.37 | dt: 936.00ms | tok/sec: 8,752 | mfu: 2.95 | epoch: 1 | total time: 0.44m
step 00038 (7.60%) | loss: 2.318074 | lrm: 0.38 | dt: 936.48ms | tok/sec: 8,747 | mfu: 2.95 | epoch: 1 | total time: 0.46m
step 00039 (7.80%) | loss: 2.299959 | lrm: 0.39 | dt: 1036.31ms | tok/sec: 7,904 | mfu: 2.67 | epoch: 1 | total time: 0.47m
step 00040 (8.00%) | loss: 2.314004 | lrm: 0.40 | dt: 477.30ms | tok/sec: 17,163 | mfu: 5.79 | epoch: 1 | total time: 0.48m
step 00041 (8.20%) | loss: 2.326748 | lrm: 0.41 | dt: 941.61ms | tok/sec: 8,700 | mfu: 2.94 | epoch: 1 | total time: 0.50m
step 00042 (8.40%) | loss: 2.335260 | lrm: 0.42 | dt: 937.34ms | tok/sec: 8,739 | mfu: 2.95 | epoch: 1 | total time: 0.51m
step 00043 (8.60%) | loss: 2.304313 | lrm: 0.43 | dt: 937.96ms | tok/sec: 8,733 | mfu: 2.95 | epoch: 1 | total time: 0.53m
step 00044 (8.80%) | loss: 2.331917 | lrm: 0.44 | dt: 947.68ms | tok/sec: 8,644 | mfu: 2.92 | epoch: 1 | total time: 0.54m
step 00045 (9.00%) | loss: 2.324031 | lrm: 0.45 | dt: 946.98ms | tok/sec: 8,650 | mfu: 2.92 | epoch: 1 | total time: 0.56m
step 00046 (9.20%) | loss: 2.370368 | lrm: 0.46 | dt: 1039.85ms | tok/sec: 7,878 | mfu: 2.66 | epoch: 1 | total time: 0.58m
step 00047 (9.40%) | loss: 2.332993 | lrm: 0.47 | dt: 944.71ms | tok/sec: 8,671 | mfu: 2.93 | epoch: 1 | total time: 0.59m
step 00048 (9.60%) | loss: 2.348989 | lrm: 0.48 | dt: 944.79ms | tok/sec: 8,670 | mfu: 2.93 | epoch: 1 | total time: 0.61m
step 00049 (9.80%) | loss: 2.354839 | lrm: 0.49 | dt: 946.26ms | tok/sec: 8,657 | mfu: 2.92 | epoch: 1 | total time: 0.62m
step 00050 (10.00%) | loss: 2.340579 | lrm: 0.50 | dt: 945.88ms | tok/sec: 8,660 | mfu: 2.92 | epoch: 1 | total time: 0.64m
Step 00050 | Validation bpb: 0.7134
2026-03-27 20:09:28,369 - nanochat.checkpoint_manager - [32m[1mINFO[0m - Saved model parameters to: /home/sun0115/.cache/nanochat/chatsft_checkpoints/d24_r32_lora_maxoom_2026-03-27_2007_s2048_gc/best/model_000050.pt
2026-03-27 20:09:28,369 - nanochat.checkpoint_manager - [32m[1mINFO[0m - Saved metadata to: /home/sun0115/.cache/nanochat/chatsft_checkpoints/d24_r32_lora_maxoom_2026-03-27_2007_s2048_gc/best/meta_000050.json
Saved best checkpoint at step 50 (val_bpb=0.7134)
step 00051 (10.20%) | loss: 2.324104 | lrm: 0.51 | dt: 1117.16ms | tok/sec: 7,332 | mfu: 2.47 | epoch: 1 | total time: 0.66m
step 00052 (10.40%) | loss: 2.349327 | lrm: 0.52 | dt: 941.92ms | tok/sec: 8,697 | mfu: 2.93 | epoch: 1 | total time: 0.67m
step 00053 (10.60%) | loss: 2.359450 | lrm: 0.53 | dt: 947.75ms | tok/sec: 8,643 | mfu: 2.92 | epoch: 1 | total time: 0.69m
step 00054 (10.80%) | loss: 2.312589 | lrm: 0.54 | dt: 943.31ms | tok/sec: 8,684 | mfu: 2.93 | epoch: 1 | total time: 0.71m
step 00055 (11.00%) | loss: 2.394004 | lrm: 0.55 | dt: 941.94ms | tok/sec: 8,696 | mfu: 2.93 | epoch: 1 | total time: 0.72m
step 00056 (11.20%) | loss: 2.436893 | lrm: 0.56 | dt: 1036.18ms | tok/sec: 7,905 | mfu: 2.67 | epoch: 1 | total time: 0.74m
step 00057 (11.40%) | loss: 2.417046 | lrm: 0.57 | dt: 942.73ms | tok/sec: 8,689 | mfu: 2.93 | epoch: 1 | total time: 0.75m
step 00058 (11.60%) | loss: 2.340530 | lrm: 0.58 | dt: 943.16ms | tok/sec: 8,685 | mfu: 2.93 | epoch: 1 | total time: 0.77m
step 00059 (11.80%) | loss: 2.367127 | lrm: 0.59 | dt: 943.93ms | tok/sec: 8,678 | mfu: 2.93 | epoch: 1 | total time: 0.79m
step 00060 (12.00%) | loss: 2.387986 | lrm: 0.60 | dt: 944.30ms | tok/sec: 8,675 | mfu: 2.93 | epoch: 1 | total time: 0.80m
step 00061 (12.20%) | loss: 2.380350 | lrm: 0.61 | dt: 943.56ms | tok/sec: 8,681 | mfu: 2.93 | epoch: 1 | total time: 0.82m
step 00062 (12.40%) | loss: 2.322750 | lrm: 0.62 | dt: 946.03ms | tok/sec: 8,659 | mfu: 2.92 | epoch: 1 | total time: 0.83m
step 00063 (12.60%) | loss: 2.287668 | lrm: 0.63 | dt: 1035.47ms | tok/sec: 7,911 | mfu: 2.67 | epoch: 1 | total time: 0.85m
step 00064 (12.80%) | loss: 2.319104 | lrm: 0.64 | dt: 1639.66ms | tok/sec: 4,996 | mfu: 1.69 | epoch: 1 | total time: 0.88m
step 00065 (13.00%) | loss: 2.289646 | lrm: 0.65 | dt: 944.04ms | tok/sec: 8,677 | mfu: 2.93 | epoch: 1 | total time: 0.89m
step 00066 (13.20%) | loss: 2.231995 | lrm: 0.66 | dt: 946.44ms | tok/sec: 8,655 | mfu: 2.92 | epoch: 1 | total time: 0.91m
step 00067 (13.40%) | loss: 2.216592 | lrm: 0.67 | dt: 709.16ms | tok/sec: 11,551 | mfu: 3.90 | epoch: 1 | total time: 0.92m
step 00068 (13.60%) | loss: 2.203019 | lrm: 0.68 | dt: 947.42ms | tok/sec: 8,646 | mfu: 2.92 | epoch: 1 | total time: 0.94m
step 00069 (13.80%) | loss: 2.188854 | lrm: 0.69 | dt: 1041.18ms | tok/sec: 7,867 | mfu: 2.65 | epoch: 1 | total time: 0.95m
step 00070 (14.00%) | loss: 2.189736 | lrm: 0.70 | dt: 943.66ms | tok/sec: 8,681 | mfu: 2.93 | epoch: 1 | total time: 0.97m
step 00071 (14.20%) | loss: 2.180508 | lrm: 0.71 | dt: 951.64ms | tok/sec: 8,608 | mfu: 2.90 | epoch: 1 | total time: 0.99m
step 00072 (14.40%) | loss: 2.218229 | lrm: 0.72 | dt: 946.83ms | tok/sec: 8,652 | mfu: 2.92 | epoch: 1 | total time: 1.00m
step 00073 (14.60%) | loss: 2.189786 | lrm: 0.73 | dt: 947.31ms | tok/sec: 8,647 | mfu: 2.92 | epoch: 1 | total time: 1.02m
step 00074 (14.80%) | loss: 2.220297 | lrm: 0.74 | dt: 950.47ms | tok/sec: 8,618 | mfu: 2.91 | epoch: 1 | total time: 1.03m
step 00075 (15.00%) | loss: 2.179924 | lrm: 0.75 | dt: 1046.46ms | tok/sec: 7,828 | mfu: 2.64 | epoch: 1 | total time: 1.05m
step 00076 (15.20%) | loss: 2.173613 | lrm: 0.76 | dt: 948.32ms | tok/sec: 8,638 | mfu: 2.91 | epoch: 1 | total time: 1.07m
step 00077 (15.40%) | loss: 2.186141 | lrm: 0.77 | dt: 943.78ms | tok/sec: 8,680 | mfu: 2.93 | epoch: 1 | total time: 1.08m
step 00078 (15.60%) | loss: 2.202214 | lrm: 0.78 | dt: 949.34ms | tok/sec: 8,629 | mfu: 2.91 | epoch: 1 | total time: 1.10m
step 00079 (15.80%) | loss: 2.209940 | lrm: 0.79 | dt: 951.86ms | tok/sec: 8,606 | mfu: 2.90 | epoch: 1 | total time: 1.11m
step 00080 (16.00%) | loss: 2.214343 | lrm: 0.80 | dt: 955.75ms | tok/sec: 8,571 | mfu: 2.89 | epoch: 1 | total time: 1.13m
step 00081 (16.20%) | loss: 2.234940 | lrm: 0.81 | dt: 946.47ms | tok/sec: 8,655 | mfu: 2.92 | epoch: 1 | total time: 1.15m
step 00082 (16.40%) | loss: 2.183782 | lrm: 0.82 | dt: 1042.41ms | tok/sec: 7,858 | mfu: 2.65 | epoch: 1 | total time: 1.16m
step 00083 (16.60%) | loss: 2.189025 | lrm: 0.83 | dt: 951.60ms | tok/sec: 8,608 | mfu: 2.90 | epoch: 1 | total time: 1.18m
step 00084 (16.80%) | loss: 2.167489 | lrm: 0.84 | dt: 952.49ms | tok/sec: 8,600 | mfu: 2.90 | epoch: 1 | total time: 1.19m
step 00085 (17.00%) | loss: 2.194870 | lrm: 0.85 | dt: 946.87ms | tok/sec: 8,651 | mfu: 2.92 | epoch: 1 | total time: 1.21m
step 00086 (17.20%) | loss: 2.214584 | lrm: 0.86 | dt: 946.02ms | tok/sec: 8,659 | mfu: 2.92 | epoch: 1 | total time: 1.23m
step 00087 (17.40%) | loss: 2.198088 | lrm: 0.87 | dt: 725.15ms | tok/sec: 11,296 | mfu: 3.81 | epoch: 1 | total time: 1.24m
step 00088 (17.60%) | loss: 2.150053 | lrm: 0.88 | dt: 816.23ms | tok/sec: 10,036 | mfu: 3.39 | epoch: 1 | total time: 1.25m
step 00089 (17.80%) | loss: 2.151351 | lrm: 0.89 | dt: 721.38ms | tok/sec: 11,356 | mfu: 3.83 | epoch: 1 | total time: 1.26m
step 00090 (18.00%) | loss: 2.188263 | lrm: 0.90 | dt: 948.53ms | tok/sec: 8,636 | mfu: 2.91 | epoch: 1 | total time: 1.28m
step 00091 (18.20%) | loss: 2.164636 | lrm: 0.91 | dt: 946.89ms | tok/sec: 8,651 | mfu: 2.92 | epoch: 1 | total time: 1.30m
step 00092 (18.40%) | loss: 2.225394 | lrm: 0.92 | dt: 953.52ms | tok/sec: 8,591 | mfu: 2.90 | epoch: 1 | total time: 1.31m
step 00093 (18.60%) | loss: 2.204649 | lrm: 0.93 | dt: 953.47ms | tok/sec: 8,591 | mfu: 2.90 | epoch: 1 | total time: 1.33m
step 00094 (18.80%) | loss: 2.157070 | lrm: 0.94 | dt: 953.30ms | tok/sec: 8,593 | mfu: 2.90 | epoch: 1 | total time: 1.34m
step 00095 (19.00%) | loss: 2.216360 | lrm: 0.95 | dt: 1051.56ms | tok/sec: 7,790 | mfu: 2.63 | epoch: 1 | total time: 1.36m
step 00096 (19.20%) | loss: 2.226069 | lrm: 0.96 | dt: 953.28ms | tok/sec: 8,593 | mfu: 2.90 | epoch: 1 | total time: 1.38m
step 00097 (19.40%) | loss: 2.242433 | lrm: 0.97 | dt: 950.92ms | tok/sec: 8,614 | mfu: 2.91 | epoch: 1 | total time: 1.39m
step 00098 (19.60%) | loss: 2.235442 | lrm: 0.98 | dt: 949.22ms | tok/sec: 8,630 | mfu: 2.91 | epoch: 1 | total time: 1.41m
step 00099 (19.80%) | loss: 2.224940 | lrm: 0.99 | dt: 1751.74ms | tok/sec: 4,676 | mfu: 1.58 | epoch: 1 | total time: 1.44m
step 00100 (20.00%) | loss: 2.235052 | lrm: 1.00 | dt: 950.55ms | tok/sec: 8,618 | mfu: 2.91 | epoch: 1 | total time: 1.45m
Step 00100 | Validation bpb: 0.6827
2026-03-27 20:10:39,010 - nanochat.checkpoint_manager - [32m[1mINFO[0m - Saved model parameters to: /home/sun0115/.cache/nanochat/chatsft_checkpoints/d24_r32_lora_maxoom_2026-03-27_2007_s2048_gc/best/model_000100.pt
2026-03-27 20:10:39,011 - nanochat.checkpoint_manager - [32m[1mINFO[0m - Saved metadata to: /home/sun0115/.cache/nanochat/chatsft_checkpoints/d24_r32_lora_maxoom_2026-03-27_2007_s2048_gc/best/meta_000100.json
Saved best checkpoint at step 100 (val_bpb=0.6827)
step 00101 (20.20%) | loss: 2.255689 | lrm: 1.00 | dt: 1148.68ms | tok/sec: 7,131 | mfu: 2.41 | epoch: 1 | total time: 1.47m
step 00102 (20.40%) | loss: 2.254854 | lrm: 1.00 | dt: 944.50ms | tok/sec: 8,673 | mfu: 2.93 | epoch: 1 | total time: 1.49m
step 00103 (20.60%) | loss: 2.255832 | lrm: 1.00 | dt: 949.46ms | tok/sec: 8,628 | mfu: 2.91 | epoch: 1 | total time: 1.50m
step 00104 (20.80%) | loss: 2.250285 | lrm: 1.00 | dt: 947.19ms | tok/sec: 8,648 | mfu: 2.92 | epoch: 1 | total time: 1.52m
step 00105 (21.00%) | loss: 2.234367 | lrm: 1.00 | dt: 946.63ms | tok/sec: 8,653 | mfu: 2.92 | epoch: 1 | total time: 1.54m
step 00106 (21.20%) | loss: 2.287701 | lrm: 1.00 | dt: 1068.84ms | tok/sec: 7,664 | mfu: 2.59 | epoch: 1 | total time: 1.55m
step 00107 (21.40%) | loss: 2.317380 | lrm: 1.00 | dt: 948.96ms | tok/sec: 8,632 | mfu: 2.91 | epoch: 1 | total time: 1.57m
step 00108 (21.60%) | loss: 2.328451 | lrm: 1.00 | dt: 950.30ms | tok/sec: 8,620 | mfu: 2.91 | epoch: 1 | total time: 1.59m
step 00109 (21.80%) | loss: 2.295786 | lrm: 1.00 | dt: 946.66ms | tok/sec: 8,653 | mfu: 2.92 | epoch: 1 | total time: 1.60m
step 00110 (22.00%) | loss: 2.241106 | lrm: 1.00 | dt: 1742.44ms | tok/sec: 4,701 | mfu: 1.59 | epoch: 1 | total time: 1.63m
step 00111 (22.20%) | loss: 2.247469 | lrm: 1.00 | dt: 945.27ms | tok/sec: 8,666 | mfu: 2.92 | epoch: 1 | total time: 1.65m
step 00112 (22.40%) | loss: 2.238864 | lrm: 1.00 | dt: 944.21ms | tok/sec: 8,676 | mfu: 2.93 | epoch: 1 | total time: 1.66m
step 00113 (22.60%) | loss: 2.202184 | lrm: 1.00 | dt: 1038.30ms | tok/sec: 7,889 | mfu: 2.66 | epoch: 1 | total time: 1.68m
step 00114 (22.80%) | loss: 2.160105 | lrm: 1.00 | dt: 946.08ms | tok/sec: 8,658 | mfu: 2.92 | epoch: 1 | total time: 1.69m
step 00115 (23.00%) | loss: 2.145882 | lrm: 1.00 | dt: 945.70ms | tok/sec: 8,662 | mfu: 2.92 | epoch: 1 | total time: 1.71m
step 00116 (23.20%) | loss: 2.129136 | lrm: 1.00 | dt: 945.44ms | tok/sec: 8,664 | mfu: 2.92 | epoch: 1 | total time: 1.73m
step 00117 (23.40%) | loss: 2.095679 | lrm: 1.00 | dt: 711.52ms | tok/sec: 11,513 | mfu: 3.89 | epoch: 1 | total time: 1.74m
step 00118 (23.60%) | loss: 2.108160 | lrm: 1.00 | dt: 947.08ms | tok/sec: 8,649 | mfu: 2.92 | epoch: 1 | total time: 1.75m
step 00119 (23.80%) | loss: 2.116504 | lrm: 1.00 | dt: 1037.64ms | tok/sec: 7,894 | mfu: 2.66 | epoch: 1 | total time: 1.77m
step 00120 (24.00%) | loss: 2.141245 | lrm: 1.00 | dt: 943.63ms | tok/sec: 8,681 | mfu: 2.93 | epoch: 1 | total time: 1.79m
step 00121 (24.20%) | loss: 2.113517 | lrm: 1.00 | dt: 944.59ms | tok/sec: 8,672 | mfu: 2.93 | epoch: 1 | total time: 1.80m
step 00122 (24.40%) | loss: 2.116448 | lrm: 1.00 | dt: 713.14ms | tok/sec: 11,487 | mfu: 3.88 | epoch: 1 | total time: 1.81m
step 00123 (24.60%) | loss: 2.137439 | lrm: 1.00 | dt: 944.25ms | tok/sec: 8,675 | mfu: 2.93 | epoch: 1 | total time: 1.83m
step 00124 (24.80%) | loss: 2.141080 | lrm: 1.00 | dt: 942.73ms | tok/sec: 8,689 | mfu: 2.93 | epoch: 1 | total time: 1.85m
step 00125 (25.00%) | loss: 2.128219 | lrm: 1.00 | dt: 943.25ms | tok/sec: 8,684 | mfu: 2.93 | epoch: 1 | total time: 1.86m
step 00126 (25.20%) | loss: 2.114494 | lrm: 1.00 | dt: 1033.50ms | tok/sec: 7,926 | mfu: 2.67 | epoch: 1 | total time: 1.88m
step 00127 (25.40%) | loss: 2.213349 | lrm: 1.00 | dt: 944.42ms | tok/sec: 8,674 | mfu: 2.93 | epoch: 1 | total time: 1.89m
step 00128 (25.60%) | loss: 2.181851 | lrm: 1.00 | dt: 944.09ms | tok/sec: 8,677 | mfu: 2.93 | epoch: 1 | total time: 1.91m
step 00129 (25.80%) | loss: 2.151727 | lrm: 1.00 | dt: 944.85ms | tok/sec: 8,670 | mfu: 2.93 | epoch: 1 | total time: 1.93m
step 00130 (26.00%) | loss: 2.124777 | lrm: 1.00 | dt: 942.98ms | tok/sec: 8,687 | mfu: 2.93 | epoch: 1 | total time: 1.94m
step 00131 (26.20%) | loss: 2.118653 | lrm: 1.00 | dt: 944.11ms | tok/sec: 8,676 | mfu: 2.93 | epoch: 1 | total time: 1.96m
step 00132 (26.40%) | loss: 2.072404 | lrm: 1.00 | dt: 1031.70ms | tok/sec: 7,940 | mfu: 2.68 | epoch: 1 | total time: 1.97m
step 00133 (26.60%) | loss: 2.066988 | lrm: 1.00 | dt: 944.67ms | tok/sec: 8,671 | mfu: 2.93 | epoch: 1 | total time: 1.99m
step 00134 (26.80%) | loss: 2.074912 | lrm: 1.00 | dt: 943.89ms | tok/sec: 8,679 | mfu: 2.93 | epoch: 1 | total time: 2.01m
step 00135 (27.00%) | loss: 2.090995 | lrm: 1.00 | dt: 713.99ms | tok/sec: 11,473 | mfu: 3.87 | epoch: 1 | total time: 2.02m
step 00136 (27.20%) | loss: 2.093441 | lrm: 1.00 | dt: 943.71ms | tok/sec: 8,680 | mfu: 2.93 | epoch: 1 | total time: 2.03m
step 00137 (27.40%) | loss: 2.073441 | lrm: 1.00 | dt: 944.48ms | tok/sec: 8,673 | mfu: 2.93 | epoch: 1 | total time: 2.05m
step 00138 (27.60%) | loss: 2.095140 | lrm: 1.00 | dt: 1039.05ms | tok/sec: 7,884 | mfu: 2.66 | epoch: 1 | total time: 2.07m
step 00139 (27.80%) | loss: 2.082417 | lrm: 1.00 | dt: 945.29ms | tok/sec: 8,666 | mfu: 2.92 | epoch: 1 | total time: 2.08m
step 00140 (28.00%) | loss: 2.089260 | lrm: 1.00 | dt: 945.64ms | tok/sec: 8,662 | mfu: 2.92 | epoch: 1 | total time: 2.10m
step 00141 (28.20%) | loss: 2.093958 | lrm: 1.00 | dt: 945.64ms | tok/sec: 8,662 | mfu: 2.92 | epoch: 1 | total time: 2.11m
step 00142 (28.40%) | loss: 2.115693 | lrm: 1.00 | dt: 943.67ms | tok/sec: 8,680 | mfu: 2.93 | epoch: 1 | total time: 2.13m
step 00143 (28.60%) | loss: 2.111925 | lrm: 1.00 | dt: 944.26ms | tok/sec: 8,675 | mfu: 2.93 | epoch: 1 | total time: 2.15m
step 00144 (28.80%) | loss: 2.176970 | lrm: 1.00 | dt: 1744.39ms | tok/sec: 4,696 | mfu: 1.58 | epoch: 1 | total time: 2.17m
step 00145 (29.00%) | loss: 2.157837 | lrm: 1.00 | dt: 1037.90ms | tok/sec: 7,892 | mfu: 2.66 | epoch: 1 | total time: 2.19m
step 00146 (29.20%) | loss: 2.208802 | lrm: 1.00 | dt: 942.64ms | tok/sec: 8,690 | mfu: 2.93 | epoch: 1 | total time: 2.21m
step 00147 (29.40%) | loss: 2.165683 | lrm: 1.00 | dt: 951.85ms | tok/sec: 8,606 | mfu: 2.90 | epoch: 1 | total time: 2.22m
step 00148 (29.60%) | loss: 2.167699 | lrm: 1.00 | dt: 490.63ms | tok/sec: 16,696 | mfu: 5.63 | epoch: 1 | total time: 2.23m
step 00149 (29.80%) | loss: 2.150199 | lrm: 1.00 | dt: 948.12ms | tok/sec: 8,640 | mfu: 2.92 | epoch: 1 | total time: 2.25m
step 00150 (30.00%) | loss: 2.214226 | lrm: 1.00 | dt: 944.33ms | tok/sec: 8,674 | mfu: 2.93 | epoch: 1 | total time: 2.26m
Step 00150 | Validation bpb: 0.6708
2026-03-27 20:11:49,372 - nanochat.checkpoint_manager - [32m[1mINFO[0m - Saved model parameters to: /home/sun0115/.cache/nanochat/chatsft_checkpoints/d24_r32_lora_maxoom_2026-03-27_2007_s2048_gc/best/model_000150.pt
2026-03-27 20:11:49,372 - nanochat.checkpoint_manager - [32m[1mINFO[0m - Saved metadata to: /home/sun0115/.cache/nanochat/chatsft_checkpoints/d24_r32_lora_maxoom_2026-03-27_2007_s2048_gc/best/meta_000150.json
Saved best checkpoint at step 150 (val_bpb=0.6708)
step 00151 (30.20%) | loss: 2.192796 | lrm: 1.00 | dt: 1127.77ms | tok/sec: 7,263 | mfu: 2.45 | epoch: 1 | total time: 2.28m
step 00152 (30.40%) | loss: 2.217264 | lrm: 1.00 | dt: 949.22ms | tok/sec: 8,630 | mfu: 2.91 | epoch: 1 | total time: 2.30m
step 00153 (30.60%) | loss: 2.224803 | lrm: 1.00 | dt: 950.23ms | tok/sec: 8,621 | mfu: 2.91 | epoch: 1 | total time: 2.31m
step 00154 (30.80%) | loss: 2.166495 | lrm: 1.00 | dt: 949.42ms | tok/sec: 8,628 | mfu: 2.91 | epoch: 1 | total time: 2.33m
step 00155 (31.00%) | loss: 2.222925 | lrm: 1.00 | dt: 1747.23ms | tok/sec: 4,688 | mfu: 1.58 | epoch: 1 | total time: 2.36m
step 00156 (31.20%) | loss: 2.208439 | lrm: 1.00 | dt: 1038.39ms | tok/sec: 7,889 | mfu: 2.66 | epoch: 1 | total time: 2.38m
step 00157 (31.40%) | loss: 2.201703 | lrm: 1.00 | dt: 721.56ms | tok/sec: 11,353 | mfu: 3.83 | epoch: 1 | total time: 2.39m
step 00158 (31.60%) | loss: 2.169302 | lrm: 1.00 | dt: 949.45ms | tok/sec: 8,628 | mfu: 2.91 | epoch: 1 | total time: 2.40m
step 00159 (31.80%) | loss: 2.148610 | lrm: 1.00 | dt: 946.04ms | tok/sec: 8,659 | mfu: 2.92 | epoch: 1 | total time: 2.42m
step 00160 (32.00%) | loss: 2.135878 | lrm: 1.00 | dt: 947.65ms | tok/sec: 8,644 | mfu: 2.92 | epoch: 1 | total time: 2.44m
step 00161 (32.20%) | loss: 2.151164 | lrm: 1.00 | dt: 948.68ms | tok/sec: 8,635 | mfu: 2.91 | epoch: 1 | total time: 2.45m
step 00162 (32.40%) | loss: 2.179958 | lrm: 1.00 | dt: 948.47ms | tok/sec: 8,637 | mfu: 2.91 | epoch: 1 | total time: 2.47m
step 00163 (32.60%) | loss: 2.184811 | lrm: 1.00 | dt: 1043.64ms | tok/sec: 7,849 | mfu: 2.65 | epoch: 1 | total time: 2.48m
step 00164 (32.80%) | loss: 2.194400 | lrm: 1.00 | dt: 949.75ms | tok/sec: 8,625 | mfu: 2.91 | epoch: 1 | total time: 2.50m
step 00165 (33.00%) | loss: 2.179256 | lrm: 1.00 | dt: 948.01ms | tok/sec: 8,641 | mfu: 2.92 | epoch: 1 | total time: 2.52m
step 00166 (33.20%) | loss: 2.164084 | lrm: 1.00 | dt: 950.17ms | tok/sec: 8,621 | mfu: 2.91 | epoch: 1 | total time: 2.53m
step 00167 (33.40%) | loss: 2.217524 | lrm: 1.00 | dt: 947.99ms | tok/sec: 8,641 | mfu: 2.92 | epoch: 1 | total time: 2.55m
step 00168 (33.60%) | loss: 2.218828 | lrm: 1.00 | dt: 953.13ms | tok/sec: 8,594 | mfu: 2.90 | epoch: 1 | total time: 2.56m
step 00169 (33.80%) | loss: 2.245175 | lrm: 1.00 | dt: 1041.78ms | tok/sec: 7,863 | mfu: 2.65 | epoch: 1 | total time: 2.58m
step 00170 (34.00%) | loss: 2.179115 | lrm: 1.00 | dt: 944.33ms | tok/sec: 8,674 | mfu: 2.93 | epoch: 1 | total time: 2.60m
step 00171 (34.20%) | loss: 2.160652 | lrm: 1.00 | dt: 947.76ms | tok/sec: 8,643 | mfu: 2.92 | epoch: 1 | total time: 2.61m
step 00172 (34.40%) | loss: 2.165512 | lrm: 1.00 | dt: 951.47ms | tok/sec: 8,609 | mfu: 2.91 | epoch: 1 | total time: 2.63m
step 00173 (34.60%) | loss: 2.168993 | lrm: 1.00 | dt: 949.21ms | tok/sec: 8,630 | mfu: 2.91 | epoch: 1 | total time: 2.64m
step 00174 (34.80%) | loss: 2.134744 | lrm: 1.00 | dt: 944.66ms | tok/sec: 8,671 | mfu: 2.93 | epoch: 1 | total time: 2.66m
step 00175 (35.00%) | loss: 2.170110 | lrm: 1.00 | dt: 1032.49ms | tok/sec: 7,934 | mfu: 2.68 | epoch: 1 | total time: 2.68m
step 00176 (35.20%) | loss: 2.162236 | lrm: 1.00 | dt: 950.35ms | tok/sec: 8,619 | mfu: 2.91 | epoch: 1 | total time: 2.69m
step 00177 (35.40%) | loss: 2.136701 | lrm: 1.00 | dt: 726.02ms | tok/sec: 11,283 | mfu: 3.81 | epoch: 1 | total time: 2.70m
step 00178 (35.60%) | loss: 2.131255 | lrm: 1.00 | dt: 949.75ms | tok/sec: 8,625 | mfu: 2.91 | epoch: 1 | total time: 2.72m
step 00179 (35.80%) | loss: 2.110985 | lrm: 1.00 | dt: 944.35ms | tok/sec: 8,674 | mfu: 2.93 | epoch: 1 | total time: 2.74m
step 00180 (36.00%) | loss: 2.083483 | lrm: 1.00 | dt: 718.60ms | tok/sec: 11,399 | mfu: 3.85 | epoch: 1 | total time: 2.75m
step 00181 (36.20%) | loss: 2.079315 | lrm: 1.00 | dt: 952.18ms | tok/sec: 8,603 | mfu: 2.90 | epoch: 1 | total time: 2.76m
step 00182 (36.40%) | loss: 2.068106 | lrm: 1.00 | dt: 1072.66ms | tok/sec: 7,637 | mfu: 2.58 | epoch: 1 | total time: 2.78m
step 00183 (36.60%) | loss: 2.019405 | lrm: 1.00 | dt: 955.96ms | tok/sec: 8,569 | mfu: 2.89 | epoch: 1 | total time: 2.80m
step 00184 (36.80%) | loss: 2.001343 | lrm: 1.00 | dt: 955.58ms | tok/sec: 8,572 | mfu: 2.89 | epoch: 1 | total time: 2.81m
step 00185 (37.00%) | loss: 1.973410 | lrm: 1.00 | dt: 952.24ms | tok/sec: 8,602 | mfu: 2.90 | epoch: 1 | total time: 2.83m
step 00186 (37.20%) | loss: 2.006777 | lrm: 1.00 | dt: 959.56ms | tok/sec: 8,537 | mfu: 2.88 | epoch: 1 | total time: 2.85m
step 00187 (37.40%) | loss: 1.947492 | lrm: 1.00 | dt: 952.38ms | tok/sec: 8,601 | mfu: 2.90 | epoch: 1 | total time: 2.86m
step 00188 (37.60%) | loss: 1.935702 | lrm: 1.00 | dt: 1061.49ms | tok/sec: 7,717 | mfu: 2.60 | epoch: 1 | total time: 2.88m
step 00189 (37.80%) | loss: 1.908998 | lrm: 1.00 | dt: 1754.58ms | tok/sec: 4,668 | mfu: 1.58 | epoch: 1 | total time: 2.91m
step 00190 (38.00%) | loss: 1.883927 | lrm: 1.00 | dt: 957.14ms | tok/sec: 8,558 | mfu: 2.89 | epoch: 1 | total time: 2.92m
step 00191 (38.20%) | loss: 1.899202 | lrm: 1.00 | dt: 952.00ms | tok/sec: 8,605 | mfu: 2.90 | epoch: 1 | total time: 2.94m
step 00192 (38.40%) | loss: 2.010233 | lrm: 1.00 | dt: 951.88ms | tok/sec: 8,606 | mfu: 2.90 | epoch: 1 | total time: 2.96m
step 00193 (38.60%) | loss: 1.995239 | lrm: 1.00 | dt: 955.37ms | tok/sec: 8,574 | mfu: 2.89 | epoch: 1 | total time: 2.97m
step 00194 (38.80%) | loss: 1.982846 | lrm: 1.00 | dt: 954.01ms | tok/sec: 8,586 | mfu: 2.90 | epoch: 1 | total time: 2.99m
step 00195 (39.00%) | loss: 1.970904 | lrm: 1.00 | dt: 1073.65ms | tok/sec: 7,630 | mfu: 2.57 | epoch: 1 | total time: 3.01m
step 00196 (39.20%) | loss: 2.032933 | lrm: 1.00 | dt: 954.23ms | tok/sec: 8,584 | mfu: 2.90 | epoch: 1 | total time: 3.02m
step 00197 (39.40%) | loss: 2.019762 | lrm: 1.00 | dt: 950.60ms | tok/sec: 8,617 | mfu: 2.91 | epoch: 1 | total time: 3.04m
step 00198 (39.60%) | loss: 2.023862 | lrm: 1.00 | dt: 957.66ms | tok/sec: 8,554 | mfu: 2.89 | epoch: 1 | total time: 3.05m
step 00199 (39.80%) | loss: 2.076338 | lrm: 1.00 | dt: 958.95ms | tok/sec: 8,542 | mfu: 2.88 | epoch: 1 | total time: 3.07m
step 00200 (40.00%) | loss: 2.090523 | lrm: 1.00 | dt: 950.83ms | tok/sec: 8,615 | mfu: 2.91 | epoch: 1 | total time: 3.09m
Step 00200 | Validation bpb: 0.6634
2026-03-27 20:13:01,296 - nanochat.checkpoint_manager - [32m[1mINFO[0m - Saved model parameters to: /home/sun0115/.cache/nanochat/chatsft_checkpoints/d24_r32_lora_maxoom_2026-03-27_2007_s2048_gc/best/model_000200.pt
2026-03-27 20:13:01,297 - nanochat.checkpoint_manager - [32m[1mINFO[0m - Saved metadata to: /home/sun0115/.cache/nanochat/chatsft_checkpoints/d24_r32_lora_maxoom_2026-03-27_2007_s2048_gc/best/meta_000200.json
Saved best checkpoint at step 200 (val_bpb=0.6634)
step 00201 (40.20%) | loss: 2.086235 | lrm: 1.00 | dt: 1100.97ms | tok/sec: 7,440 | mfu: 2.51 | epoch: 1 | total time: 3.10m
step 00202 (40.40%) | loss: 2.084329 | lrm: 1.00 | dt: 955.18ms | tok/sec: 8,576 | mfu: 2.89 | epoch: 1 | total time: 3.12m
step 00203 (40.60%) | loss: 2.076138 | lrm: 1.00 | dt: 717.61ms | tok/sec: 11,415 | mfu: 3.85 | epoch: 1 | total time: 3.13m
step 00204 (40.80%) | loss: 2.105325 | lrm: 1.00 | dt: 948.97ms | tok/sec: 8,632 | mfu: 2.91 | epoch: 1 | total time: 3.15m
step 00205 (41.00%) | loss: 2.088282 | lrm: 1.00 | dt: 946.74ms | tok/sec: 8,652 | mfu: 2.92 | epoch: 1 | total time: 3.16m
step 00206 (41.20%) | loss: 2.076781 | lrm: 1.00 | dt: 947.37ms | tok/sec: 8,647 | mfu: 2.92 | epoch: 1 | total time: 3.18m
step 00207 (41.40%) | loss: 2.036830 | lrm: 1.00 | dt: 1041.63ms | tok/sec: 7,864 | mfu: 2.65 | epoch: 1 | total time: 3.20m
step 00208 (41.60%) | loss: 2.043192 | lrm: 1.00 | dt: 945.99ms | tok/sec: 8,659 | mfu: 2.92 | epoch: 1 | total time: 3.21m
step 00209 (41.80%) | loss: 2.073090 | lrm: 1.00 | dt: 944.12ms | tok/sec: 8,676 | mfu: 2.93 | epoch: 1 | total time: 3.23m
step 00210 (42.00%) | loss: 2.102672 | lrm: 1.00 | dt: 944.31ms | tok/sec: 8,675 | mfu: 2.93 | epoch: 1 | total time: 3.24m
step 00211 (42.20%) | loss: 2.154133 | lrm: 1.00 | dt: 944.79ms | tok/sec: 8,670 | mfu: 2.93 | epoch: 1 | total time: 3.26m
step 00212 (42.40%) | loss: 2.205114 | lrm: 1.00 | dt: 946.14ms | tok/sec: 8,658 | mfu: 2.92 | epoch: 1 | total time: 3.28m
step 00213 (42.60%) | loss: 2.176784 | lrm: 1.00 | dt: 1060.11ms | tok/sec: 7,727 | mfu: 2.61 | epoch: 1 | total time: 3.29m
step 00214 (42.80%) | loss: 2.112346 | lrm: 1.00 | dt: 945.77ms | tok/sec: 8,661 | mfu: 2.92 | epoch: 1 | total time: 3.31m
step 00215 (43.00%) | loss: 2.123459 | lrm: 1.00 | dt: 722.35ms | tok/sec: 11,340 | mfu: 3.83 | epoch: 1 | total time: 3.32m
step 00216 (43.20%) | loss: 2.082368 | lrm: 1.00 | dt: 943.44ms | tok/sec: 8,683 | mfu: 2.93 | epoch: 1 | total time: 3.34m
step 00217 (43.40%) | loss: 2.068158 | lrm: 1.00 | dt: 721.83ms | tok/sec: 11,348 | mfu: 3.83 | epoch: 1 | total time: 3.35m
step 00218 (43.60%) | loss: 2.087385 | lrm: 1.00 | dt: 946.04ms | tok/sec: 8,659 | mfu: 2.92 | epoch: 1 | total time: 3.36m
step 00219 (43.80%) | loss: 2.091121 | lrm: 1.00 | dt: 948.12ms | tok/sec: 8,640 | mfu: 2.92 | epoch: 1 | total time: 3.38m
step 00220 (44.00%) | loss: 2.117134 | lrm: 1.00 | dt: 1065.23ms | tok/sec: 7,690 | mfu: 2.60 | epoch: 1 | total time: 3.40m
step 00221 (44.20%) | loss: 2.132358 | lrm: 1.00 | dt: 951.83ms | tok/sec: 8,606 | mfu: 2.90 | epoch: 1 | total time: 3.41m
step 00222 (44.40%) | loss: 2.116586 | lrm: 1.00 | dt: 952.57ms | tok/sec: 8,599 | mfu: 2.90 | epoch: 1 | total time: 3.43m
step 00223 (44.60%) | loss: 2.109576 | lrm: 1.00 | dt: 948.79ms | tok/sec: 8,634 | mfu: 2.91 | epoch: 1 | total time: 3.45m
step 00224 (44.80%) | loss: 2.155056 | lrm: 1.00 | dt: 947.17ms | tok/sec: 8,648 | mfu: 2.92 | epoch: 1 | total time: 3.46m
step 00225 (45.00%) | loss: 2.200967 | lrm: 1.00 | dt: 944.64ms | tok/sec: 8,672 | mfu: 2.93 | epoch: 1 | total time: 3.48m
step 00226 (45.20%) | loss: 2.245111 | lrm: 1.00 | dt: 1058.85ms | tok/sec: 7,736 | mfu: 2.61 | epoch: 1 | total time: 3.49m
step 00227 (45.40%) | loss: 2.229280 | lrm: 1.00 | dt: 953.82ms | tok/sec: 8,588 | mfu: 2.90 | epoch: 1 | total time: 3.51m
step 00228 (45.60%) | loss: 2.193022 | lrm: 1.00 | dt: 953.88ms | tok/sec: 8,588 | mfu: 2.90 | epoch: 1 | total time: 3.53m
step 00229 (45.80%) | loss: 2.176160 | lrm: 1.00 | dt: 942.54ms | tok/sec: 8,691 | mfu: 2.93 | epoch: 1 | total time: 3.54m
step 00230 (46.00%) | loss: 2.100873 | lrm: 1.00 | dt: 950.43ms | tok/sec: 8,619 | mfu: 2.91 | epoch: 1 | total time: 3.56m
step 00231 (46.20%) | loss: 2.083471 | lrm: 1.00 | dt: 943.48ms | tok/sec: 8,682 | mfu: 2.93 | epoch: 1 | total time: 3.57m
step 00232 (46.40%) | loss: 2.112776 | lrm: 1.00 | dt: 1048.42ms | tok/sec: 7,813 | mfu: 2.64 | epoch: 1 | total time: 3.59m
step 00233 (46.60%) | loss: 2.119966 | lrm: 1.00 | dt: 942.79ms | tok/sec: 8,689 | mfu: 2.93 | epoch: 1 | total time: 3.61m
step 00234 (46.80%) | loss: 2.088389 | lrm: 1.00 | dt: 1747.48ms | tok/sec: 4,687 | mfu: 1.58 | epoch: 1 | total time: 3.64m
step 00235 (47.00%) | loss: 2.091494 | lrm: 1.00 | dt: 943.43ms | tok/sec: 8,683 | mfu: 2.93 | epoch: 1 | total time: 3.65m
step 00236 (47.20%) | loss: 2.058431 | lrm: 1.00 | dt: 944.12ms | tok/sec: 8,676 | mfu: 2.93 | epoch: 1 | total time: 3.67m
step 00237 (47.40%) | loss: 2.067469 | lrm: 1.00 | dt: 943.06ms | tok/sec: 8,686 | mfu: 2.93 | epoch: 1 | total time: 3.68m
step 00238 (47.60%) | loss: 2.020383 | lrm: 1.00 | dt: 1055.36ms | tok/sec: 7,762 | mfu: 2.62 | epoch: 1 | total time: 3.70m
step 00239 (47.80%) | loss: 2.023499 | lrm: 1.00 | dt: 945.32ms | tok/sec: 8,665 | mfu: 2.92 | epoch: 1 | total time: 3.72m
step 00240 (48.00%) | loss: 2.025669 | lrm: 1.00 | dt: 946.60ms | tok/sec: 8,654 | mfu: 2.92 | epoch: 1 | total time: 3.73m
step 00241 (48.20%) | loss: 2.038960 | lrm: 1.00 | dt: 946.66ms | tok/sec: 8,653 | mfu: 2.92 | epoch: 1 | total time: 3.75m
step 00242 (48.40%) | loss: 2.003021 | lrm: 1.00 | dt: 948.85ms | tok/sec: 8,633 | mfu: 2.91 | epoch: 1 | total time: 3.76m
step 00243 (48.60%) | loss: 1.983872 | lrm: 1.00 | dt: 949.12ms | tok/sec: 8,631 | mfu: 2.91 | epoch: 1 | total time: 3.78m
step 00244 (48.80%) | loss: 2.017307 | lrm: 1.00 | dt: 949.37ms | tok/sec: 8,628 | mfu: 2.91 | epoch: 1 | total time: 3.80m
step 00245 (49.00%) | loss: 2.023097 | lrm: 1.00 | dt: 1053.91ms | tok/sec: 7,772 | mfu: 2.62 | epoch: 1 | total time: 3.81m
step 00246 (49.20%) | loss: 2.018967 | lrm: 1.00 | dt: 947.39ms | tok/sec: 8,646 | mfu: 2.92 | epoch: 1 | total time: 3.83m
step 00247 (49.40%) | loss: 2.019890 | lrm: 1.00 | dt: 948.72ms | tok/sec: 8,634 | mfu: 2.91 | epoch: 1 | total time: 3.84m
step 00248 (49.60%) | loss: 2.046316 | lrm: 1.00 | dt: 953.68ms | tok/sec: 8,589 | mfu: 2.90 | epoch: 1 | total time: 3.86m
step 00249 (49.80%) | loss: 2.036961 | lrm: 1.00 | dt: 942.18ms | tok/sec: 8,694 | mfu: 2.93 | epoch: 1 | total time: 3.88m
step 00250 (50.00%) | loss: 2.087593 | lrm: 1.00 | dt: 946.49ms | tok/sec: 8,655 | mfu: 2.92 | epoch: 1 | total time: 3.89m
Step 00250 | Validation bpb: 0.6582
2026-03-27 20:14:12,270 - nanochat.checkpoint_manager - [32m[1mINFO[0m - Saved model parameters to: /home/sun0115/.cache/nanochat/chatsft_checkpoints/d24_r32_lora_maxoom_2026-03-27_2007_s2048_gc/best/model_000250.pt
2026-03-27 20:14:12,271 - nanochat.checkpoint_manager - [32m[1mINFO[0m - Saved metadata to: /home/sun0115/.cache/nanochat/chatsft_checkpoints/d24_r32_lora_maxoom_2026-03-27_2007_s2048_gc/best/meta_000250.json
Saved best checkpoint at step 250 (val_bpb=0.6582)
step 00251 (50.20%) | loss: 2.091232 | lrm: 1.00 | dt: 1133.66ms | tok/sec: 7,226 | mfu: 2.44 | epoch: 1 | total time: 3.91m
step 00252 (50.40%) | loss: 2.137031 | lrm: 1.00 | dt: 946.35ms | tok/sec: 8,656 | mfu: 2.92 | epoch: 1 | total time: 3.93m
step 00253 (50.60%) | loss: 2.128300 | lrm: 1.00 | dt: 949.31ms | tok/sec: 8,629 | mfu: 2.91 | epoch: 1 | total time: 3.94m
step 00254 (50.80%) | loss: 2.094602 | lrm: 1.00 | dt: 945.11ms | tok/sec: 8,667 | mfu: 2.92 | epoch: 1 | total time: 3.96m
step 00255 (51.00%) | loss: 2.080897 | lrm: 1.00 | dt: 946.44ms | tok/sec: 8,655 | mfu: 2.92 | epoch: 1 | total time: 3.97m
step 00256 (51.20%) | loss: 2.061654 | lrm: 1.00 | dt: 1043.36ms | tok/sec: 7,851 | mfu: 2.65 | epoch: 1 | total time: 3.99m
step 00257 (51.40%) | loss: 2.059266 | lrm: 1.00 | dt: 950.08ms | tok/sec: 8,622 | mfu: 2.91 | epoch: 1 | total time: 4.01m
step 00258 (51.60%) | loss: 2.049910 | lrm: 1.00 | dt: 956.51ms | tok/sec: 8,564 | mfu: 2.89 | epoch: 1 | total time: 4.02m
step 00259 (51.80%) | loss: 2.046774 | lrm: 1.00 | dt: 945.04ms | tok/sec: 8,668 | mfu: 2.93 | epoch: 1 | total time: 4.04m
step 00260 (52.00%) | loss: 2.106698 | lrm: 1.00 | dt: 714.85ms | tok/sec: 11,459 | mfu: 3.87 | epoch: 1 | total time: 4.05m
step 00261 (52.20%) | loss: 2.057303 | lrm: 1.00 | dt: 945.08ms | tok/sec: 8,668 | mfu: 2.92 | epoch: 1 | total time: 4.07m
step 00262 (52.40%) | loss: 2.010572 | lrm: 1.00 | dt: 948.06ms | tok/sec: 8,640 | mfu: 2.92 | epoch: 1 | total time: 4.08m
step 00263 (52.60%) | loss: 1.993702 | lrm: 1.00 | dt: 1062.96ms | tok/sec: 7,706 | mfu: 2.60 | epoch: 1 | total time: 4.10m
step 00264 (52.80%) | loss: 2.019609 | lrm: 1.00 | dt: 730.76ms | tok/sec: 11,210 | mfu: 3.78 | epoch: 1 | total time: 4.11m
step 00265 (53.00%) | loss: 2.008152 | lrm: 1.00 | dt: 950.52ms | tok/sec: 8,618 | mfu: 2.91 | epoch: 1 | total time: 4.13m
step 00266 (53.20%) | loss: 2.019856 | lrm: 1.00 | dt: 945.93ms | tok/sec: 8,660 | mfu: 2.92 | epoch: 1 | total time: 4.14m
step 00267 (53.40%) | loss: 2.045479 | lrm: 1.00 | dt: 726.11ms | tok/sec: 11,282 | mfu: 3.81 | epoch: 1 | total time: 4.16m
step 00268 (53.60%) | loss: 2.026456 | lrm: 1.00 | dt: 943.62ms | tok/sec: 8,681 | mfu: 2.93 | epoch: 1 | total time: 4.17m
step 00269 (53.80%) | loss: 2.011392 | lrm: 1.00 | dt: 954.60ms | tok/sec: 8,581 | mfu: 2.90 | epoch: 1 | total time: 4.19m
step 00270 (54.00%) | loss: 2.020801 | lrm: 1.00 | dt: 1062.85ms | tok/sec: 7,707 | mfu: 2.60 | epoch: 1 | total time: 4.21m
step 00271 (54.20%) | loss: 2.056821 | lrm: 1.00 | dt: 946.16ms | tok/sec: 8,658 | mfu: 2.92 | epoch: 1 | total time: 4.22m
step 00272 (54.40%) | loss: 2.082791 | lrm: 1.00 | dt: 957.43ms | tok/sec: 8,556 | mfu: 2.89 | epoch: 1 | total time: 4.24m
step 00273 (54.60%) | loss: 2.089459 | lrm: 1.00 | dt: 948.00ms | tok/sec: 8,641 | mfu: 2.92 | epoch: 1 | total time: 4.25m
step 00274 (54.80%) | loss: 2.103700 | lrm: 1.00 | dt: 958.39ms | tok/sec: 8,547 | mfu: 2.88 | epoch: 1 | total time: 4.27m
step 00275 (55.00%) | loss: 2.087968 | lrm: 1.00 | dt: 951.32ms | tok/sec: 8,611 | mfu: 2.91 | epoch: 1 | total time: 4.28m
step 00276 (55.20%) | loss: 2.130439 | lrm: 1.00 | dt: 1074.14ms | tok/sec: 7,626 | mfu: 2.57 | epoch: 1 | total time: 4.30m
step 00277 (55.40%) | loss: 2.144239 | lrm: 1.00 | dt: 955.37ms | tok/sec: 8,574 | mfu: 2.89 | epoch: 1 | total time: 4.32m
step 00278 (55.60%) | loss: 2.101497 | lrm: 1.00 | dt: 955.70ms | tok/sec: 8,571 | mfu: 2.89 | epoch: 1 | total time: 4.33m
step 00279 (55.80%) | loss: 2.074114 | lrm: 1.00 | dt: 1757.38ms | tok/sec: 4,661 | mfu: 1.57 | epoch: 1 | total time: 4.36m
step 00280 (56.00%) | loss: 2.076677 | lrm: 1.00 | dt: 952.77ms | tok/sec: 8,598 | mfu: 2.90 | epoch: 1 | total time: 4.38m
step 00281 (56.20%) | loss: 2.068157 | lrm: 1.00 | dt: 950.33ms | tok/sec: 8,620 | mfu: 2.91 | epoch: 1 | total time: 4.40m
step 00282 (56.40%) | loss: 2.071906 | lrm: 1.00 | dt: 1059.27ms | tok/sec: 7,733 | mfu: 2.61 | epoch: 1 | total time: 4.41m
step 00283 (56.60%) | loss: 2.092171 | lrm: 1.00 | dt: 949.89ms | tok/sec: 8,624 | mfu: 2.91 | epoch: 1 | total time: 4.43m
step 00284 (56.80%) | loss: 2.066428 | lrm: 1.00 | dt: 944.24ms | tok/sec: 8,675 | mfu: 2.93 | epoch: 1 | total time: 4.44m
step 00285 (57.00%) | loss: 2.025030 | lrm: 1.00 | dt: 945.29ms | tok/sec: 8,666 | mfu: 2.92 | epoch: 1 | total time: 4.46m
step 00286 (57.20%) | loss: 1.985811 | lrm: 1.00 | dt: 945.12ms | tok/sec: 8,667 | mfu: 2.92 | epoch: 1 | total time: 4.48m
step 00287 (57.40%) | loss: 2.008436 | lrm: 1.00 | dt: 948.34ms | tok/sec: 8,638 | mfu: 2.91 | epoch: 1 | total time: 4.49m
step 00288 (57.60%) | loss: 2.003563 | lrm: 1.00 | dt: 1039.61ms | tok/sec: 7,879 | mfu: 2.66 | epoch: 1 | total time: 4.51m
step 00289 (57.80%) | loss: 2.024932 | lrm: 1.00 | dt: 944.52ms | tok/sec: 8,673 | mfu: 2.93 | epoch: 1 | total time: 4.53m
step 00290 (58.00%) | loss: 2.061192 | lrm: 1.00 | dt: 943.93ms | tok/sec: 8,678 | mfu: 2.93 | epoch: 1 | total time: 4.54m
step 00291 (58.20%) | loss: 2.052700 | lrm: 1.00 | dt: 941.25ms | tok/sec: 8,703 | mfu: 2.94 | epoch: 1 | total time: 4.56m
step 00292 (58.40%) | loss: 2.046241 | lrm: 1.00 | dt: 942.29ms | tok/sec: 8,693 | mfu: 2.93 | epoch: 1 | total time: 4.57m
step 00293 (58.60%) | loss: 2.001696 | lrm: 1.00 | dt: 940.18ms | tok/sec: 8,713 | mfu: 2.94 | epoch: 1 | total time: 4.59m
step 00294 (58.80%) | loss: 2.058219 | lrm: 1.00 | dt: 940.47ms | tok/sec: 8,710 | mfu: 2.94 | epoch: 1 | total time: 4.60m
step 00295 (59.00%) | loss: 2.071945 | lrm: 1.00 | dt: 1037.86ms | tok/sec: 7,893 | mfu: 2.66 | epoch: 1 | total time: 4.62m
step 00296 (59.20%) | loss: 2.073887 | lrm: 1.00 | dt: 940.83ms | tok/sec: 8,707 | mfu: 2.94 | epoch: 1 | total time: 4.64m
step 00297 (59.40%) | loss: 2.034631 | lrm: 1.00 | dt: 939.33ms | tok/sec: 8,721 | mfu: 2.94 | epoch: 1 | total time: 4.65m
step 00298 (59.60%) | loss: 2.032929 | lrm: 1.00 | dt: 941.16ms | tok/sec: 8,704 | mfu: 2.94 | epoch: 1 | total time: 4.67m
step 00299 (59.80%) | loss: 2.086526 | lrm: 1.00 | dt: 939.18ms | tok/sec: 8,722 | mfu: 2.94 | epoch: 1 | total time: 4.68m
step 00300 (60.00%) | loss: 2.138998 | lrm: 1.00 | dt: 946.74ms | tok/sec: 8,652 | mfu: 2.92 | epoch: 1 | total time: 4.70m
Step 00300 | Validation bpb: 0.6542
2026-03-27 20:15:23,523 - nanochat.checkpoint_manager - [32m[1mINFO[0m - Saved model parameters to: /home/sun0115/.cache/nanochat/chatsft_checkpoints/d24_r32_lora_maxoom_2026-03-27_2007_s2048_gc/best/model_000300.pt
2026-03-27 20:15:23,524 - nanochat.checkpoint_manager - [32m[1mINFO[0m - Saved metadata to: /home/sun0115/.cache/nanochat/chatsft_checkpoints/d24_r32_lora_maxoom_2026-03-27_2007_s2048_gc/best/meta_000300.json
Saved best checkpoint at step 300 (val_bpb=0.6542)
Rotated old best checkpoint: step 000050
step 00301 (60.20%) | loss: 2.109833 | lrm: 1.00 | dt: 1171.60ms | tok/sec: 6,992 | mfu: 2.36 | epoch: 1 | total time: 4.72m
step 00302 (60.40%) | loss: 2.153203 | lrm: 1.00 | dt: 952.01ms | tok/sec: 8,604 | mfu: 2.90 | epoch: 1 | total time: 4.73m
step 00303 (60.60%) | loss: 2.135757 | lrm: 1.00 | dt: 939.66ms | tok/sec: 8,718 | mfu: 2.94 | epoch: 1 | total time: 4.75m
step 00304 (60.80%) | loss: 2.122518 | lrm: 1.00 | dt: 939.07ms | tok/sec: 8,723 | mfu: 2.94 | epoch: 1 | total time: 4.77m
step 00305 (61.00%) | loss: 2.120121 | lrm: 1.00 | dt: 940.72ms | tok/sec: 8,708 | mfu: 2.94 | epoch: 1 | total time: 4.78m
step 00306 (61.20%) | loss: 2.161390 | lrm: 1.00 | dt: 1034.08ms | tok/sec: 7,922 | mfu: 2.67 | epoch: 1 | total time: 4.80m
step 00307 (61.40%) | loss: 2.143193 | lrm: 1.00 | dt: 940.33ms | tok/sec: 8,711 | mfu: 2.94 | epoch: 1 | total time: 4.81m
step 00308 (61.60%) | loss: 2.176148 | lrm: 1.00 | dt: 939.50ms | tok/sec: 8,719 | mfu: 2.94 | epoch: 1 | total time: 4.83m
step 00309 (61.80%) | loss: 2.141888 | lrm: 1.00 | dt: 940.46ms | tok/sec: 8,710 | mfu: 2.94 | epoch: 1 | total time: 4.85m
step 00310 (62.00%) | loss: 2.142280 | lrm: 1.00 | dt: 946.09ms | tok/sec: 8,658 | mfu: 2.92 | epoch: 1 | total time: 4.86m
step 00311 (62.20%) | loss: 2.124094 | lrm: 1.00 | dt: 949.66ms | tok/sec: 8,626 | mfu: 2.91 | epoch: 1 | total time: 4.88m
step 00312 (62.40%) | loss: 2.137059 | lrm: 1.00 | dt: 948.61ms | tok/sec: 8,635 | mfu: 2.91 | epoch: 1 | total time: 4.89m
step 00313 (62.60%) | loss: 2.133817 | lrm: 1.00 | dt: 1042.98ms | tok/sec: 7,854 | mfu: 2.65 | epoch: 1 | total time: 4.91m
step 00314 (62.80%) | loss: 2.120054 | lrm: 1.00 | dt: 946.05ms | tok/sec: 8,659 | mfu: 2.92 | epoch: 1 | total time: 4.93m
step 00315 (63.00%) | loss: 2.147987 | lrm: 1.00 | dt: 950.77ms | tok/sec: 8,616 | mfu: 2.91 | epoch: 1 | total time: 4.94m
step 00316 (63.20%) | loss: 2.083005 | lrm: 1.00 | dt: 947.78ms | tok/sec: 8,643 | mfu: 2.92 | epoch: 1 | total time: 4.96m
step 00317 (63.40%) | loss: 2.081073 | lrm: 1.00 | dt: 947.73ms | tok/sec: 8,643 | mfu: 2.92 | epoch: 1 | total time: 4.97m
step 00318 (63.60%) | loss: 2.103244 | lrm: 1.00 | dt: 948.32ms | tok/sec: 8,638 | mfu: 2.91 | epoch: 1 | total time: 4.99m
step 00319 (63.80%) | loss: 2.110076 | lrm: 1.00 | dt: 1045.13ms | tok/sec: 7,838 | mfu: 2.64 | epoch: 1 | total time: 5.01m
step 00320 (64.00%) | loss: 2.103831 | lrm: 1.00 | dt: 947.33ms | tok/sec: 8,647 | mfu: 2.92 | epoch: 1 | total time: 5.02m
step 00321 (64.20%) | loss: 2.119069 | lrm: 1.00 | dt: 952.41ms | tok/sec: 8,601 | mfu: 2.90 | epoch: 1 | total time: 5.04m
step 00322 (64.40%) | loss: 2.070619 | lrm: 1.00 | dt: 950.29ms | tok/sec: 8,620 | mfu: 2.91 | epoch: 1 | total time: 5.05m
step 00323 (64.60%) | loss: 2.070837 | lrm: 1.00 | dt: 1738.11ms | tok/sec: 4,713 | mfu: 1.59 | epoch: 1 | total time: 5.08m
step 00324 (64.80%) | loss: 2.148340 | lrm: 1.00 | dt: 949.68ms | tok/sec: 8,626 | mfu: 2.91 | epoch: 1 | total time: 5.10m
step 00325 (65.00%) | loss: 2.122610 | lrm: 1.00 | dt: 1048.19ms | tok/sec: 7,815 | mfu: 2.64 | epoch: 1 | total time: 5.12m
step 00326 (65.20%) | loss: 2.087914 | lrm: 1.00 | dt: 955.34ms | tok/sec: 8,574 | mfu: 2.89 | epoch: 1 | total time: 5.13m
step 00327 (65.40%) | loss: 2.014009 | lrm: 1.00 | dt: 957.33ms | tok/sec: 8,557 | mfu: 2.89 | epoch: 1 | total time: 5.15m
step 00328 (65.60%) | loss: 2.036194 | lrm: 1.00 | dt: 951.89ms | tok/sec: 8,605 | mfu: 2.90 | epoch: 1 | total time: 5.16m
step 00329 (65.80%) | loss: 2.099042 | lrm: 1.00 | dt: 951.92ms | tok/sec: 8,605 | mfu: 2.90 | epoch: 1 | total time: 5.18m
step 00330 (66.00%) | loss: 2.068360 | lrm: 1.00 | dt: 956.99ms | tok/sec: 8,560 | mfu: 2.89 | epoch: 1 | total time: 5.20m
step 00331 (66.20%) | loss: 2.079496 | lrm: 1.00 | dt: 1049.02ms | tok/sec: 7,809 | mfu: 2.64 | epoch: 1 | total time: 5.21m
step 00332 (66.40%) | loss: 2.079671 | lrm: 1.00 | dt: 949.52ms | tok/sec: 8,627 | mfu: 2.91 | epoch: 1 | total time: 5.23m
step 00333 (66.60%) | loss: 2.067992 | lrm: 1.00 | dt: 950.40ms | tok/sec: 8,619 | mfu: 2.91 | epoch: 1 | total time: 5.25m
step 00334 (66.80%) | loss: 2.069023 | lrm: 1.00 | dt: 952.68ms | tok/sec: 8,598 | mfu: 2.90 | epoch: 1 | total time: 5.26m
step 00335 (67.00%) | loss: 2.064593 | lrm: 1.00 | dt: 947.68ms | tok/sec: 8,644 | mfu: 2.92 | epoch: 1 | total time: 5.28m
step 00336 (67.20%) | loss: 2.038867 | lrm: 1.00 | dt: 954.78ms | tok/sec: 8,579 | mfu: 2.90 | epoch: 1 | total time: 5.29m
step 00337 (67.40%) | loss: 2.043928 | lrm: 1.00 | dt: 950.69ms | tok/sec: 8,616 | mfu: 2.91 | epoch: 1 | total time: 5.31m
step 00338 (67.60%) | loss: 2.069310 | lrm: 1.00 | dt: 1050.71ms | tok/sec: 7,796 | mfu: 2.63 | epoch: 1 | total time: 5.33m
step 00339 (67.80%) | loss: 2.097828 | lrm: 1.00 | dt: 949.66ms | tok/sec: 8,626 | mfu: 2.91 | epoch: 1 | total time: 5.34m
step 00340 (68.00%) | loss: 2.112713 | lrm: 1.00 | dt: 950.43ms | tok/sec: 8,619 | mfu: 2.91 | epoch: 1 | total time: 5.36m
step 00341 (68.20%) | loss: 2.096151 | lrm: 1.00 | dt: 953.27ms | tok/sec: 8,593 | mfu: 2.90 | epoch: 1 | total time: 5.37m
step 00342 (68.40%) | loss: 2.040097 | lrm: 1.00 | dt: 949.65ms | tok/sec: 8,626 | mfu: 2.91 | epoch: 1 | total time: 5.39m
step 00343 (68.60%) | loss: 2.021034 | lrm: 1.00 | dt: 953.12ms | tok/sec: 8,594 | mfu: 2.90 | epoch: 1 | total time: 5.41m
step 00344 (68.80%) | loss: 2.033420 | lrm: 1.00 | dt: 1042.89ms | tok/sec: 7,855 | mfu: 2.65 | epoch: 1 | total time: 5.42m
step 00345 (69.00%) | loss: 2.037164 | lrm: 1.00 | dt: 951.50ms | tok/sec: 8,609 | mfu: 2.91 | epoch: 1 | total time: 5.44m
step 00346 (69.20%) | loss: 2.021642 | lrm: 1.00 | dt: 949.38ms | tok/sec: 8,628 | mfu: 2.91 | epoch: 1 | total time: 5.45m
step 00347 (69.40%) | loss: 1.983377 | lrm: 1.00 | dt: 951.04ms | tok/sec: 8,613 | mfu: 2.91 | epoch: 1 | total time: 5.47m
step 00348 (69.60%) | loss: 1.981171 | lrm: 1.00 | dt: 952.88ms | tok/sec: 8,597 | mfu: 2.90 | epoch: 1 | total time: 5.49m
step 00349 (69.80%) | loss: 1.979785 | lrm: 1.00 | dt: 950.30ms | tok/sec: 8,620 | mfu: 2.91 | epoch: 1 | total time: 5.50m
step 00350 (70.00%) | loss: 2.059320 | lrm: 1.00 | dt: 805.11ms | tok/sec: 10,175 | mfu: 3.43 | epoch: 1 | total time: 5.52m
Step 00350 | Validation bpb: 0.6508
2026-03-27 20:16:35,355 - nanochat.checkpoint_manager - [32m[1mINFO[0m - Saved model parameters to: /home/sun0115/.cache/nanochat/chatsft_checkpoints/d24_r32_lora_maxoom_2026-03-27_2007_s2048_gc/best/model_000350.pt
2026-03-27 20:16:35,356 - nanochat.checkpoint_manager - [32m[1mINFO[0m - Saved metadata to: /home/sun0115/.cache/nanochat/chatsft_checkpoints/d24_r32_lora_maxoom_2026-03-27_2007_s2048_gc/best/meta_000350.json
Saved best checkpoint at step 350 (val_bpb=0.6508)
Rotated old best checkpoint: step 000100
step 00351 (70.20%) | loss: 2.033890 | lrm: 0.99 | dt: 1143.83ms | tok/sec: 7,161 | mfu: 2.42 | epoch: 1 | total time: 5.54m
step 00352 (70.40%) | loss: 2.026891 | lrm: 0.99 | dt: 953.15ms | tok/sec: 8,594 | mfu: 2.90 | epoch: 1 | total time: 5.55m
step 00353 (70.60%) | loss: 2.013501 | lrm: 0.98 | dt: 952.20ms | tok/sec: 8,603 | mfu: 2.90 | epoch: 1 | total time: 5.57m
step 00354 (70.80%) | loss: 1.995723 | lrm: 0.97 | dt: 948.51ms | tok/sec: 8,636 | mfu: 2.91 | epoch: 1 | total time: 5.58m
step 00355 (71.00%) | loss: 2.028344 | lrm: 0.97 | dt: 947.43ms | tok/sec: 8,646 | mfu: 2.92 | epoch: 1 | total time: 5.60m
step 00356 (71.20%) | loss: 2.025021 | lrm: 0.96 | dt: 1069.75ms | tok/sec: 7,657 | mfu: 2.58 | epoch: 1 | total time: 5.62m
step 00357 (71.40%) | loss: 1.983964 | lrm: 0.95 | dt: 947.89ms | tok/sec: 8,642 | mfu: 2.92 | epoch: 1 | total time: 5.63m
step 00358 (71.60%) | loss: 1.981009 | lrm: 0.95 | dt: 946.81ms | tok/sec: 8,652 | mfu: 2.92 | epoch: 1 | total time: 5.65m
step 00359 (71.80%) | loss: 2.032810 | lrm: 0.94 | dt: 944.38ms | tok/sec: 8,674 | mfu: 2.93 | epoch: 1 | total time: 5.66m
step 00360 (72.00%) | loss: 2.013730 | lrm: 0.93 | dt: 945.45ms | tok/sec: 8,664 | mfu: 2.92 | epoch: 1 | total time: 5.68m
step 00361 (72.20%) | loss: 2.023116 | lrm: 0.93 | dt: 943.98ms | tok/sec: 8,678 | mfu: 2.93 | epoch: 1 | total time: 5.70m
step 00362 (72.40%) | loss: 2.033981 | lrm: 0.92 | dt: 953.97ms | tok/sec: 8,587 | mfu: 2.90 | epoch: 1 | total time: 5.71m
step 00363 (72.60%) | loss: 2.001012 | lrm: 0.91 | dt: 1049.76ms | tok/sec: 7,803 | mfu: 2.63 | epoch: 1 | total time: 5.73m
step 00364 (72.80%) | loss: 2.076372 | lrm: 0.91 | dt: 944.69ms | tok/sec: 8,671 | mfu: 2.93 | epoch: 1 | total time: 5.74m
step 00365 (73.00%) | loss: 2.118438 | lrm: 0.90 | dt: 944.17ms | tok/sec: 8,676 | mfu: 2.93 | epoch: 1 | total time: 5.76m
step 00366 (73.20%) | loss: 2.102993 | lrm: 0.89 | dt: 945.16ms | tok/sec: 8,667 | mfu: 2.92 | epoch: 1 | total time: 5.78m
step 00367 (73.40%) | loss: 2.053022 | lrm: 0.89 | dt: 1744.80ms | tok/sec: 4,695 | mfu: 1.58 | epoch: 1 | total time: 5.80m
step 00368 (73.60%) | loss: 2.057713 | lrm: 0.88 | dt: 945.56ms | tok/sec: 8,663 | mfu: 2.92 | epoch: 1 | total time: 5.82m
step 00369 (73.80%) | loss: 2.097283 | lrm: 0.87 | dt: 1041.04ms | tok/sec: 7,869 | mfu: 2.66 | epoch: 1 | total time: 5.84m
step 00370 (74.00%) | loss: 2.051598 | lrm: 0.87 | dt: 712.19ms | tok/sec: 11,502 | mfu: 3.88 | epoch: 1 | total time: 5.85m
step 00371 (74.20%) | loss: 2.033225 | lrm: 0.86 | dt: 945.32ms | tok/sec: 8,665 | mfu: 2.92 | epoch: 1 | total time: 5.87m
step 00372 (74.40%) | loss: 2.048314 | lrm: 0.85 | dt: 943.58ms | tok/sec: 8,681 | mfu: 2.93 | epoch: 1 | total time: 5.88m
step 00373 (74.60%) | loss: 2.089371 | lrm: 0.85 | dt: 945.16ms | tok/sec: 8,667 | mfu: 2.92 | epoch: 1 | total time: 5.90m
step 00374 (74.80%) | loss: 2.074208 | lrm: 0.84 | dt: 946.90ms | tok/sec: 8,651 | mfu: 2.92 | epoch: 1 | total time: 5.91m
step 00375 (75.00%) | loss: 2.076112 | lrm: 0.83 | dt: 1039.51ms | tok/sec: 7,880 | mfu: 2.66 | epoch: 1 | total time: 5.93m
step 00376 (75.20%) | loss: 2.038995 | lrm: 0.83 | dt: 947.54ms | tok/sec: 8,645 | mfu: 2.92 | epoch: 1 | total time: 5.95m
step 00377 (75.40%) | loss: 2.070716 | lrm: 0.82 | dt: 949.88ms | tok/sec: 8,624 | mfu: 2.91 | epoch: 1 | total time: 5.96m
step 00378 (75.60%) | loss: 2.026830 | lrm: 0.81 | dt: 943.81ms | tok/sec: 8,679 | mfu: 2.93 | epoch: 1 | total time: 5.98m
step 00379 (75.80%) | loss: 1.983040 | lrm: 0.81 | dt: 945.89ms | tok/sec: 8,660 | mfu: 2.92 | epoch: 1 | total time: 5.99m
step 00380 (76.00%) | loss: 1.971069 | lrm: 0.80 | dt: 945.75ms | tok/sec: 8,661 | mfu: 2.92 | epoch: 1 | total time: 6.01m
step 00381 (76.20%) | loss: 1.941844 | lrm: 0.79 | dt: 947.02ms | tok/sec: 8,650 | mfu: 2.92 | epoch: 1 | total time: 6.02m
step 00382 (76.40%) | loss: 2.009366 | lrm: 0.79 | dt: 818.08ms | tok/sec: 10,013 | mfu: 3.38 | epoch: 1 | total time: 6.04m
step 00383 (76.60%) | loss: 2.012548 | lrm: 0.78 | dt: 945.13ms | tok/sec: 8,667 | mfu: 2.92 | epoch: 1 | total time: 6.05m
step 00384 (76.80%) | loss: 2.001189 | lrm: 0.77 | dt: 948.32ms | tok/sec: 8,638 | mfu: 2.91 | epoch: 1 | total time: 6.07m
step 00385 (77.00%) | loss: 1.990138 | lrm: 0.77 | dt: 945.64ms | tok/sec: 8,662 | mfu: 2.92 | epoch: 1 | total time: 6.09m
step 00386 (77.20%) | loss: 1.961786 | lrm: 0.76 | dt: 944.27ms | tok/sec: 8,675 | mfu: 2.93 | epoch: 1 | total time: 6.10m
step 00387 (77.40%) | loss: 2.085689 | lrm: 0.75 | dt: 945.00ms | tok/sec: 8,668 | mfu: 2.93 | epoch: 1 | total time: 6.12m
step 00388 (77.60%) | loss: 2.049176 | lrm: 0.75 | dt: 1041.10ms | tok/sec: 7,868 | mfu: 2.66 | epoch: 1 | total time: 6.13m
step 00389 (77.80%) | loss: 2.035779 | lrm: 0.74 | dt: 946.95ms | tok/sec: 8,650 | mfu: 2.92 | epoch: 1 | total time: 6.15m
step 00390 (78.00%) | loss: 2.052484 | lrm: 0.73 | dt: 945.17ms | tok/sec: 8,667 | mfu: 2.92 | epoch: 1 | total time: 6.17m
step 00391 (78.20%) | loss: 2.084327 | lrm: 0.73 | dt: 943.90ms | tok/sec: 8,678 | mfu: 2.93 | epoch: 1 | total time: 6.18m
step 00392 (78.40%) | loss: 2.105119 | lrm: 0.72 | dt: 947.90ms | tok/sec: 8,642 | mfu: 2.92 | epoch: 1 | total time: 6.20m
step 00393 (78.60%) | loss: 2.076475 | lrm: 0.71 | dt: 712.59ms | tok/sec: 11,496 | mfu: 3.88 | epoch: 1 | total time: 6.21m
step 00394 (78.80%) | loss: 2.122017 | lrm: 0.71 | dt: 945.34ms | tok/sec: 8,665 | mfu: 2.92 | epoch: 1 | total time: 6.23m
step 00395 (79.00%) | loss: 2.130745 | lrm: 0.70 | dt: 1047.64ms | tok/sec: 7,819 | mfu: 2.64 | epoch: 1 | total time: 6.24m
step 00396 (79.20%) | loss: 2.135639 | lrm: 0.69 | dt: 945.11ms | tok/sec: 8,667 | mfu: 2.92 | epoch: 1 | total time: 6.26m
step 00397 (79.40%) | loss: 2.120336 | lrm: 0.69 | dt: 945.36ms | tok/sec: 8,665 | mfu: 2.92 | epoch: 1 | total time: 6.27m
step 00398 (79.60%) | loss: 2.115855 | lrm: 0.68 | dt: 950.69ms | tok/sec: 8,616 | mfu: 2.91 | epoch: 1 | total time: 6.29m
step 00399 (79.80%) | loss: 2.132730 | lrm: 0.67 | dt: 949.05ms | tok/sec: 8,631 | mfu: 2.91 | epoch: 1 | total time: 6.31m
step 00400 (80.00%) | loss: 2.080147 | lrm: 0.67 | dt: 945.63ms | tok/sec: 8,663 | mfu: 2.92 | epoch: 1 | total time: 6.32m
Step 00400 | Validation bpb: 0.6490
2026-03-27 20:17:46,518 - nanochat.checkpoint_manager - [32m[1mINFO[0m - Saved model parameters to: /home/sun0115/.cache/nanochat/chatsft_checkpoints/d24_r32_lora_maxoom_2026-03-27_2007_s2048_gc/best/model_000400.pt
2026-03-27 20:17:46,518 - nanochat.checkpoint_manager - [32m[1mINFO[0m - Saved metadata to: /home/sun0115/.cache/nanochat/chatsft_checkpoints/d24_r32_lora_maxoom_2026-03-27_2007_s2048_gc/best/meta_000400.json
Saved best checkpoint at step 400 (val_bpb=0.6490)
Rotated old best checkpoint: step 000150
step 00401 (80.20%) | loss: 2.079440 | lrm: 0.66 | dt: 953.28ms | tok/sec: 8,593 | mfu: 2.90 | epoch: 1 | total time: 6.34m
step 00402 (80.40%) | loss: 2.053700 | lrm: 0.65 | dt: 947.70ms | tok/sec: 8,644 | mfu: 2.92 | epoch: 1 | total time: 6.35m
step 00403 (80.60%) | loss: 2.060579 | lrm: 0.65 | dt: 946.83ms | tok/sec: 8,652 | mfu: 2.92 | epoch: 1 | total time: 6.37m
step 00404 (80.80%) | loss: 2.034446 | lrm: 0.64 | dt: 947.98ms | tok/sec: 8,641 | mfu: 2.92 | epoch: 1 | total time: 6.38m
step 00405 (81.00%) | loss: 2.085121 | lrm: 0.63 | dt: 943.50ms | tok/sec: 8,682 | mfu: 2.93 | epoch: 1 | total time: 6.40m
step 00406 (81.20%) | loss: 2.062139 | lrm: 0.63 | dt: 948.67ms | tok/sec: 8,635 | mfu: 2.91 | epoch: 1 | total time: 6.42m
step 00407 (81.40%) | loss: 2.075997 | lrm: 0.62 | dt: 1067.07ms | tok/sec: 7,677 | mfu: 2.59 | epoch: 1 | total time: 6.43m
step 00408 (81.60%) | loss: 2.012619 | lrm: 0.61 | dt: 948.10ms | tok/sec: 8,640 | mfu: 2.92 | epoch: 1 | total time: 6.45m
step 00409 (81.80%) | loss: 2.002933 | lrm: 0.61 | dt: 946.17ms | tok/sec: 8,658 | mfu: 2.92 | epoch: 1 | total time: 6.47m
step 00410 (82.00%) | loss: 2.019805 | lrm: 0.60 | dt: 946.63ms | tok/sec: 8,653 | mfu: 2.92 | epoch: 1 | total time: 6.48m
step 00411 (82.20%) | loss: 2.018544 | lrm: 0.59 | dt: 945.79ms | tok/sec: 8,661 | mfu: 2.92 | epoch: 1 | total time: 6.50m
step 00412 (82.40%) | loss: 1.999256 | lrm: 0.59 | dt: 1517.70ms | tok/sec: 5,397 | mfu: 1.82 | epoch: 1 | total time: 6.52m
step 00413 (82.60%) | loss: 1.987249 | lrm: 0.58 | dt: 1041.39ms | tok/sec: 7,866 | mfu: 2.65 | epoch: 1 | total time: 6.54m
step 00414 (82.80%) | loss: 1.970451 | lrm: 0.57 | dt: 947.32ms | tok/sec: 8,647 | mfu: 2.92 | epoch: 1 | total time: 6.56m
step 00415 (83.00%) | loss: 1.969668 | lrm: 0.57 | dt: 945.95ms | tok/sec: 8,660 | mfu: 2.92 | epoch: 1 | total time: 6.57m
step 00416 (83.20%) | loss: 1.956011 | lrm: 0.56 | dt: 945.18ms | tok/sec: 8,667 | mfu: 2.92 | epoch: 1 | total time: 6.59m
step 00417 (83.40%) | loss: 1.962149 | lrm: 0.55 | dt: 945.16ms | tok/sec: 8,667 | mfu: 2.92 | epoch: 1 | total time: 6.60m
step 00418 (83.60%) | loss: 1.948882 | lrm: 0.55 | dt: 943.77ms | tok/sec: 8,680 | mfu: 2.93 | epoch: 1 | total time: 6.62m
step 00419 (83.80%) | loss: 1.957596 | lrm: 0.54 | dt: 1038.57ms | tok/sec: 7,887 | mfu: 2.66 | epoch: 1 | total time: 6.64m
step 00420 (84.00%) | loss: 1.928396 | lrm: 0.53 | dt: 712.77ms | tok/sec: 11,493 | mfu: 3.88 | epoch: 1 | total time: 6.65m
step 00421 (84.20%) | loss: 1.997575 | lrm: 0.53 | dt: 943.90ms | tok/sec: 8,678 | mfu: 2.93 | epoch: 1 | total time: 6.66m
step 00422 (84.40%) | loss: 1.964453 | lrm: 0.52 | dt: 946.84ms | tok/sec: 8,651 | mfu: 2.92 | epoch: 1 | total time: 6.68m
step 00423 (84.60%) | loss: 1.961655 | lrm: 0.51 | dt: 943.59ms | tok/sec: 8,681 | mfu: 2.93 | epoch: 1 | total time: 6.70m
step 00424 (84.80%) | loss: 2.003773 | lrm: 0.51 | dt: 944.89ms | tok/sec: 8,669 | mfu: 2.93 | epoch: 1 | total time: 6.71m
step 00425 (85.00%) | loss: 1.959094 | lrm: 0.50 | dt: 950.63ms | tok/sec: 8,617 | mfu: 2.91 | epoch: 1 | total time: 6.73m
step 00426 (85.20%) | loss: 1.928644 | lrm: 0.49 | dt: 1041.10ms | tok/sec: 7,868 | mfu: 2.66 | epoch: 1 | total time: 6.74m
step 00427 (85.40%) | loss: 1.929720 | lrm: 0.49 | dt: 946.36ms | tok/sec: 8,656 | mfu: 2.92 | epoch: 1 | total time: 6.76m
step 00428 (85.60%) | loss: 1.965214 | lrm: 0.48 | dt: 948.41ms | tok/sec: 8,637 | mfu: 2.91 | epoch: 1 | total time: 6.78m
step 00429 (85.80%) | loss: 2.019499 | lrm: 0.47 | dt: 716.25ms | tok/sec: 11,437 | mfu: 3.86 | epoch: 1 | total time: 6.79m
step 00430 (86.00%) | loss: 2.032314 | lrm: 0.47 | dt: 949.87ms | tok/sec: 8,624 | mfu: 2.91 | epoch: 1 | total time: 6.80m
step 00431 (86.20%) | loss: 2.023018 | lrm: 0.46 | dt: 944.85ms | tok/sec: 8,670 | mfu: 2.93 | epoch: 1 | total time: 6.82m
step 00432 (86.40%) | loss: 2.036908 | lrm: 0.45 | dt: 1034.73ms | tok/sec: 7,917 | mfu: 2.67 | epoch: 1 | total time: 6.84m
step 00433 (86.60%) | loss: 2.002832 | lrm: 0.45 | dt: 946.71ms | tok/sec: 8,653 | mfu: 2.92 | epoch: 1 | total time: 6.85m
step 00434 (86.80%) | loss: 2.027349 | lrm: 0.44 | dt: 716.49ms | tok/sec: 11,433 | mfu: 3.86 | epoch: 1 | total time: 6.86m
step 00435 (87.00%) | loss: 2.059349 | lrm: 0.43 | dt: 949.45ms | tok/sec: 8,628 | mfu: 2.91 | epoch: 1 | total time: 6.88m
step 00436 (87.20%) | loss: 2.056287 | lrm: 0.43 | dt: 950.54ms | tok/sec: 8,618 | mfu: 2.91 | epoch: 1 | total time: 6.90m
step 00437 (87.40%) | loss: 2.055947 | lrm: 0.42 | dt: 954.27ms | tok/sec: 8,584 | mfu: 2.90 | epoch: 1 | total time: 6.91m
step 00438 (87.60%) | loss: 2.022568 | lrm: 0.41 | dt: 951.13ms | tok/sec: 8,612 | mfu: 2.91 | epoch: 1 | total time: 6.93m
step 00439 (87.80%) | loss: 2.025411 | lrm: 0.41 | dt: 1058.36ms | tok/sec: 7,740 | mfu: 2.61 | epoch: 1 | total time: 6.95m
step 00440 (88.00%) | loss: 2.060571 | lrm: 0.40 | dt: 947.94ms | tok/sec: 8,641 | mfu: 2.92 | epoch: 1 | total time: 6.96m
step 00441 (88.20%) | loss: 2.095220 | lrm: 0.39 | dt: 955.16ms | tok/sec: 8,576 | mfu: 2.89 | epoch: 1 | total time: 6.98m
step 00442 (88.40%) | loss: 2.104472 | lrm: 0.39 | dt: 956.02ms | tok/sec: 8,568 | mfu: 2.89 | epoch: 1 | total time: 6.99m
step 00443 (88.60%) | loss: 2.086172 | lrm: 0.38 | dt: 956.67ms | tok/sec: 8,563 | mfu: 2.89 | epoch: 1 | total time: 7.01m
step 00444 (88.80%) | loss: 2.030526 | lrm: 0.37 | dt: 952.44ms | tok/sec: 8,601 | mfu: 2.90 | epoch: 1 | total time: 7.02m
step 00445 (89.00%) | loss: 2.011756 | lrm: 0.37 | dt: 1074.50ms | tok/sec: 7,623 | mfu: 2.57 | epoch: 1 | total time: 7.04m
step 00446 (89.20%) | loss: 2.020899 | lrm: 0.36 | dt: 1773.21ms | tok/sec: 4,619 | mfu: 1.56 | epoch: 1 | total time: 7.07m
step 00447 (89.40%) | loss: 2.007542 | lrm: 0.35 | dt: 957.65ms | tok/sec: 8,554 | mfu: 2.89 | epoch: 1 | total time: 7.09m
step 00448 (89.60%) | loss: 1.981362 | lrm: 0.35 | dt: 946.96ms | tok/sec: 8,650 | mfu: 2.92 | epoch: 1 | total time: 7.10m
step 00449 (89.80%) | loss: 1.944101 | lrm: 0.34 | dt: 954.99ms | tok/sec: 8,578 | mfu: 2.89 | epoch: 1 | total time: 7.12m
step 00450 (90.00%) | loss: 1.998741 | lrm: 0.33 | dt: 953.46ms | tok/sec: 8,591 | mfu: 2.90 | epoch: 1 | total time: 7.14m
Step 00450 | Validation bpb: 0.6474
2026-03-27 20:18:57,458 - nanochat.checkpoint_manager - [32m[1mINFO[0m - Saved model parameters to: /home/sun0115/.cache/nanochat/chatsft_checkpoints/d24_r32_lora_maxoom_2026-03-27_2007_s2048_gc/best/model_000450.pt
2026-03-27 20:18:57,458 - nanochat.checkpoint_manager - [32m[1mINFO[0m - Saved metadata to: /home/sun0115/.cache/nanochat/chatsft_checkpoints/d24_r32_lora_maxoom_2026-03-27_2007_s2048_gc/best/meta_000450.json
Saved best checkpoint at step 450 (val_bpb=0.6474)
Rotated old best checkpoint: step 000200
step 00451 (90.20%) | loss: 2.016464 | lrm: 0.33 | dt: 1130.37ms | tok/sec: 7,247 | mfu: 2.45 | epoch: 1 | total time: 7.15m
step 00452 (90.40%) | loss: 1.996619 | lrm: 0.32 | dt: 944.63ms | tok/sec: 8,672 | mfu: 2.93 | epoch: 1 | total time: 7.17m
step 00453 (90.60%) | loss: 1.978131 | lrm: 0.31 | dt: 955.21ms | tok/sec: 8,576 | mfu: 2.89 | epoch: 1 | total time: 7.19m
step 00454 (90.80%) | loss: 1.980481 | lrm: 0.31 | dt: 948.16ms | tok/sec: 8,639 | mfu: 2.92 | epoch: 1 | total time: 7.20m
step 00455 (91.00%) | loss: 1.945151 | lrm: 0.30 | dt: 947.54ms | tok/sec: 8,645 | mfu: 2.92 | epoch: 1 | total time: 7.22m
step 00456 (91.20%) | loss: 1.956424 | lrm: 0.29 | dt: 1058.55ms | tok/sec: 7,738 | mfu: 2.61 | epoch: 1 | total time: 7.24m
step 00457 (91.40%) | loss: 1.887615 | lrm: 0.29 | dt: 1757.22ms | tok/sec: 4,661 | mfu: 1.57 | epoch: 1 | total time: 7.26m
step 00458 (91.60%) | loss: 1.925358 | lrm: 0.28 | dt: 951.75ms | tok/sec: 8,607 | mfu: 2.90 | epoch: 1 | total time: 7.28m
step 00459 (91.80%) | loss: 1.924931 | lrm: 0.27 | dt: 946.97ms | tok/sec: 8,650 | mfu: 2.92 | epoch: 1 | total time: 7.30m
step 00460 (92.00%) | loss: 1.942062 | lrm: 0.27 | dt: 964.19ms | tok/sec: 8,496 | mfu: 2.87 | epoch: 1 | total time: 7.31m
step 00461 (92.20%) | loss: 1.964472 | lrm: 0.26 | dt: 951.42ms | tok/sec: 8,610 | mfu: 2.91 | epoch: 1 | total time: 7.33m
step 00462 (92.40%) | loss: 1.946567 | lrm: 0.25 | dt: 953.96ms | tok/sec: 8,587 | mfu: 2.90 | epoch: 1 | total time: 7.34m
step 00463 (92.60%) | loss: 1.906657 | lrm: 0.25 | dt: 1054.26ms | tok/sec: 7,770 | mfu: 2.62 | epoch: 1 | total time: 7.36m
step 00464 (92.80%) | loss: 1.886307 | lrm: 0.24 | dt: 954.94ms | tok/sec: 8,578 | mfu: 2.89 | epoch: 1 | total time: 7.38m
step 00465 (93.00%) | loss: 1.889747 | lrm: 0.23 | dt: 947.72ms | tok/sec: 8,643 | mfu: 2.92 | epoch: 1 | total time: 7.39m
step 00466 (93.20%) | loss: 1.997598 | lrm: 0.23 | dt: 952.16ms | tok/sec: 8,603 | mfu: 2.90 | epoch: 1 | total time: 7.41m
step 00467 (93.40%) | loss: 2.016964 | lrm: 0.22 | dt: 954.08ms | tok/sec: 8,586 | mfu: 2.90 | epoch: 1 | total time: 7.43m
step 00468 (93.60%) | loss: 2.045554 | lrm: 0.21 | dt: 965.57ms | tok/sec: 8,484 | mfu: 2.86 | epoch: 1 | total time: 7.44m
step 00469 (93.80%) | loss: 2.116058 | lrm: 0.21 | dt: 1047.99ms | tok/sec: 7,816 | mfu: 2.64 | epoch: 1 | total time: 7.46m
step 00470 (94.00%) | loss: 2.106207 | lrm: 0.20 | dt: 949.29ms | tok/sec: 8,629 | mfu: 2.91 | epoch: 1 | total time: 7.47m
step 00471 (94.20%) | loss: 2.075643 | lrm: 0.19 | dt: 948.46ms | tok/sec: 8,637 | mfu: 2.91 | epoch: 1 | total time: 7.49m
step 00472 (94.40%) | loss: 2.006331 | lrm: 0.19 | dt: 724.13ms | tok/sec: 11,312 | mfu: 3.82 | epoch: 1 | total time: 7.50m
step 00473 (94.60%) | loss: 2.054152 | lrm: 0.18 | dt: 944.38ms | tok/sec: 8,674 | mfu: 2.93 | epoch: 1 | total time: 7.52m
step 00474 (94.80%) | loss: 2.080321 | lrm: 0.17 | dt: 726.03ms | tok/sec: 11,283 | mfu: 3.81 | epoch: 1 | total time: 7.53m
step 00475 (95.00%) | loss: 2.129423 | lrm: 0.17 | dt: 951.61ms | tok/sec: 8,608 | mfu: 2.90 | epoch: 1 | total time: 7.55m
step 00476 (95.20%) | loss: 2.158325 | lrm: 0.16 | dt: 1075.59ms | tok/sec: 7,616 | mfu: 2.57 | epoch: 1 | total time: 7.56m
step 00477 (95.40%) | loss: 2.134052 | lrm: 0.15 | dt: 949.61ms | tok/sec: 8,626 | mfu: 2.91 | epoch: 1 | total time: 7.58m
step 00478 (95.60%) | loss: 2.154464 | lrm: 0.15 | dt: 954.03ms | tok/sec: 8,586 | mfu: 2.90 | epoch: 1 | total time: 7.60m
step 00479 (95.80%) | loss: 2.160678 | lrm: 0.14 | dt: 953.21ms | tok/sec: 8,594 | mfu: 2.90 | epoch: 1 | total time: 7.61m
step 00480 (96.00%) | loss: 2.174466 | lrm: 0.13 | dt: 954.97ms | tok/sec: 8,578 | mfu: 2.89 | epoch: 1 | total time: 7.63m
step 00481 (96.20%) | loss: 2.121639 | lrm: 0.13 | dt: 954.93ms | tok/sec: 8,578 | mfu: 2.89 | epoch: 1 | total time: 7.64m
step 00482 (96.40%) | loss: 2.073559 | lrm: 0.12 | dt: 1076.01ms | tok/sec: 7,613 | mfu: 2.57 | epoch: 1 | total time: 7.66m
step 00483 (96.60%) | loss: 2.113477 | lrm: 0.11 | dt: 956.75ms | tok/sec: 8,562 | mfu: 2.89 | epoch: 1 | total time: 7.68m
step 00484 (96.80%) | loss: 2.103468 | lrm: 0.11 | dt: 957.34ms | tok/sec: 8,557 | mfu: 2.89 | epoch: 1 | total time: 7.69m
step 00485 (97.00%) | loss: 2.083286 | lrm: 0.10 | dt: 952.45ms | tok/sec: 8,600 | mfu: 2.90 | epoch: 1 | total time: 7.71m
step 00486 (97.20%) | loss: 2.067249 | lrm: 0.09 | dt: 949.62ms | tok/sec: 8,626 | mfu: 2.91 | epoch: 1 | total time: 7.73m
step 00487 (97.40%) | loss: 2.068451 | lrm: 0.09 | dt: 945.59ms | tok/sec: 8,663 | mfu: 2.92 | epoch: 1 | total time: 7.74m
step 00488 (97.60%) | loss: 2.066396 | lrm: 0.08 | dt: 1048.66ms | tok/sec: 7,811 | mfu: 2.64 | epoch: 1 | total time: 7.76m
step 00489 (97.80%) | loss: 2.065701 | lrm: 0.07 | dt: 947.97ms | tok/sec: 8,641 | mfu: 2.92 | epoch: 1 | total time: 7.77m
step 00490 (98.00%) | loss: 2.086021 | lrm: 0.07 | dt: 1759.83ms | tok/sec: 4,654 | mfu: 1.57 | epoch: 1 | total time: 7.80m
step 00491 (98.20%) | loss: 2.092115 | lrm: 0.06 | dt: 954.59ms | tok/sec: 8,581 | mfu: 2.90 | epoch: 1 | total time: 7.82m
step 00492 (98.40%) | loss: 2.102471 | lrm: 0.05 | dt: 951.09ms | tok/sec: 8,613 | mfu: 2.91 | epoch: 1 | total time: 7.84m
step 00493 (98.60%) | loss: 2.085487 | lrm: 0.05 | dt: 951.79ms | tok/sec: 8,606 | mfu: 2.90 | epoch: 1 | total time: 7.85m
step 00494 (98.80%) | loss: 2.065455 | lrm: 0.04 | dt: 1073.42ms | tok/sec: 7,631 | mfu: 2.58 | epoch: 1 | total time: 7.87m
step 00495 (99.00%) | loss: 2.076492 | lrm: 0.03 | dt: 717.46ms | tok/sec: 11,418 | mfu: 3.85 | epoch: 1 | total time: 7.88m
step 00496 (99.20%) | loss: 2.066745 | lrm: 0.03 | dt: 952.74ms | tok/sec: 8,598 | mfu: 2.90 | epoch: 1 | total time: 7.90m
step 00497 (99.40%) | loss: 2.106205 | lrm: 0.02 | dt: 957.37ms | tok/sec: 8,556 | mfu: 2.89 | epoch: 1 | total time: 7.91m
step 00498 (99.60%) | loss: 2.111351 | lrm: 0.01 | dt: 951.74ms | tok/sec: 8,607 | mfu: 2.90 | epoch: 1 | total time: 7.93m
step 00499 (99.80%) | loss: 2.107664 | lrm: 0.01 | dt: 953.60ms | tok/sec: 8,590 | mfu: 2.90 | epoch: 1 | total time: 7.94m
step 00500 (100.00%) | loss: 2.082483 | lrm: 0.00 | dt: 953.34ms | tok/sec: 8,592 | mfu: 2.90 | epoch: 1 | total time: 7.96m
Step 00500 | Validation bpb: 0.6470
2026-03-27 20:20:08,922 - nanochat.checkpoint_manager - [32m[1mINFO[0m - Saved model parameters to: /home/sun0115/.cache/nanochat/chatsft_checkpoints/d24_r32_lora_maxoom_2026-03-27_2007_s2048_gc/best/model_000500.pt
2026-03-27 20:20:08,922 - nanochat.checkpoint_manager - [32m[1mINFO[0m - Saved metadata to: /home/sun0115/.cache/nanochat/chatsft_checkpoints/d24_r32_lora_maxoom_2026-03-27_2007_s2048_gc/best/meta_000500.json
Saved best checkpoint at step 500 (val_bpb=0.6470)
Rotated old best checkpoint: step 000250
Saved LoRA adapter weights to /home/sun0115/.cache/nanochat/chatsft_checkpoints/d24_r32_lora_maxoom_2026-03-27_2007_s2048_gc/lora_adapter_000500.pt
Merging LoRA weights into base model for checkpoint...
2026-03-27 20:20:11,837 - nanochat.checkpoint_manager - [32m[1mINFO[0m - Saved model parameters to: /home/sun0115/.cache/nanochat/chatsft_checkpoints/d24_r32_lora_maxoom_2026-03-27_2007_s2048_gc/model_000500.pt
2026-03-27 20:20:11,838 - nanochat.checkpoint_manager - [32m[1mINFO[0m - Saved metadata to: /home/sun0115/.cache/nanochat/chatsft_checkpoints/d24_r32_lora_maxoom_2026-03-27_2007_s2048_gc/meta_000500.json
Peak memory usage: 8032.01MiB
Total training time: 7.96m
Minimum validation bpb: 0.6470
wandb: updating run metadata
wandb: uploading output.log; uploading wandb-summary.json; uploading config.yaml
wandb: uploading history steps 60-60, summary, console lines 554-564
wandb: 
wandb: Run history:
wandb:                 step ▁▁▁▂▂▂▂▂▃▃▃▃▃▃▃▄▄▄▄▄▅▅▅▅▅▅▆▆▆▇▇▇▇▇▇▇████
wandb: total_training_flops ▁▁▁▁▂▂▂▂▂▂▃▃▃▃▃▄▄▄▄▄▅▅▅▅▅▅▆▆▆▆▆▆▇▇▇▇▇▇██
wandb:  total_training_time ▁▁▁▁▂▂▂▂▃▃▃▃▃▃▄▄▄▄▄▅▅▅▅▅▅▆▆▆▆▆▆▆▇▇▇▇▇███
wandb:             train/dt ▄▄▃▁▄▄▄▄█▄▄▄▄▄▂▄▄▄▄▄▂▄▄▄▄▄▄▄▃▄▄▄▄▄▂▄▄▄▄█
wandb:          train/epoch ▁▁▁▁▁▁▁▁▁▁▁▁▁▁▁▁▁▁▁▁▁▁▁▁▁▁▁▁▁▁▁▁▁▁▁▁▁▁▁▁
wandb:           train/loss ▅▅█▆▆▅▅▅▅▅▄▃▅▄▄▁▃▄▄▄▃▄▃▃▃▄▄▃▄▃▃▂▃▃▂▃▂▄▄▃
wandb:            train/lrm ▂▂▃▄▅▆▇▇██████████████████████▇▆▆▅▅▄▃▃▂▁
wandb:            train/mfu ▃▃▃█▃▃▃▃▃▁▃▃▃▃▃▃▃▃▃▃▅▃▃▃▃▃▃▃▄▃▃▃▃▃▅▃▃▃▃▃
wandb:    train/tok_per_sec ▃▃▃█▃▃▃▃▃▁▃▃▃▃▃▃▃▃▃▃▃▅▃▃▃▃▃▃▃▄▅▃▃▃▃▃▃▃▃▁
wandb:              val/bpb █▆▄▃▂▂▂▁▁▁▁
wandb: 
wandb: Run summary:
wandb:                 step 500
wandb: total_training_flops 13669355225088000
wandb:  total_training_time 477.62735
wandb:             train/dt 0.95334
wandb:          train/epoch 1
wandb:           train/loss 2.08248
wandb:            train/lrm 0
wandb:            train/mfu 2.89957
wandb:    train/tok_per_sec 8592
wandb:              val/bpb 0.64698
wandb: 
wandb: 🚀 View run d24_r32_lora_maxoom_2026-03-27_2007_s2048_gc at: https://wandb.ai/sunshines-gmail-com/nanochat-sft/runs/fjjf701n
wandb: ⭐️ View project at: https://wandb.ai/sunshines-gmail-com/nanochat-sft
wandb: Synced 5 W&B file(s), 0 media file(s), 0 artifact file(s) and 0 other file(s)
wandb: Find logs at: ./wandb/run-20260327_200733-fjjf701n/logs
[end] run=d24_r32_lora_maxoom_2026-03-27_2007_s2048_gc rc=0
[eval] label=s2048_gc model_group=d24_r32_lora_maxoom_2026-03-27_2007_s2048_gc/best step=500 val_bpb=0.6469800392847356 max_problems=1000 cat_batch=1
[eval_log] /home/sun0115/nanochat-learn/notes/eval_d24_r32_lora_maxoom_2026-03-27_2007_s2048_gc_confirm.log
model_group=d24_r32_lora_maxoom_2026-03-27_2007_s2048_gc/best
step=500
max_problems=1000
timestamp=2026-03-27_2020
eval_wandb_project=nanochat-eval
eval_wandb_run_prefix=d24_r32_lora_maxoom_2026-03-27_2007_s2048_gc_confirm_s500
skip_pass1=0
skip_pass8=0
skip_mmlu=0
skip_spelling=0
logs:
  pass1: /home/sun0115/nanochat-learn/notes/d24_r32_lora_maxoom_2026-03-27_2007_s2048_gc_best_s500_gsm8k_pass1_1000_2026-03-27_2020.log
  pass8: /home/sun0115/nanochat-learn/notes/d24_r32_lora_maxoom_2026-03-27_2007_s2048_gc_best_s500_gsm8k_pass8_1000_2026-03-27_2020.log
  mmlu: /home/sun0115/nanochat-learn/notes/d24_r32_lora_maxoom_2026-03-27_2007_s2048_gc_best_s500_mmlu_1000_2026-03-27_2020.log
  spellingbee: /home/sun0115/nanochat-learn/notes/d24_r32_lora_maxoom_2026-03-27_2007_s2048_gc_best_s500_spellingbee_1000_2026-03-27_2020.log

2026-03-27 20:20:16,025 - nanochat.common - [32m[1mINFO[0m - Distributed world size: 1
wandb: [wandb.login()] Loaded credentials for https://api.wandb.ai from /home/sun0115/.netrc.
wandb: Currently logged in as: sunshines (sunshines-gmail-com) to https://api.wandb.ai. Use `wandb login --relogin` to force relogin
wandb: setting up run qaqmxmqa
wandb: Tracking run with wandb version 0.24.2
wandb: Run data is saved locally in /home/sun0115/nanochat-learn/nanochat/wandb/run-20260327_202016-qaqmxmqa
wandb: Run `wandb offline` to turn off syncing.
wandb: Syncing run d24_r32_lora_maxoom_2026-03-27_2007_s2048_gc_confirm_s500_gsm8k_pass8
wandb: ⭐️ View project at https://wandb.ai/sunshines-gmail-com/nanochat-eval
wandb: 🚀 View run at https://wandb.ai/sunshines-gmail-com/nanochat-eval/runs/qaqmxmqa
2026-03-27 20:20:17,533 - nanochat.checkpoint_manager - [32m[1mINFO[0m - Loading model from /home/sun0115/.cache/nanochat/chatsft_checkpoints/d24_r32_lora_maxoom_2026-03-27_2007_s2048_gc/best with step 500
2026-03-27 20:20:18,499 - nanochat.checkpoint_manager - [32m[1mINFO[0m - Building model with config: {'sequence_len': 2048, 'vocab_size': 32768, 'n_layer': 24, 'n_head': 9, 'n_kv_head': 9, 'n_embd': 1152, 'window_pattern': 'L'}
[KRank 0 | 0/1 (0.00%)[KRank 0 | 0/2 (0.00%)[KRank 0 | 0/3 (0.00%)[KRank 0 | 0/4 (0.00%)[KRank 0 | 0/5 (0.00%)[KRank 0 | 0/6 (0.00%)[KRank 0 | 0/7 (0.00%)[KRank 0 | 0/8 (0.00%)[KRank 0 | 0/9 (0.00%)[KRank 0 | 0/10 (0.00%)[KRank 0 | 0/11 (0.00%)[KRank 0 | 0/12 (0.00%)[KRank 0 | 0/13 (0.00%)[KRank 0 | 0/14 (0.00%)[KRank 0 | 0/15 (0.00%)[KRank 0 | 0/16 (0.00%)[KRank 0 | 0/17 (0.00%)[KRank 0 | 0/18 (0.00%)[KRank 0 | 0/19 (0.00%)[KRank 0 | 0/20 (0.00%)[KRank 0 | 0/21 (0.00%)[KRank 0 | 0/22 (0.00%)[KRank 0 | 0/23 (0.00%)[KRank 0 | 0/24 (0.00%)[KRank 0 | 0/25 (0.00%)[KRank 0 | 0/26 (0.00%)[KRank 0 | 0/27 (0.00%)[KRank 0 | 0/28 (0.00%)[KRank 0 | 0/29 (0.00%)[KRank 0 | 0/30 (0.00%)[KRank 0 | 0/31 (0.00%)[KRank 0 | 0/32 (0.00%)[KRank 0 | 0/33 (0.00%)[KRank 0 | 0/34 (0.00%)[KRank 0 | 0/35 (0.00%)[KRank 0 | 0/36 (0.00%)[KRank 0 | 0/37 (0.00%)[KRank 0 | 0/38 (0.00%)[KRank 0 | 0/39 (0.00%)[KRank 0 | 0/40 (0.00%)[KRank 0 | 0/41 (0.00%)[KRank 0 | 0/42 (0.00%)[KRank 0 | 0/43 (0.00%)[KRank 0 | 0/44 (0.00%)[KRank 0 | 0/45 (0.00%)[KRank 0 | 0/46 (0.00%)[KRank 0 | 0/47 (0.00%)[KRank 0 | 0/48 (0.00%)[KRank 0 | 0/49 (0.00%)[KRank 0 | 0/50 (0.00%)[KRank 0 | 0/51 (0.00%)[KRank 0 | 0/52 (0.00%)[KRank 0 | 0/53 (0.00%)[KRank 0 | 0/54 (0.00%)[KRank 0 | 0/55 (0.00%)[KRank 0 | 0/56 (0.00%)[KRank 0 | 0/57 (0.00%)[KRank 0 | 0/58 (0.00%)[KRank 0 | 0/59 (0.00%)[KRank 0 | 0/60 (0.00%)[KRank 0 | 0/61 (0.00%)[KRank 0 | 0/62 (0.00%)[KRank 0 | 0/63 (0.00%)[KRank 0 | 0/64 (0.00%)[KRank 0 | 0/65 (0.00%)[KRank 0 | 0/66 (0.00%)[KRank 0 | 0/67 (0.00%)[KRank 0 | 0/68 (0.00%)[KRank 0 | 0/69 (0.00%)[KRank 0 | 0/70 (0.00%)[KRank 0 | 0/71 (0.00%)[KRank 0 | 0/72 (0.00%)[KRank 0 | 0/73 (0.00%)[KRank 0 | 0/74 (0.00%)[KRank 0 | 0/75 (0.00%)[KRank 0 | 0/76 (0.00%)[KRank 0 | 0/77 (0.00%)[KRank 0 | 0/78 (0.00%)[KRank 0 | 0/79 (0.00%)[KRank 0 | 0/80 (0.00%)[KRank 0 | 0/81 (0.00%)[KRank 0 | 0/82 (0.00%)[KRank 0 | 0/83 (0.00%)[KRank 0 | 0/84 (0.00%)[KRank 0 | 0/85 (0.00%)[KRank 0 | 0/86 (0.00%)[KRank 0 | 0/87 (0.00%)[KRank 0 | 0/88 (0.00%)[KRank 0 | 0/89 (0.00%)[KRank 0 | 0/90 (0.00%)[KRank 0 | 0/91 (0.00%)[KRank 0 | 0/92 (0.00%)[KRank 0 | 0/93 (0.00%)[KRank 0 | 0/94 (0.00%)[KRank 0 | 0/95 (0.00%)[KRank 0 | 0/96 (0.00%)[KRank 0 | 0/97 (0.00%)[KRank 0 | 0/98 (0.00%)[KRank 0 | 0/99 (0.00%)[KRank 0 | 0/100 (0.00%)[KRank 0 | 0/101 (0.00%)[KRank 0 | 0/102 (0.00%)[KRank 0 | 0/103 (0.00%)[KRank 0 | 0/104 (0.00%)[KRank 0 | 0/105 (0.00%)[KRank 0 | 0/106 (0.00%)[KRank 0 | 0/107 (0.00%)[KRank 0 | 0/108 (0.00%)[KRank 0 | 0/109 (0.00%)[KRank 0 | 0/110 (0.00%)[KRank 0 | 0/111 (0.00%)[KRank 0 | 0/112 (0.00%)[KRank 0 | 0/113 (0.00%)[KRank 0 | 0/114 (0.00%)[KRank 0 | 0/115 (0.00%)[KRank 0 | 0/116 (0.00%)[KRank 0 | 0/117 (0.00%)[KRank 0 | 0/118 (0.00%)[KRank 0 | 0/119 (0.00%)[KRank 0 | 0/120 (0.00%)[KRank 0 | 0/121 (0.00%)[KRank 0 | 0/122 (0.00%)[KRank 0 | 0/123 (0.00%)[KRank 0 | 0/124 (0.00%)[KRank 0 | 0/125 (0.00%)[KRank 0 | 0/126 (0.00%)[KRank 0 | 0/127 (0.00%)[KRank 0 | 0/128 (0.00%)[KRank 0 | 0/129 (0.00%)[KRank 0 | 0/130 (0.00%)[KRank 0 | 0/131 (0.00%)[KRank 0 | 0/132 (0.00%)[KRank 0 | 0/133 (0.00%)[KRank 0 | 0/134 (0.00%)[KRank 0 | 0/135 (0.00%)[KRank 0 | 0/136 (0.00%)[KRank 0 | 0/137 (0.00%)[KRank 0 | 0/138 (0.00%)[KRank 0 | 0/139 (0.00%)[KRank 0 | 0/140 (0.00%)[KRank 0 | 0/141 (0.00%)[KRank 0 | 0/142 (0.00%)[KRank 0 | 0/143 (0.00%)[KRank 0 | 0/144 (0.00%)[KRank 0 | 0/145 (0.00%)[KRank 0 | 0/146 (0.00%)[KRank 0 | 0/147 (0.00%)[KRank 0 | 0/148 (0.00%)[KRank 0 | 0/149 (0.00%)[KRank 0 | 0/150 (0.00%)[KRank 0 | 0/151 (0.00%)[KRank 0 | 0/152 (0.00%)[KRank 0 | 0/153 (0.00%)[KRank 0 | 0/154 (0.00%)[KRank 0 | 0/155 (0.00%)[KRank 0 | 0/156 (0.00%)[KRank 0 | 0/157 (0.00%)[KRank 0 | 0/158 (0.00%)[KRank 0 | 0/159 (0.00%)[KRank 0 | 0/160 (0.00%)[KRank 0 | 0/161 (0.00%)[KRank 0 | 0/162 (0.00%)[KRank 0 | 0/163 (0.00%)[KRank 0 | 0/164 (0.00%)[KRank 0 | 0/165 (0.00%)[KRank 0 | 0/166 (0.00%)[KRank 0 | 0/167 (0.00%)[KRank 0 | 0/168 (0.00%)[KRank 0 | 0/169 (0.00%)[KRank 0 | 0/170 (0.00%)[KRank 0 | 0/171 (0.00%)[KRank 0 | 0/172 (0.00%)[KRank 0 | 0/173 (0.00%)[KRank 0 | 0/174 (0.00%)[KRank 0 | 0/175 (0.00%)[KRank 0 | 0/176 (0.00%)[KRank 0 | 0/177 (0.00%)[KRank 0 | 0/178 (0.00%)[KRank 0 | 0/179 (0.00%)[KRank 0 | 0/180 (0.00%)[KRank 0 | 0/181 (0.00%)[KRank 0 | 0/182 (0.00%)[KRank 0 | 0/183 (0.00%)[KRank 0 | 0/184 (0.00%)[KRank 0 | 0/185 (0.00%)[KRank 0 | 0/186 (0.00%)[KRank 0 | 0/187 (0.00%)[KRank 0 | 0/188 (0.00%)[KRank 0 | 0/189 (0.00%)[KRank 0 | 0/190 (0.00%)[KRank 0 | 0/191 (0.00%)[KRank 0 | 0/192 (0.00%)[KRank 0 | 0/193 (0.00%)[KRank 0 | 0/194 (0.00%)[KRank 0 | 0/195 (0.00%)[KRank 0 | 0/196 (0.00%)[KRank 0 | 0/197 (0.00%)[KRank 0 | 0/198 (0.00%)[KRank 0 | 0/199 (0.00%)[KRank 0 | 0/200 (0.00%)[KRank 0 | 0/201 (0.00%)[KRank 0 | 0/202 (0.00%)[KRank 0 | 0/203 (0.00%)[KRank 0 | 0/204 (0.00%)[KRank 0 | 0/205 (0.00%)[KRank 0 | 0/206 (0.00%)[KRank 0 | 0/207 (0.00%)[KRank 0 | 0/208 (0.00%)[KRank 0 | 0/209 (0.00%)[KRank 0 | 0/210 (0.00%)[KRank 0 | 0/211 (0.00%)[KRank 0 | 0/212 (0.00%)[KRank 0 | 0/213 (0.00%)[KRank 0 | 0/214 (0.00%)[KRank 0 | 0/215 (0.00%)[KRank 0 | 0/216 (0.00%)[KRank 0 | 0/217 (0.00%)[KRank 0 | 0/218 (0.00%)[KRank 0 | 0/219 (0.00%)[KRank 0 | 0/220 (0.00%)[KRank 0 | 0/221 (0.00%)[KRank 0 | 0/222 (0.00%)[KRank 0 | 0/223 (0.00%)[KRank 0 | 0/224 (0.00%)[KRank 0 | 0/225 (0.00%)[KRank 0 | 0/226 (0.00%)[KRank 0 | 0/227 (0.00%)[KRank 0 | 0/228 (0.00%)[KRank 0 | 0/229 (0.00%)[KRank 0 | 0/230 (0.00%)[KRank 0 | 0/231 (0.00%)[KRank 0 | 0/232 (0.00%)[KRank 0 | 0/233 (0.00%)[KRank 0 | 0/234 (0.00%)[KRank 0 | 0/235 (0.00%)[KRank 0 | 0/236 (0.00%)[KRank 0 | 0/237 (0.00%)[KRank 0 | 0/238 (0.00%)[KRank 0 | 0/239 (0.00%)[KRank 0 | 0/240 (0.00%)[KRank 0 | 0/241 (0.00%)[KRank 0 | 0/242 (0.00%)[KRank 0 | 0/243 (0.00%)[KRank 0 | 0/244 (0.00%)[KRank 0 | 0/245 (0.00%)[KRank 0 | 0/246 (0.00%)[KRank 0 | 0/247 (0.00%)[KRank 0 | 0/248 (0.00%)[KRank 0 | 0/249 (0.00%)[KRank 0 | 0/250 (0.00%)[KRank 0 | 0/251 (0.00%)[KRank 0 | 0/252 (0.00%)[KRank 0 | 0/253 (0.00%)[KRank 0 | 0/254 (0.00%)[KRank 0 | 0/255 (0.00%)[KRank 0 | 0/256 (0.00%)[KRank 0 | 0/257 (0.00%)[KRank 0 | 0/258 (0.00%)[KRank 0 | 0/259 (0.00%)[KRank 0 | 0/260 (0.00%)[KRank 0 | 0/261 (0.00%)[KRank 0 | 0/262 (0.00%)[KRank 0 | 0/263 (0.00%)[KRank 0 | 0/264 (0.00%)[KRank 0 | 0/265 (0.00%)[KRank 0 | 0/266 (0.00%)[KRank 0 | 0/267 (0.00%)[KRank 0 | 0/268 (0.00%)[KRank 0 | 0/269 (0.00%)[KRank 0 | 0/270 (0.00%)[KRank 0 | 0/271 (0.00%)[KRank 0 | 0/272 (0.00%)[KRank 0 | 0/273 (0.00%)[KRank 0 | 0/274 (0.00%)[KRank 0 | 0/275 (0.00%)[KRank 0 | 0/276 (0.00%)[KRank 0 | 0/277 (0.00%)[KRank 0 | 0/278 (0.00%)[KRank 0 | 0/279 (0.00%)[KRank 0 | 0/280 (0.00%)[KRank 0 | 0/281 (0.00%)[KRank 0 | 0/282 (0.00%)[KRank 0 | 0/283 (0.00%)[KRank 0 | 0/284 (0.00%)[KRank 0 | 0/285 (0.00%)[KRank 0 | 0/286 (0.00%)[KRank 0 | 0/287 (0.00%)[KRank 0 | 0/288 (0.00%)[KRank 0 | 0/289 (0.00%)[KRank 0 | 0/290 (0.00%)[KRank 0 | 0/291 (0.00%)[KRank 0 | 0/292 (0.00%)[KRank 0 | 0/293 (0.00%)[KRank 0 | 0/294 (0.00%)[KRank 0 | 0/295 (0.00%)[KRank 0 | 0/296 (0.00%)[KRank 0 | 0/297 (0.00%)[KRank 0 | 0/298 (0.00%)[KRank 0 | 0/299 (0.00%)[KRank 0 | 0/300 (0.00%)[KRank 0 | 0/301 (0.00%)[KRank 0 | 0/302 (0.00%)[KRank 0 | 0/303 (0.00%)[KRank 0 | 0/304 (0.00%)[KRank 0 | 0/305 (0.00%)[KRank 0 | 0/306 (0.00%)[KRank 0 | 0/307 (0.00%)[KRank 0 | 0/308 (0.00%)[KRank 0 | 0/309 (0.00%)[KRank 0 | 0/310 (0.00%)[KRank 0 | 0/311 (0.00%)[KRank 0 | 0/312 (0.00%)[KRank 0 | 0/313 (0.00%)[KRank 0 | 0/314 (0.00%)[KRank 0 | 0/315 (0.00%)[KRank 0 | 0/316 (0.00%)[KRank 0 | 0/317 (0.00%)[KRank 0 | 0/318 (0.00%)[KRank 0 | 0/319 (0.00%)[KRank 0 | 0/320 (0.00%)[KRank 0 | 0/321 (0.00%)[KRank 0 | 0/322 (0.00%)[KRank 0 | 0/323 (0.00%)[KRank 0 | 0/324 (0.00%)[KRank 0 | 0/325 (0.00%)[KRank 0 | 0/326 (0.00%)[KRank 0 | 0/327 (0.00%)[KRank 0 | 0/328 (0.00%)[KRank 0 | 0/329 (0.00%)[KRank 0 | 0/330 (0.00%)[KRank 0 | 0/331 (0.00%)[KRank 0 | 0/332 (0.00%)[KRank 0 | 0/333 (0.00%)[KRank 0 | 0/334 (0.00%)[KRank 0 | 0/335 (0.00%)[KRank 0 | 0/336 (0.00%)[KRank 0 | 0/337 (0.00%)[KRank 0 | 0/338 (0.00%)[KRank 0 | 0/339 (0.00%)[KRank 0 | 0/340 (0.00%)[KRank 0 | 0/341 (0.00%)[KRank 0 | 0/342 (0.00%)[KRank 0 | 0/343 (0.00%)[KRank 0 | 0/344 (0.00%)[KRank 0 | 0/345 (0.00%)[KRank 0 | 0/346 (0.00%)[KRank 0 | 0/347 (0.00%)[KRank 0 | 0/348 (0.00%)[KRank 0 | 0/349 (0.00%)[KRank 0 | 0/350 (0.00%)[KRank 0 | 0/351 (0.00%)[KRank 0 | 0/352 (0.00%)[KRank 0 | 0/353 (0.00%)[KRank 0 | 0/354 (0.00%)[KRank 0 | 0/355 (0.00%)[KRank 0 | 0/356 (0.00%)[KRank 0 | 0/357 (0.00%)[KRank 0 | 0/358 (0.00%)[KRank 0 | 0/359 (0.00%)[KRank 0 | 0/360 (0.00%)[KRank 0 | 0/361 (0.00%)[KRank 0 | 0/362 (0.00%)[KRank 0 | 0/363 (0.00%)[KRank 0 | 0/364 (0.00%)[KRank 0 | 0/365 (0.00%)[KRank 0 | 0/366 (0.00%)[KRank 0 | 0/367 (0.00%)[KRank 0 | 0/368 (0.00%)[KRank 0 | 0/369 (0.00%)[KRank 0 | 0/370 (0.00%)[KRank 0 | 0/371 (0.00%)[KRank 0 | 0/372 (0.00%)[KRank 0 | 0/373 (0.00%)[KRank 0 | 0/374 (0.00%)[KRank 0 | 0/375 (0.00%)[KRank 0 | 0/376 (0.00%)[KRank 0 | 0/377 (0.00%)[KRank 0 | 0/378 (0.00%)[KRank 0 | 0/379 (0.00%)[KRank 0 | 0/380 (0.00%)[KRank 0 | 0/381 (0.00%)[KRank 0 | 0/382 (0.00%)[KRank 0 | 0/383 (0.00%)[KRank 0 | 0/384 (0.00%)[KRank 0 | 0/385 (0.00%)[KRank 0 | 0/386 (0.00%)[KRank 0 | 0/387 (0.00%)[KRank 0 | 0/388 (0.00%)[KRank 0 | 0/389 (0.00%)[KRank 0 | 0/390 (0.00%)[KRank 0 | 0/391 (0.00%)[KRank 0 | 0/392 (0.00%)[KRank 0 | 0/393 (0.00%)[KRank 0 | 0/394 (0.00%)[KRank 0 | 0/395 (0.00%)[KRank 0 | 0/396 (0.00%)[KRank 0 | 0/397 (0.00%)[KRank 0 | 0/398 (0.00%)[KRank 0 | 0/399 (0.00%)[KRank 0 | 0/400 (0.00%)[KRank 0 | 0/401 (0.00%)[KRank 0 | 0/402 (0.00%)[KRank 0 | 0/403 (0.00%)[KRank 0 | 0/404 (0.00%)[KRank 0 | 0/405 (0.00%)[KRank 0 | 0/406 (0.00%)[KRank 0 | 0/407 (0.00%)[KRank 0 | 0/408 (0.00%)[KRank 0 | 0/409 (0.00%)[KRank 0 | 0/410 (0.00%)[KRank 0 | 0/411 (0.00%)[KRank 0 | 0/412 (0.00%)[KRank 0 | 0/413 (0.00%)[KRank 0 | 0/414 (0.00%)[KRank 0 | 0/415 (0.00%)[KRank 0 | 0/416 (0.00%)[KRank 0 | 0/417 (0.00%)[KRank 0 | 0/418 (0.00%)[KRank 0 | 0/419 (0.00%)[KRank 0 | 0/420 (0.00%)[KRank 0 | 0/421 (0.00%)[KRank 0 | 0/422 (0.00%)[KRank 0 | 0/423 (0.00%)[KRank 0 | 0/424 (0.00%)[KRank 0 | 0/425 (0.00%)[KRank 0 | 0/426 (0.00%)[KRank 0 | 0/427 (0.00%)[KRank 0 | 0/428 (0.00%)[KRank 0 | 0/429 (0.00%)[KRank 0 | 0/430 (0.00%)[KRank 0 | 0/431 (0.00%)[KRank 0 | 0/432 (0.00%)[KRank 0 | 0/433 (0.00%)[KRank 0 | 0/434 (0.00%)[KRank 0 | 0/435 (0.00%)[KRank 0 | 0/436 (0.00%)[KRank 0 | 0/437 (0.00%)[KRank 0 | 0/438 (0.00%)[KRank 0 | 0/439 (0.00%)[KRank 0 | 0/440 (0.00%)[KRank 0 | 0/441 (0.00%)[KRank 0 | 0/442 (0.00%)[KRank 0 | 0/443 (0.00%)[KRank 0 | 0/444 (0.00%)[KRank 0 | 0/445 (0.00%)[KRank 0 | 0/446 (0.00%)[KRank 0 | 0/447 (0.00%)[KRank 0 | 0/448 (0.00%)[KRank 0 | 0/449 (0.00%)[KRank 0 | 0/450 (0.00%)[KRank 0 | 0/451 (0.00%)[KRank 0 | 0/452 (0.00%)[KRank 0 | 0/453 (0.00%)[KRank 0 | 0/454 (0.00%)[KRank 0 | 0/455 (0.00%)[KRank 0 | 0/456 (0.00%)[KRank 0 | 0/457 (0.00%)[KRank 0 | 0/458 (0.00%)[KRank 0 | 0/459 (0.00%)[KRank 0 | 0/460 (0.00%)[KRank 0 | 0/461 (0.00%)[KRank 0 | 0/462 (0.00%)[KRank 0 | 0/463 (0.00%)[KRank 0 | 0/464 (0.00%)[KRank 0 | 0/465 (0.00%)[KRank 0 | 0/466 (0.00%)[KRank 0 | 0/467 (0.00%)[KRank 0 | 0/468 (0.00%)[KRank 0 | 0/469 (0.00%)[KRank 0 | 0/470 (0.00%)[KRank 0 | 0/471 (0.00%)[KRank 0 | 0/472 (0.00%)[KRank 0 | 0/473 (0.00%)[KRank 0 | 0/474 (0.00%)[KRank 0 | 0/475 (0.00%)[KRank 0 | 0/476 (0.00%)[KRank 0 | 0/477 (0.00%)[KRank 0 | 0/478 (0.00%)[KRank 0 | 0/479 (0.00%)[KRank 0 | 0/480 (0.00%)[KRank 0 | 0/481 (0.00%)[KRank 0 | 0/482 (0.00%)[KRank 0 | 0/483 (0.00%)[KRank 0 | 0/484 (0.00%)[KRank 0 | 0/485 (0.00%)[KRank 0 | 0/486 (0.00%)[KRank 0 | 0/487 (0.00%)[KRank 0 | 0/488 (0.00%)[KRank 0 | 0/489 (0.00%)[KRank 0 | 0/490 (0.00%)[KRank 0 | 0/491 (0.00%)[KRank 0 | 0/492 (0.00%)[KRank 0 | 0/493 (0.00%)[KRank 0 | 0/494 (0.00%)[KRank 0 | 0/495 (0.00%)[KRank 0 | 0/496 (0.00%)[KRank 0 | 0/497 (0.00%)[KRank 0 | 0/498 (0.00%)[KRank 0 | 0/499 (0.00%)[KRank 0 | 0/500 (0.00%)[KRank 0 | 0/501 (0.00%)[KRank 0 | 0/502 (0.00%)[KRank 0 | 0/503 (0.00%)[KRank 0 | 0/504 (0.00%)[KRank 0 | 0/505 (0.00%)[KRank 0 | 0/506 (0.00%)[KRank 0 | 0/507 (0.00%)[KRank 0 | 0/508 (0.00%)[KRank 0 | 0/509 (0.00%)[KRank 0 | 0/510 (0.00%)[KRank 0 | 0/511 (0.00%)[KRank 0 | 0/512 (0.00%)[KRank 0 | 0/513 (0.00%)[KRank 0 | 0/514 (0.00%)[KRank 0 | 0/515 (0.00%)[KRank 0 | 0/516 (0.00%)[KRank 0 | 0/517 (0.00%)[KRank 0 | 0/518 (0.00%)[KRank 0 | 0/519 (0.00%)[KRank 0 | 0/520 (0.00%)[KRank 0 | 0/521 (0.00%)[KRank 0 | 0/522 (0.00%)[KRank 0 | 0/523 (0.00%)[KRank 0 | 0/524 (0.00%)[KRank 0 | 0/525 (0.00%)[KRank 0 | 0/526 (0.00%)[KRank 0 | 0/527 (0.00%)[KRank 0 | 0/528 (0.00%)[KRank 0 | 0/529 (0.00%)[KRank 0 | 0/530 (0.00%)[KRank 0 | 0/531 (0.00%)[KRank 0 | 0/532 (0.00%)[KRank 0 | 0/533 (0.00%)[KRank 0 | 0/534 (0.00%)[KRank 0 | 0/535 (0.00%)[KRank 0 | 0/536 (0.00%)[KRank 0 | 0/537 (0.00%)[KRank 0 | 0/538 (0.00%)[KRank 0 | 0/539 (0.00%)[KRank 0 | 0/540 (0.00%)[KRank 0 | 0/541 (0.00%)[KRank 0 | 0/542 (0.00%)[KRank 0 | 0/543 (0.00%)[KRank 0 | 0/544 (0.00%)[KRank 0 | 0/545 (0.00%)[KRank 0 | 0/546 (0.00%)[KRank 0 | 0/547 (0.00%)[KRank 0 | 0/548 (0.00%)[KRank 0 | 0/549 (0.00%)[KRank 0 | 0/550 (0.00%)[KRank 0 | 0/551 (0.00%)[KRank 0 | 0/552 (0.00%)[KRank 0 | 0/553 (0.00%)[KRank 0 | 0/554 (0.00%)[KRank 0 | 0/555 (0.00%)[KRank 0 | 0/556 (0.00%)[KRank 0 | 0/557 (0.00%)[KRank 0 | 0/558 (0.00%)[KRank 0 | 0/559 (0.00%)[KRank 0 | 0/560 (0.00%)[KRank 0 | 0/561 (0.00%)[KRank 0 | 0/562 (0.00%)[KRank 0 | 0/563 (0.00%)[KRank 0 | 0/564 (0.00%)[KRank 0 | 0/565 (0.00%)[KRank 0 | 0/566 (0.00%)[KRank 0 | 0/567 (0.00%)[KRank 0 | 0/568 (0.00%)[KRank 0 | 0/569 (0.00%)[KRank 0 | 0/570 (0.00%)[KRank 0 | 0/571 (0.00%)[KRank 0 | 0/572 (0.00%)[KRank 0 | 0/573 (0.00%)[KRank 0 | 0/574 (0.00%)[KRank 0 | 0/575 (0.00%)[KRank 0 | 0/576 (0.00%)[KRank 0 | 0/577 (0.00%)[KRank 0 | 0/578 (0.00%)[KRank 0 | 0/579 (0.00%)[KRank 0 | 0/580 (0.00%)[KRank 0 | 0/581 (0.00%)[KRank 0 | 0/582 (0.00%)[KRank 0 | 0/583 (0.00%)[KRank 0 | 0/584 (0.00%)[KRank 0 | 0/585 (0.00%)[KRank 0 | 0/586 (0.00%)[KRank 0 | 0/587 (0.00%)[KRank 0 | 0/588 (0.00%)[KRank 0 | 0/589 (0.00%)[KRank 0 | 0/590 (0.00%)[KRank 0 | 0/591 (0.00%)[KRank 0 | 0/592 (0.00%)[KRank 0 | 0/593 (0.00%)[KRank 0 | 0/594 (0.00%)[KRank 0 | 0/595 (0.00%)[KRank 0 | 0/596 (0.00%)[KRank 0 | 0/597 (0.00%)[KRank 0 | 0/598 (0.00%)[KRank 0 | 0/599 (0.00%)[KRank 0 | 0/600 (0.00%)[KRank 0 | 0/601 (0.00%)[KRank 0 | 0/602 (0.00%)[KRank 0 | 0/603 (0.00%)[KRank 0 | 0/604 (0.00%)[KRank 0 | 0/605 (0.00%)[KRank 0 | 0/606 (0.00%)[KRank 0 | 0/607 (0.00%)[KRank 0 | 0/608 (0.00%)[KRank 0 | 0/609 (0.00%)[KRank 0 | 0/610 (0.00%)[KRank 0 | 0/611 (0.00%)[KRank 0 | 0/612 (0.00%)[KRank 0 | 0/613 (0.00%)[KRank 0 | 0/614 (0.00%)[KRank 0 | 0/615 (0.00%)[KRank 0 | 0/616 (0.00%)[KRank 0 | 0/617 (0.00%)[KRank 0 | 0/618 (0.00%)[KRank 0 | 0/619 (0.00%)[KRank 0 | 0/620 (0.00%)[KRank 0 | 0/621 (0.00%)[KRank 0 | 0/622 (0.00%)[KRank 0 | 0/623 (0.00%)[KRank 0 | 0/624 (0.00%)[KRank 0 | 0/625 (0.00%)[KRank 0 | 0/626 (0.00%)[KRank 0 | 0/627 (0.00%)[KRank 0 | 0/628 (0.00%)[KRank 0 | 0/629 (0.00%)[KRank 0 | 0/630 (0.00%)[KRank 0 | 0/631 (0.00%)[KRank 0 | 0/632 (0.00%)[KRank 0 | 0/633 (0.00%)[KRank 0 | 0/634 (0.00%)[KRank 0 | 0/635 (0.00%)[KRank 0 | 0/636 (0.00%)[KRank 0 | 0/637 (0.00%)[KRank 0 | 0/638 (0.00%)[KRank 0 | 0/639 (0.00%)[KRank 0 | 0/640 (0.00%)[KRank 0 | 0/641 (0.00%)[KRank 0 | 0/642 (0.00%)[KRank 0 | 0/643 (0.00%)[KRank 0 | 0/644 (0.00%)[KRank 0 | 0/645 (0.00%)[KRank 0 | 0/646 (0.00%)[KRank 0 | 0/647 (0.00%)[KRank 0 | 0/648 (0.00%)[KRank 0 | 0/649 (0.00%)[KRank 0 | 0/650 (0.00%)[KRank 0 | 0/651 (0.00%)[KRank 0 | 0/652 (0.00%)[KRank 0 | 0/653 (0.00%)[KRank 0 | 0/654 (0.00%)[KRank 0 | 0/655 (0.00%)[KRank 0 | 0/656 (0.00%)[KRank 0 | 0/657 (0.00%)[KRank 0 | 0/658 (0.00%)[KRank 0 | 0/659 (0.00%)[KRank 0 | 0/660 (0.00%)[KRank 0 | 0/661 (0.00%)[KRank 0 | 0/662 (0.00%)[KRank 0 | 0/663 (0.00%)[KRank 0 | 0/664 (0.00%)[KRank 0 | 0/665 (0.00%)[KRank 0 | 0/666 (0.00%)[KRank 0 | 0/667 (0.00%)[KRank 0 | 0/668 (0.00%)[KRank 0 | 0/669 (0.00%)[KRank 0 | 0/670 (0.00%)[KRank 0 | 0/671 (0.00%)[KRank 0 | 0/672 (0.00%)[KRank 0 | 0/673 (0.00%)[KRank 0 | 0/674 (0.00%)[KRank 0 | 0/675 (0.00%)[KRank 0 | 0/676 (0.00%)[KRank 0 | 0/677 (0.00%)[KRank 0 | 0/678 (0.00%)[KRank 0 | 0/679 (0.00%)[KRank 0 | 0/680 (0.00%)[KRank 0 | 0/681 (0.00%)[KRank 0 | 0/682 (0.00%)[KRank 0 | 0/683 (0.00%)[KRank 0 | 0/684 (0.00%)[KRank 0 | 0/685 (0.00%)[KRank 0 | 0/686 (0.00%)[KRank 0 | 0/687 (0.00%)[KRank 0 | 0/688 (0.00%)[KRank 0 | 0/689 (0.00%)[KRank 0 | 0/690 (0.00%)[KRank 0 | 0/691 (0.00%)[KRank 0 | 0/692 (0.00%)[KRank 0 | 0/693 (0.00%)[KRank 0 | 0/694 (0.00%)[KRank 0 | 0/695 (0.00%)[KRank 0 | 0/696 (0.00%)[KRank 0 | 0/697 (0.00%)[KRank 0 | 0/698 (0.00%)[KRank 0 | 0/699 (0.00%)[KRank 0 | 0/700 (0.00%)[KRank 0 | 0/701 (0.00%)[KRank 0 | 0/702 (0.00%)[KRank 0 | 0/703 (0.00%)[KRank 0 | 0/704 (0.00%)[KRank 0 | 0/705 (0.00%)[KRank 0 | 0/706 (0.00%)[KRank 0 | 0/707 (0.00%)[KRank 0 | 0/708 (0.00%)[KRank 0 | 0/709 (0.00%)[KRank 0 | 0/710 (0.00%)[KRank 0 | 0/711 (0.00%)[KRank 0 | 0/712 (0.00%)[KRank 0 | 0/713 (0.00%)[KRank 0 | 0/714 (0.00%)[KRank 0 | 0/715 (0.00%)[KRank 0 | 0/716 (0.00%)[KRank 0 | 0/717 (0.00%)[KRank 0 | 0/718 (0.00%)[KRank 0 | 0/719 (0.00%)[KRank 0 | 0/720 (0.00%)[KRank 0 | 0/721 (0.00%)[KRank 0 | 0/722 (0.00%)[KRank 0 | 0/723 (0.00%)[KRank 0 | 0/724 (0.00%)[KRank 0 | 0/725 (0.00%)[KRank 0 | 0/726 (0.00%)[KRank 0 | 0/727 (0.00%)[KRank 0 | 0/728 (0.00%)[KRank 0 | 0/729 (0.00%)[KRank 0 | 0/730 (0.00%)[KRank 0 | 0/731 (0.00%)[KRank 0 | 0/732 (0.00%)[KRank 0 | 0/733 (0.00%)[KRank 0 | 0/734 (0.00%)[KRank 0 | 0/735 (0.00%)[KRank 0 | 0/736 (0.00%)[KRank 0 | 0/737 (0.00%)[KRank 0 | 0/738 (0.00%)[KRank 0 | 0/739 (0.00%)[KRank 0 | 0/740 (0.00%)[KRank 0 | 0/741 (0.00%)[KRank 0 | 0/742 (0.00%)[KRank 0 | 0/743 (0.00%)[KRank 0 | 0/744 (0.00%)[KRank 0 | 0/745 (0.00%)[KRank 0 | 0/746 (0.00%)[KRank 0 | 0/747 (0.00%)[KRank 0 | 0/748 (0.00%)[KRank 0 | 0/749 (0.00%)[KRank 0 | 0/750 (0.00%)[KRank 0 | 0/751 (0.00%)[KRank 0 | 0/752 (0.00%)[KRank 0 | 0/753 (0.00%)[KRank 0 | 0/754 (0.00%)[KRank 0 | 0/755 (0.00%)[KRank 0 | 0/756 (0.00%)[KRank 0 | 0/757 (0.00%)[KRank 0 | 0/758 (0.00%)[KRank 0 | 0/759 (0.00%)[KRank 0 | 0/760 (0.00%)[KRank 0 | 0/761 (0.00%)[KRank 0 | 0/762 (0.00%)[KRank 0 | 0/763 (0.00%)[KRank 0 | 0/764 (0.00%)[KRank 0 | 0/765 (0.00%)[KRank 0 | 0/766 (0.00%)[KRank 0 | 0/767 (0.00%)[KRank 0 | 0/768 (0.00%)[KRank 0 | 0/769 (0.00%)[KRank 0 | 0/770 (0.00%)[KRank 0 | 0/771 (0.00%)[KRank 0 | 0/772 (0.00%)[KRank 0 | 0/773 (0.00%)[KRank 0 | 0/774 (0.00%)[KRank 0 | 0/775 (0.00%)[KRank 0 | 0/776 (0.00%)[KRank 0 | 0/777 (0.00%)[KRank 0 | 0/778 (0.00%)[KRank 0 | 0/779 (0.00%)[KRank 0 | 0/780 (0.00%)[KRank 0 | 0/781 (0.00%)[KRank 0 | 0/782 (0.00%)[KRank 0 | 0/783 (0.00%)[KRank 0 | 0/784 (0.00%)[KRank 0 | 0/785 (0.00%)[KRank 0 | 0/786 (0.00%)[KRank 0 | 0/787 (0.00%)[KRank 0 | 0/788 (0.00%)[KRank 0 | 0/789 (0.00%)[KRank 0 | 0/790 (0.00%)[KRank 0 | 0/791 (0.00%)[KRank 0 | 0/792 (0.00%)[KRank 0 | 0/793 (0.00%)[KRank 0 | 0/794 (0.00%)[KRank 0 | 0/795 (0.00%)[KRank 0 | 0/796 (0.00%)[KRank 0 | 0/797 (0.00%)[KRank 0 | 0/798 (0.00%)[KRank 0 | 0/799 (0.00%)[KRank 0 | 0/800 (0.00%)[KRank 0 | 0/801 (0.00%)[KRank 0 | 0/802 (0.00%)[KRank 0 | 0/803 (0.00%)[KRank 0 | 0/804 (0.00%)[KRank 0 | 0/805 (0.00%)[KRank 0 | 0/806 (0.00%)[KRank 0 | 0/807 (0.00%)[KRank 0 | 0/808 (0.00%)[KRank 0 | 0/809 (0.00%)[KRank 0 | 0/810 (0.00%)[KRank 0 | 0/811 (0.00%)[KRank 0 | 0/812 (0.00%)[KRank 0 | 0/813 (0.00%)[KRank 0 | 0/814 (0.00%)[KRank 0 | 0/815 (0.00%)[KRank 0 | 0/816 (0.00%)[KRank 0 | 0/817 (0.00%)[KRank 0 | 0/818 (0.00%)[KRank 0 | 0/819 (0.00%)[KRank 0 | 0/820 (0.00%)[KRank 0 | 0/821 (0.00%)[KRank 0 | 0/822 (0.00%)[KRank 0 | 0/823 (0.00%)[KRank 0 | 0/824 (0.00%)[KRank 0 | 0/825 (0.00%)[KRank 0 | 0/826 (0.00%)[KRank 0 | 0/827 (0.00%)[KRank 0 | 0/828 (0.00%)[KRank 0 | 0/829 (0.00%)[KRank 0 | 0/830 (0.00%)[KRank 0 | 0/831 (0.00%)[KRank 0 | 0/832 (0.00%)[KRank 0 | 0/833 (0.00%)[KRank 0 | 0/834 (0.00%)[KRank 0 | 0/835 (0.00%)[KRank 0 | 0/836 (0.00%)[KRank 0 | 0/837 (0.00%)[KRank 0 | 0/838 (0.00%)[KRank 0 | 0/839 (0.00%)[KRank 0 | 0/840 (0.00%)[KRank 0 | 0/841 (0.00%)[KRank 0 | 0/842 (0.00%)[KRank 0 | 0/843 (0.00%)[KRank 0 | 0/844 (0.00%)[KRank 0 | 0/845 (0.00%)[KRank 0 | 0/846 (0.00%)[KRank 0 | 0/847 (0.00%)[KRank 0 | 0/848 (0.00%)[KRank 0 | 0/849 (0.00%)[KRank 0 | 0/850 (0.00%)[KRank 0 | 0/851 (0.00%)[KRank 0 | 0/852 (0.00%)[KRank 0 | 0/853 (0.00%)[KRank 0 | 0/854 (0.00%)[KRank 0 | 0/855 (0.00%)[KRank 0 | 0/856 (0.00%)[KRank 0 | 0/857 (0.00%)[KRank 0 | 0/858 (0.00%)[KRank 0 | 0/859 (0.00%)[KRank 0 | 0/860 (0.00%)[KRank 0 | 0/861 (0.00%)[KRank 0 | 0/862 (0.00%)[KRank 0 | 0/863 (0.00%)[KRank 0 | 0/864 (0.00%)[KRank 0 | 0/865 (0.00%)[KRank 0 | 0/866 (0.00%)[KRank 0 | 0/867 (0.00%)[KRank 0 | 0/868 (0.00%)[KRank 0 | 0/869 (0.00%)[KRank 0 | 0/870 (0.00%)[KRank 0 | 0/871 (0.00%)[KRank 0 | 0/872 (0.00%)[KRank 0 | 0/873 (0.00%)[KRank 0 | 0/874 (0.00%)[KRank 0 | 0/875 (0.00%)[KRank 0 | 0/876 (0.00%)[KRank 0 | 0/877 (0.00%)[KRank 0 | 0/878 (0.00%)[KRank 0 | 0/879 (0.00%)[KRank 0 | 0/880 (0.00%)[KRank 0 | 0/881 (0.00%)[KRank 0 | 0/882 (0.00%)[KRank 0 | 0/883 (0.00%)[KRank 0 | 0/884 (0.00%)[KRank 0 | 0/885 (0.00%)[KRank 0 | 0/886 (0.00%)[KRank 0 | 0/887 (0.00%)[KRank 0 | 0/888 (0.00%)[KRank 0 | 0/889 (0.00%)[KRank 0 | 0/890 (0.00%)[KRank 0 | 0/891 (0.00%)[KRank 0 | 0/892 (0.00%)[KRank 0 | 0/893 (0.00%)[KRank 0 | 0/894 (0.00%)[KRank 0 | 0/895 (0.00%)[KRank 0 | 0/896 (0.00%)[KRank 0 | 0/897 (0.00%)[KRank 0 | 0/898 (0.00%)[KRank 0 | 0/899 (0.00%)[KRank 0 | 0/900 (0.00%)[KRank 0 | 0/901 (0.00%)[KRank 0 | 0/902 (0.00%)[KRank 0 | 0/903 (0.00%)[KRank 0 | 0/904 (0.00%)[KRank 0 | 0/905 (0.00%)[KRank 0 | 0/906 (0.00%)[KRank 0 | 0/907 (0.00%)[KRank 0 | 0/908 (0.00%)[KRank 0 | 0/909 (0.00%)[KRank 0 | 0/910 (0.00%)[KRank 0 | 0/911 (0.00%)[KRank 0 | 0/912 (0.00%)[KRank 0 | 0/913 (0.00%)[KRank 0 | 0/914 (0.00%)[KRank 0 | 0/915 (0.00%)[KRank 0 | 0/916 (0.00%)[KRank 0 | 0/917 (0.00%)[KRank 0 | 0/918 (0.00%)[KRank 0 | 0/919 (0.00%)[KRank 0 | 0/920 (0.00%)[KRank 0 | 0/921 (0.00%)[KRank 0 | 0/922 (0.00%)[KRank 0 | 0/923 (0.00%)[KRank 0 | 0/924 (0.00%)[KRank 0 | 0/925 (0.00%)[KRank 0 | 0/926 (0.00%)[KRank 0 | 0/927 (0.00%)[KRank 0 | 0/928 (0.00%)[KRank 0 | 0/929 (0.00%)[KRank 0 | 0/930 (0.00%)[KRank 0 | 0/931 (0.00%)[KRank 0 | 0/932 (0.00%)[KRank 0 | 0/933 (0.00%)[KRank 0 | 0/934 (0.00%)[KRank 0 | 0/935 (0.00%)[KRank 0 | 0/936 (0.00%)[KRank 0 | 0/937 (0.00%)[KRank 0 | 0/938 (0.00%)[KRank 0 | 0/939 (0.00%)[KRank 0 | 0/940 (0.00%)[KRank 0 | 0/941 (0.00%)[KRank 0 | 0/942 (0.00%)[KRank 0 | 0/943 (0.00%)[KRank 0 | 0/944 (0.00%)[KRank 0 | 0/945 (0.00%)[KRank 0 | 0/946 (0.00%)[KRank 0 | 0/947 (0.00%)[KRank 0 | 0/948 (0.00%)[KRank 0 | 0/949 (0.00%)[KRank 0 | 0/950 (0.00%)[KRank 0 | 0/951 (0.00%)[KRank 0 | 0/952 (0.00%)[KRank 0 | 0/953 (0.00%)[KRank 0 | 0/954 (0.00%)[KRank 0 | 0/955 (0.00%)[KRank 0 | 0/956 (0.00%)[KRank 0 | 0/957 (0.00%)[KRank 0 | 0/958 (0.00%)[KRank 0 | 0/959 (0.00%)[KRank 0 | 0/960 (0.00%)[KRank 0 | 0/961 (0.00%)[KRank 0 | 0/962 (0.00%)[KRank 0 | 0/963 (0.00%)[KRank 0 | 0/964 (0.00%)[KRank 0 | 0/965 (0.00%)[KRank 0 | 0/966 (0.00%)[KRank 0 | 0/967 (0.00%)[KRank 0 | 0/968 (0.00%)[KRank 0 | 0/969 (0.00%)[KRank 0 | 0/970 (0.00%)[KRank 0 | 0/971 (0.00%)[KRank 0 | 0/972 (0.00%)[KRank 0 | 0/973 (0.00%)[KRank 0 | 0/974 (0.00%)[KRank 0 | 0/975 (0.00%)[KRank 0 | 0/976 (0.00%)[KRank 0 | 0/977 (0.00%)[KRank 0 | 0/978 (0.00%)[KRank 0 | 0/979 (0.00%)[KRank 0 | 0/980 (0.00%)[KRank 0 | 0/981 (0.00%)[KRank 0 | 0/982 (0.00%)[KRank 0 | 0/983 (0.00%)[KRank 0 | 0/984 (0.00%)[KRank 0 | 0/985 (0.00%)[KRank 0 | 0/986 (0.00%)[KRank 0 | 0/987 (0.00%)[KRank 0 | 0/988 (0.00%)[KRank 0 | 0/989 (0.00%)[KRank 0 | 0/990 (0.00%)[KRank 0 | 0/991 (0.00%)[KRank 0 | 0/992 (0.00%)[KRank 0 | 0/993 (0.00%)[KRank 0 | 0/994 (0.00%)[KRank 0 | 0/995 (0.00%)[KRank 0 | 0/996 (0.00%)[KRank 0 | 0/997 (0.00%)[KRank 0 | 0/998 (0.00%)[KRank 0 | 0/999 (0.00%)[KRank 0 | 0/1000 (0.00%)
==================================================
Final: 0/1000 (0.00%)
GSM8K accuracy: 0.00%
wandb: updating run metadata
wandb: uploading output.log; uploading wandb-summary.json; uploading config.yaml
wandb: uploading data
wandb: 
wandb: Run history:
wandb:  eval/gsm8k_accuracy ▁
wandb: final/gsm8k_accuracy ▁
wandb:           task_index ▁
wandb: 
wandb: Run summary:
wandb:  eval/gsm8k_accuracy 0
wandb: final/gsm8k_accuracy 0
wandb:           task_index 1
wandb: 
wandb: 🚀 View run d24_r32_lora_maxoom_2026-03-27_2007_s2048_gc_confirm_s500_gsm8k_pass8 at: https://wandb.ai/sunshines-gmail-com/nanochat-eval/runs/qaqmxmqa
wandb: ⭐️ View project at: https://wandb.ai/sunshines-gmail-com/nanochat-eval
wandb: Synced 5 W&B file(s), 0 media file(s), 0 artifact file(s) and 0 other file(s)
wandb: Find logs at: ./wandb/run-20260327_202016-qaqmxmqa/logs
[W328 00:35:50.205175858 AllocatorConfig.cpp:28] Warning: PYTORCH_CUDA_ALLOC_CONF is deprecated, use PYTORCH_ALLOC_CONF instead (function operator())
GSM8K pass@8: 0/1000 = 0.00% | Wilson95% [0.00%, 0.38%]
2026-03-28 00:35:52,399 - nanochat.common - [32m[1mINFO[0m - Distributed world size: 1
wandb: [wandb.login()] Loaded credentials for https://api.wandb.ai from /home/sun0115/.netrc.
wandb: Currently logged in as: sunshines (sunshines-gmail-com) to https://api.wandb.ai. Use `wandb login --relogin` to force relogin
wandb: setting up run 1r6zsp6x
wandb: Tracking run with wandb version 0.24.2
wandb: Run data is saved locally in /home/sun0115/nanochat-learn/nanochat/wandb/run-20260328_003552-1r6zsp6x
wandb: Run `wandb offline` to turn off syncing.
wandb: Syncing run d24_r32_lora_maxoom_2026-03-27_2007_s2048_gc_confirm_s500_mmlu
wandb: ⭐️ View project at https://wandb.ai/sunshines-gmail-com/nanochat-eval
wandb: 🚀 View run at https://wandb.ai/sunshines-gmail-com/nanochat-eval/runs/1r6zsp6x
2026-03-28 00:35:53,712 - nanochat.checkpoint_manager - [32m[1mINFO[0m - Loading model from /home/sun0115/.cache/nanochat/chatsft_checkpoints/d24_r32_lora_maxoom_2026-03-27_2007_s2048_gc/best with step 500
2026-03-28 00:35:54,678 - nanochat.checkpoint_manager - [32m[1mINFO[0m - Building model with config: {'sequence_len': 2048, 'vocab_size': 32768, 'n_layer': 24, 'n_head': 9, 'n_kv_head': 9, 'n_embd': 1152, 'window_pattern': 'L'}
Final: 216/1000 (21.60%)
MMLU accuracy: 21.60%
wandb: updating run metadata
wandb: uploading output.log; uploading wandb-summary.json; uploading config.yaml
wandb: uploading history steps 0-1, summary, console lines 2-3
wandb: 
wandb: Run history:
wandb:  eval/mmlu_accuracy ▁
wandb: final/mmlu_accuracy ▁
wandb:          task_index ▁
wandb: 
wandb: Run summary:
wandb:  eval/mmlu_accuracy 0.216
wandb: final/mmlu_accuracy 0.216
wandb:          task_index 1
wandb: 
wandb: 🚀 View run d24_r32_lora_maxoom_2026-03-27_2007_s2048_gc_confirm_s500_mmlu at: https://wandb.ai/sunshines-gmail-com/nanochat-eval/runs/1r6zsp6x
wandb: ⭐️ View project at: https://wandb.ai/sunshines-gmail-com/nanochat-eval
wandb: Synced 5 W&B file(s), 0 media file(s), 0 artifact file(s) and 0 other file(s)
wandb: Find logs at: ./wandb/run-20260328_003552-1r6zsp6x/logs
[W328 00:36:12.749935003 AllocatorConfig.cpp:28] Warning: PYTORCH_CUDA_ALLOC_CONF is deprecated, use PYTORCH_ALLOC_CONF instead (function operator())
MMLU: 216/1000 = 21.60% | Wilson95% [19.16%, 24.26%]
2026-03-28 00:36:14,080 - nanochat.common - [32m[1mINFO[0m - Distributed world size: 1
wandb: [wandb.login()] Loaded credentials for https://api.wandb.ai from /home/sun0115/.netrc.
wandb: Currently logged in as: sunshines (sunshines-gmail-com) to https://api.wandb.ai. Use `wandb login --relogin` to force relogin
wandb: setting up run hhf5qp3w
wandb: Tracking run with wandb version 0.24.2
wandb: Run data is saved locally in /home/sun0115/nanochat-learn/nanochat/wandb/run-20260328_003614-hhf5qp3w
wandb: Run `wandb offline` to turn off syncing.
wandb: Syncing run d24_r32_lora_maxoom_2026-03-27_2007_s2048_gc_confirm_s500_spellingbee
wandb: ⭐️ View project at https://wandb.ai/sunshines-gmail-com/nanochat-eval
wandb: 🚀 View run at https://wandb.ai/sunshines-gmail-com/nanochat-eval/runs/hhf5qp3w
2026-03-28 00:36:15,236 - nanochat.checkpoint_manager - [32m[1mINFO[0m - Loading model from /home/sun0115/.cache/nanochat/chatsft_checkpoints/d24_r32_lora_maxoom_2026-03-27_2007_s2048_gc/best with step 500
2026-03-28 00:36:16,102 - nanochat.checkpoint_manager - [32m[1mINFO[0m - Building model with config: {'sequence_len': 2048, 'vocab_size': 32768, 'n_layer': 24, 'n_head': 9, 'n_kv_head': 9, 'n_embd': 1152, 'window_pattern': 'L'}
[KRank 0 | 0/1 (0.00%)[KRank 0 | 0/2 (0.00%)[KRank 0 | 0/3 (0.00%)[KRank 0 | 0/4 (0.00%)[KRank 0 | 0/5 (0.00%)[KRank 0 | 0/6 (0.00%)[KRank 0 | 0/7 (0.00%)[KRank 0 | 0/8 (0.00%)[KRank 0 | 0/9 (0.00%)[KRank 0 | 0/10 (0.00%)[KRank 0 | 0/11 (0.00%)[KRank 0 | 0/12 (0.00%)[KRank 0 | 0/13 (0.00%)[KRank 0 | 0/14 (0.00%)[KRank 0 | 0/15 (0.00%)[KRank 0 | 0/16 (0.00%)[KRank 0 | 0/17 (0.00%)[KRank 0 | 0/18 (0.00%)[KRank 0 | 0/19 (0.00%)[KRank 0 | 0/20 (0.00%)[KRank 0 | 0/21 (0.00%)[KRank 0 | 0/22 (0.00%)[KRank 0 | 0/23 (0.00%)[KRank 0 | 0/24 (0.00%)[KRank 0 | 0/25 (0.00%)[KRank 0 | 0/26 (0.00%)[KRank 0 | 0/27 (0.00%)[KRank 0 | 0/28 (0.00%)[KRank 0 | 0/29 (0.00%)[KRank 0 | 0/30 (0.00%)[KRank 0 | 0/31 (0.00%)[KRank 0 | 0/32 (0.00%)[KRank 0 | 0/33 (0.00%)[KRank 0 | 0/34 (0.00%)[KRank 0 | 0/35 (0.00%)[KRank 0 | 0/36 (0.00%)[KRank 0 | 0/37 (0.00%)[KRank 0 | 0/38 (0.00%)[KRank 0 | 0/39 (0.00%)[KRank 0 | 0/40 (0.00%)[KRank 0 | 0/41 (0.00%)[KRank 0 | 0/42 (0.00%)[KRank 0 | 0/43 (0.00%)[KRank 0 | 0/44 (0.00%)[KRank 0 | 0/45 (0.00%)[KRank 0 | 0/46 (0.00%)[KRank 0 | 0/47 (0.00%)[KRank 0 | 0/48 (0.00%)[KRank 0 | 0/49 (0.00%)[KRank 0 | 0/50 (0.00%)[KRank 0 | 0/51 (0.00%)[KRank 0 | 0/52 (0.00%)[KRank 0 | 0/53 (0.00%)[KRank 0 | 0/54 (0.00%)[KRank 0 | 0/55 (0.00%)[KRank 0 | 0/56 (0.00%)[KRank 0 | 0/57 (0.00%)[KRank 0 | 0/58 (0.00%)[KRank 0 | 0/59 (0.00%)[KRank 0 | 0/60 (0.00%)[KRank 0 | 0/61 (0.00%)[KRank 0 | 0/62 (0.00%)[KRank 0 | 0/63 (0.00%)[KRank 0 | 0/64 (0.00%)[KRank 0 | 0/65 (0.00%)[KRank 0 | 0/66 (0.00%)[KRank 0 | 0/67 (0.00%)[KRank 0 | 0/68 (0.00%)[KRank 0 | 0/69 (0.00%)[KRank 0 | 0/70 (0.00%)[KRank 0 | 0/71 (0.00%)[KRank 0 | 0/72 (0.00%)[KRank 0 | 0/73 (0.00%)[KRank 0 | 0/74 (0.00%)[KRank 0 | 0/75 (0.00%)[KRank 0 | 0/76 (0.00%)[KRank 0 | 0/77 (0.00%)[KRank 0 | 0/78 (0.00%)[KRank 0 | 0/79 (0.00%)[KRank 0 | 0/80 (0.00%)[KRank 0 | 0/81 (0.00%)[KRank 0 | 0/82 (0.00%)[KRank 0 | 0/83 (0.00%)[KRank 0 | 0/84 (0.00%)[KRank 0 | 0/85 (0.00%)[KRank 0 | 0/86 (0.00%)[KRank 0 | 0/87 (0.00%)[KRank 0 | 0/88 (0.00%)[KRank 0 | 0/89 (0.00%)[KRank 0 | 0/90 (0.00%)[KRank 0 | 0/91 (0.00%)[KRank 0 | 0/92 (0.00%)[KRank 0 | 0/93 (0.00%)[KRank 0 | 0/94 (0.00%)[KRank 0 | 0/95 (0.00%)[KRank 0 | 0/96 (0.00%)[KRank 0 | 0/97 (0.00%)[KRank 0 | 0/98 (0.00%)[KRank 0 | 0/99 (0.00%)[KRank 0 | 0/100 (0.00%)[KRank 0 | 0/101 (0.00%)[KRank 0 | 0/102 (0.00%)[KRank 0 | 0/103 (0.00%)[KRank 0 | 0/104 (0.00%)[KRank 0 | 0/105 (0.00%)[KRank 0 | 0/106 (0.00%)[KRank 0 | 0/107 (0.00%)[KRank 0 | 0/108 (0.00%)[KRank 0 | 0/109 (0.00%)[KRank 0 | 0/110 (0.00%)[KRank 0 | 0/111 (0.00%)[KRank 0 | 0/112 (0.00%)[KRank 0 | 0/113 (0.00%)[KRank 0 | 0/114 (0.00%)[KRank 0 | 0/115 (0.00%)[KRank 0 | 0/116 (0.00%)[KRank 0 | 0/117 (0.00%)[KRank 0 | 0/118 (0.00%)[KRank 0 | 0/119 (0.00%)[KRank 0 | 0/120 (0.00%)[KRank 0 | 0/121 (0.00%)[KRank 0 | 0/122 (0.00%)[KRank 0 | 0/123 (0.00%)[KRank 0 | 0/124 (0.00%)[KRank 0 | 0/125 (0.00%)[KRank 0 | 0/126 (0.00%)[KRank 0 | 0/127 (0.00%)[KRank 0 | 0/128 (0.00%)[KRank 0 | 0/129 (0.00%)[KRank 0 | 0/130 (0.00%)[KRank 0 | 0/131 (0.00%)[KRank 0 | 0/132 (0.00%)[KRank 0 | 0/133 (0.00%)[KRank 0 | 0/134 (0.00%)[KRank 0 | 0/135 (0.00%)[KRank 0 | 0/136 (0.00%)[KRank 0 | 0/137 (0.00%)[KRank 0 | 0/138 (0.00%)[KRank 0 | 0/139 (0.00%)[KRank 0 | 0/140 (0.00%)[KRank 0 | 0/141 (0.00%)[KRank 0 | 0/142 (0.00%)[KRank 0 | 0/143 (0.00%)[KRank 0 | 0/144 (0.00%)[KRank 0 | 0/145 (0.00%)[KRank 0 | 0/146 (0.00%)[KRank 0 | 0/147 (0.00%)[KRank 0 | 0/148 (0.00%)[KRank 0 | 0/149 (0.00%)[KRank 0 | 0/150 (0.00%)[KRank 0 | 0/151 (0.00%)[KRank 0 | 0/152 (0.00%)[KRank 0 | 0/153 (0.00%)[KRank 0 | 0/154 (0.00%)[KRank 0 | 0/155 (0.00%)[KRank 0 | 0/156 (0.00%)[KRank 0 | 0/157 (0.00%)[KRank 0 | 0/158 (0.00%)[KRank 0 | 0/159 (0.00%)[KRank 0 | 0/160 (0.00%)[KRank 0 | 0/161 (0.00%)[KRank 0 | 0/162 (0.00%)[KRank 0 | 0/163 (0.00%)[KRank 0 | 0/164 (0.00%)[KRank 0 | 0/165 (0.00%)[KRank 0 | 0/166 (0.00%)[KRank 0 | 0/167 (0.00%)[KRank 0 | 0/168 (0.00%)[KRank 0 | 0/169 (0.00%)[KRank 0 | 0/170 (0.00%)[KRank 0 | 0/171 (0.00%)[KRank 0 | 0/172 (0.00%)[KRank 0 | 0/173 (0.00%)[KRank 0 | 0/174 (0.00%)[KRank 0 | 0/175 (0.00%)[KRank 0 | 0/176 (0.00%)[KRank 0 | 0/177 (0.00%)[KRank 0 | 0/178 (0.00%)[KRank 0 | 0/179 (0.00%)[KRank 0 | 0/180 (0.00%)[KRank 0 | 0/181 (0.00%)[KRank 0 | 0/182 (0.00%)[KRank 0 | 0/183 (0.00%)[KRank 0 | 0/184 (0.00%)[KRank 0 | 0/185 (0.00%)[KRank 0 | 0/186 (0.00%)[KRank 0 | 0/187 (0.00%)[KRank 0 | 0/188 (0.00%)[KRank 0 | 0/189 (0.00%)[KRank 0 | 0/190 (0.00%)[KRank 0 | 0/191 (0.00%)[KRank 0 | 0/192 (0.00%)[KRank 0 | 0/193 (0.00%)[KRank 0 | 0/194 (0.00%)[KRank 0 | 0/195 (0.00%)[KRank 0 | 0/196 (0.00%)[KRank 0 | 0/197 (0.00%)[KRank 0 | 0/198 (0.00%)[KRank 0 | 0/199 (0.00%)[KRank 0 | 0/200 (0.00%)[KRank 0 | 0/201 (0.00%)[KRank 0 | 0/202 (0.00%)[KRank 0 | 0/203 (0.00%)[KRank 0 | 0/204 (0.00%)[KRank 0 | 0/205 (0.00%)[KRank 0 | 0/206 (0.00%)[KRank 0 | 0/207 (0.00%)[KRank 0 | 0/208 (0.00%)[KRank 0 | 0/209 (0.00%)[KRank 0 | 0/210 (0.00%)[KRank 0 | 0/211 (0.00%)[KRank 0 | 0/212 (0.00%)[KRank 0 | 0/213 (0.00%)[KRank 0 | 0/214 (0.00%)[KRank 0 | 0/215 (0.00%)[KRank 0 | 0/216 (0.00%)[KRank 0 | 0/217 (0.00%)[KRank 0 | 0/218 (0.00%)[KRank 0 | 0/219 (0.00%)[KRank 0 | 0/220 (0.00%)[KRank 0 | 0/221 (0.00%)[KRank 0 | 0/222 (0.00%)[KRank 0 | 0/223 (0.00%)[KRank 0 | 0/224 (0.00%)[KRank 0 | 0/225 (0.00%)[KRank 0 | 0/226 (0.00%)[KRank 0 | 0/227 (0.00%)[KRank 0 | 0/228 (0.00%)[KRank 0 | 0/229 (0.00%)[KRank 0 | 0/230 (0.00%)[KRank 0 | 0/231 (0.00%)[KRank 0 | 0/232 (0.00%)[KRank 0 | 0/233 (0.00%)[KRank 0 | 0/234 (0.00%)[KRank 0 | 0/235 (0.00%)[KRank 0 | 0/236 (0.00%)[KRank 0 | 0/237 (0.00%)[KRank 0 | 0/238 (0.00%)[KRank 0 | 0/239 (0.00%)[KRank 0 | 0/240 (0.00%)[KRank 0 | 0/241 (0.00%)[KRank 0 | 0/242 (0.00%)[KRank 0 | 0/243 (0.00%)[KRank 0 | 0/244 (0.00%)[KRank 0 | 0/245 (0.00%)[KRank 0 | 0/246 (0.00%)[KRank 0 | 0/247 (0.00%)[KRank 0 | 0/248 (0.00%)[KRank 0 | 0/249 (0.00%)[KRank 0 | 0/250 (0.00%)[KRank 0 | 0/251 (0.00%)[KRank 0 | 0/252 (0.00%)[KRank 0 | 0/253 (0.00%)[KRank 0 | 0/254 (0.00%)[KRank 0 | 0/255 (0.00%)[KRank 0 | 0/256 (0.00%)
==================================================
Final: 0/256 (0.00%)
SpellingBee accuracy: 0.00%
wandb: updating run metadata
wandb: uploading config.yaml; uploading output.log; uploading wandb-summary.json
wandb: uploading history steps 0-1, summary, console lines 2-5
wandb: 
wandb: Run history:
wandb:  eval/spellingbee_accuracy ▁
wandb: final/spellingbee_accuracy ▁
wandb:                 task_index ▁
wandb: 
wandb: Run summary:
wandb:  eval/spellingbee_accuracy 0
wandb: final/spellingbee_accuracy 0
wandb:                 task_index 1
wandb: 
wandb: 🚀 View run d24_r32_lora_maxoom_2026-03-27_2007_s2048_gc_confirm_s500_spellingbee at: https://wandb.ai/sunshines-gmail-com/nanochat-eval/runs/hhf5qp3w
wandb: ⭐️ View project at: https://wandb.ai/sunshines-gmail-com/nanochat-eval
wandb: Synced 5 W&B file(s), 0 media file(s), 0 artifact file(s) and 0 other file(s)
wandb: Find logs at: ./wandb/run-20260328_003614-hhf5qp3w/logs
[W328 01:07:31.189425989 AllocatorConfig.cpp:28] Warning: PYTORCH_CUDA_ALLOC_CONF is deprecated, use PYTORCH_ALLOC_CONF instead (function operator())
SpellingBee: 0/256 = 0.00% | Wilson95% [0.00%, 1.48%]
[done] confirmation eval complete
summary=/home/sun0115/nanochat-learn/notes/d24_r32_lora_maxoom_2026-03-27_2007_s2048_gc_best_s500_confirm_summary_1000_2026-03-27_2020.txt
[done] confirm eval finished for d24_r32_lora_maxoom_2026-03-27_2007_s2048_gc
[done] completed at s2048_gc
