2026-03-28 20:35:02,890 - nanochat.common - [32m[1mINFO[0m - Distributed world size: 1
wandb: [wandb.login()] Loaded credentials for https://api.wandb.ai from /home/sun0115/.netrc.
wandb: Currently logged in as: sunshines (sunshines-gmail-com) to https://api.wandb.ai. Use `wandb login --relogin` to force relogin
wandb: setting up run hofhsrs3
wandb: Tracking run with wandb version 0.24.2
wandb: Run data is saved locally in /home/sun0115/nanochat-learn/nanochat/wandb/run-20260328_203503-hofhsrs3
wandb: Run `wandb offline` to turn off syncing.
wandb: Syncing run d24_r32_adamw_partial_lr005_1k_2026-03-28_2035_s1024_gc
wandb: ⭐️ View project at https://wandb.ai/sunshines-gmail-com/nanochat-sft
wandb: 🚀 View run at https://wandb.ai/sunshines-gmail-com/nanochat-sft/runs/hofhsrs3
2026-03-28 20:35:04,933 - nanochat.checkpoint_manager - [32m[1mINFO[0m - Loading model from /home/sun0115/.cache/nanochat/base_checkpoints/d24_asp48_track with step 820230
2026-03-28 20:35:06,532 - nanochat.checkpoint_manager - [32m[1mINFO[0m - Building model with config: {'sequence_len': 2048, 'vocab_size': 32768, 'n_layer': 24, 'n_head': 9, 'n_kv_head': 9, 'n_embd': 1152, 'window_pattern': 'L'}
Gradient checkpointing enabled (activation recomputation in backward)
TORCH_COMPILE_DISABLE=1, skipping torch.compile
Froze first 18 of 24 transformer layers
Froze token and value embeddings
Froze residual scaling parameters
Trainable params after freezing/adaptation: 133,301,088 / 910,691,760 (14.64%)
Tokens / micro-batch / rank: 1 x 1024 = 1,024
Tokens / micro-batch: 1,024
Total batch size 8,192 => gradient accumulation steps: 8
Scaling the LR for the AdamW parameters ∝1/√(1152/768) = 0.816497
Using AdamW-only mode for fine-tuning (no Muon)
Using paged_adamw8bit for trainable params
Using dataset preset: general_chat_reasoning
Train dataset conversations: 264,946
Val dataset conversations: 29,849
Step 00000 | Validation bpb: 0.7503
step 00001 (0.10%) | loss: 1.020244 | lrm: 0.01 | dt: 803.75ms | tok/sec: 10,192 | mfu: 3.30 | epoch: 1 | total time: 0.00m
step 00002 (0.20%) | loss: 1.258346 | lrm: 0.01 | dt: 513.42ms | tok/sec: 15,955 | mfu: 5.16 | epoch: 1 | total time: 0.00m
step 00003 (0.30%) | loss: 1.573080 | lrm: 0.01 | dt: 455.79ms | tok/sec: 17,973 | mfu: 5.81 | epoch: 1 | total time: 0.00m
step 00004 (0.40%) | loss: 1.713938 | lrm: 0.02 | dt: 513.49ms | tok/sec: 15,953 | mfu: 5.16 | epoch: 1 | total time: 0.00m
step 00005 (0.50%) | loss: 1.624009 | lrm: 0.02 | dt: 516.07ms | tok/sec: 15,873 | mfu: 5.13 | epoch: 1 | total time: 0.00m
step 00006 (0.60%) | loss: 2.678360 | lrm: 0.03 | dt: 515.00ms | tok/sec: 15,906 | mfu: 5.15 | epoch: 1 | total time: 0.00m
step 00007 (0.70%) | loss: 2.649786 | lrm: 0.03 | dt: 511.29ms | tok/sec: 16,022 | mfu: 5.18 | epoch: 1 | total time: 0.00m
step 00008 (0.80%) | loss: 2.506100 | lrm: 0.04 | dt: 507.87ms | tok/sec: 16,130 | mfu: 5.22 | epoch: 1 | total time: 0.00m
step 00009 (0.90%) | loss: 2.428460 | lrm: 0.04 | dt: 508.47ms | tok/sec: 16,111 | mfu: 5.21 | epoch: 1 | total time: 0.00m
step 00010 (1.00%) | loss: 2.471038 | lrm: 0.05 | dt: 507.80ms | tok/sec: 16,132 | mfu: 5.22 | epoch: 1 | total time: 0.00m
step 00011 (1.10%) | loss: 2.433361 | lrm: 0.05 | dt: 508.29ms | tok/sec: 16,116 | mfu: 5.21 | epoch: 1 | total time: 0.01m
step 00012 (1.20%) | loss: 2.447665 | lrm: 0.06 | dt: 509.82ms | tok/sec: 16,068 | mfu: 5.20 | epoch: 1 | total time: 0.02m
step 00013 (1.30%) | loss: 2.473177 | lrm: 0.06 | dt: 509.58ms | tok/sec: 16,076 | mfu: 5.20 | epoch: 1 | total time: 0.03m
step 00014 (1.40%) | loss: 2.458461 | lrm: 0.07 | dt: 509.83ms | tok/sec: 16,068 | mfu: 5.20 | epoch: 1 | total time: 0.03m
step 00015 (1.50%) | loss: 2.394018 | lrm: 0.07 | dt: 510.25ms | tok/sec: 16,054 | mfu: 5.19 | epoch: 1 | total time: 0.04m
step 00016 (1.60%) | loss: 2.370556 | lrm: 0.08 | dt: 508.98ms | tok/sec: 16,094 | mfu: 5.21 | epoch: 1 | total time: 0.05m
step 00017 (1.70%) | loss: 2.318582 | lrm: 0.09 | dt: 509.62ms | tok/sec: 16,074 | mfu: 5.20 | epoch: 1 | total time: 0.06m
step 00018 (1.80%) | loss: 2.330939 | lrm: 0.09 | dt: 509.65ms | tok/sec: 16,073 | mfu: 5.20 | epoch: 1 | total time: 0.07m
step 00019 (1.90%) | loss: 2.281797 | lrm: 0.09 | dt: 510.45ms | tok/sec: 16,048 | mfu: 5.19 | epoch: 1 | total time: 0.08m
step 00020 (2.00%) | loss: 2.348223 | lrm: 0.10 | dt: 509.56ms | tok/sec: 16,076 | mfu: 5.20 | epoch: 1 | total time: 0.08m
step 00021 (2.10%) | loss: 2.454922 | lrm: 0.10 | dt: 507.68ms | tok/sec: 16,136 | mfu: 5.22 | epoch: 1 | total time: 0.09m
step 00022 (2.20%) | loss: 2.485283 | lrm: 0.11 | dt: 610.49ms | tok/sec: 13,418 | mfu: 4.34 | epoch: 1 | total time: 0.10m
step 00023 (2.30%) | loss: 2.637139 | lrm: 0.11 | dt: 509.56ms | tok/sec: 16,076 | mfu: 5.20 | epoch: 1 | total time: 0.11m
step 00024 (2.40%) | loss: 2.567120 | lrm: 0.12 | dt: 510.59ms | tok/sec: 16,044 | mfu: 5.19 | epoch: 1 | total time: 0.12m
step 00025 (2.50%) | loss: 2.693869 | lrm: 0.12 | dt: 505.21ms | tok/sec: 16,214 | mfu: 5.25 | epoch: 1 | total time: 0.13m
Step 00025 | Validation bpb: 0.7048
2026-03-28 20:36:06,209 - nanochat.checkpoint_manager - [32m[1mINFO[0m - Saved model parameters to: /home/sun0115/.cache/nanochat/chatsft_checkpoints/d24_r32_adamw_partial_lr005_1k_2026-03-28_2035_s1024_gc/best/model_000025.pt
2026-03-28 20:36:06,209 - nanochat.checkpoint_manager - [32m[1mINFO[0m - Saved metadata to: /home/sun0115/.cache/nanochat/chatsft_checkpoints/d24_r32_adamw_partial_lr005_1k_2026-03-28_2035_s1024_gc/best/meta_000025.json
Saved best checkpoint at step 25 (val_bpb=0.7048)
step 00026 (2.60%) | loss: 2.628885 | lrm: 0.13 | dt: 667.74ms | tok/sec: 12,268 | mfu: 3.97 | epoch: 1 | total time: 0.14m
step 00027 (2.70%) | loss: 2.597812 | lrm: 0.13 | dt: 518.81ms | tok/sec: 15,789 | mfu: 5.11 | epoch: 1 | total time: 0.15m
step 00028 (2.80%) | loss: 2.591970 | lrm: 0.14 | dt: 461.62ms | tok/sec: 17,746 | mfu: 5.74 | epoch: 1 | total time: 0.16m
step 00029 (2.90%) | loss: 2.519487 | lrm: 0.14 | dt: 517.13ms | tok/sec: 15,841 | mfu: 5.12 | epoch: 1 | total time: 0.17m
step 00030 (3.00%) | loss: 2.545381 | lrm: 0.15 | dt: 508.74ms | tok/sec: 16,102 | mfu: 5.21 | epoch: 1 | total time: 0.17m
step 00031 (3.10%) | loss: 2.493817 | lrm: 0.15 | dt: 510.51ms | tok/sec: 16,046 | mfu: 5.19 | epoch: 1 | total time: 0.18m
step 00032 (3.20%) | loss: 2.529697 | lrm: 0.16 | dt: 509.60ms | tok/sec: 16,075 | mfu: 5.20 | epoch: 1 | total time: 0.19m
step 00033 (3.30%) | loss: 2.506806 | lrm: 0.17 | dt: 509.80ms | tok/sec: 16,068 | mfu: 5.20 | epoch: 1 | total time: 0.20m
step 00034 (3.40%) | loss: 2.508147 | lrm: 0.17 | dt: 509.61ms | tok/sec: 16,075 | mfu: 5.20 | epoch: 1 | total time: 0.21m
step 00035 (3.50%) | loss: 2.495428 | lrm: 0.18 | dt: 511.57ms | tok/sec: 16,013 | mfu: 5.18 | epoch: 1 | total time: 0.22m
step 00036 (3.60%) | loss: 2.485997 | lrm: 0.18 | dt: 508.24ms | tok/sec: 16,118 | mfu: 5.21 | epoch: 1 | total time: 0.22m
step 00037 (3.70%) | loss: 2.504038 | lrm: 0.18 | dt: 509.42ms | tok/sec: 16,080 | mfu: 5.20 | epoch: 1 | total time: 0.23m
step 00038 (3.80%) | loss: 2.529039 | lrm: 0.19 | dt: 507.57ms | tok/sec: 16,139 | mfu: 5.22 | epoch: 1 | total time: 0.24m
step 00039 (3.90%) | loss: 2.595287 | lrm: 0.19 | dt: 508.97ms | tok/sec: 16,095 | mfu: 5.21 | epoch: 1 | total time: 0.25m
step 00040 (4.00%) | loss: 2.792755 | lrm: 0.20 | dt: 509.22ms | tok/sec: 16,087 | mfu: 5.20 | epoch: 1 | total time: 0.26m
step 00041 (4.10%) | loss: 2.806268 | lrm: 0.20 | dt: 549.75ms | tok/sec: 14,901 | mfu: 4.82 | epoch: 1 | total time: 0.27m
step 00042 (4.20%) | loss: 2.678633 | lrm: 0.21 | dt: 530.09ms | tok/sec: 15,453 | mfu: 5.00 | epoch: 1 | total time: 0.28m
step 00043 (4.30%) | loss: 2.587234 | lrm: 0.21 | dt: 506.85ms | tok/sec: 16,162 | mfu: 5.23 | epoch: 1 | total time: 0.28m
step 00044 (4.40%) | loss: 2.607596 | lrm: 0.22 | dt: 509.62ms | tok/sec: 16,074 | mfu: 5.20 | epoch: 1 | total time: 0.29m
step 00045 (4.50%) | loss: 2.544608 | lrm: 0.22 | dt: 509.50ms | tok/sec: 16,078 | mfu: 5.20 | epoch: 1 | total time: 0.30m
step 00046 (4.60%) | loss: 2.487038 | lrm: 0.23 | dt: 508.91ms | tok/sec: 16,097 | mfu: 5.21 | epoch: 1 | total time: 0.31m
step 00047 (4.70%) | loss: 2.429092 | lrm: 0.23 | dt: 510.01ms | tok/sec: 16,062 | mfu: 5.20 | epoch: 1 | total time: 0.32m
step 00048 (4.80%) | loss: 2.430287 | lrm: 0.24 | dt: 508.72ms | tok/sec: 16,103 | mfu: 5.21 | epoch: 1 | total time: 0.33m
step 00049 (4.90%) | loss: 2.522146 | lrm: 0.24 | dt: 448.62ms | tok/sec: 18,260 | mfu: 5.91 | epoch: 1 | total time: 0.33m
step 00050 (5.00%) | loss: 2.519738 | lrm: 0.25 | dt: 507.12ms | tok/sec: 16,153 | mfu: 5.23 | epoch: 1 | total time: 0.34m
Step 00050 | Validation bpb: 0.7597
step 00051 (5.10%) | loss: 2.573944 | lrm: 0.25 | dt: 545.91ms | tok/sec: 15,006 | mfu: 4.85 | epoch: 1 | total time: 0.35m
step 00052 (5.20%) | loss: 2.542017 | lrm: 0.26 | dt: 553.83ms | tok/sec: 14,791 | mfu: 4.78 | epoch: 1 | total time: 0.36m
step 00053 (5.30%) | loss: 2.465291 | lrm: 0.26 | dt: 587.12ms | tok/sec: 13,952 | mfu: 4.51 | epoch: 1 | total time: 0.37m
step 00054 (5.40%) | loss: 2.467520 | lrm: 0.27 | dt: 565.82ms | tok/sec: 14,478 | mfu: 4.68 | epoch: 1 | total time: 0.38m
step 00055 (5.50%) | loss: 2.568325 | lrm: 0.27 | dt: 487.52ms | tok/sec: 16,803 | mfu: 5.44 | epoch: 1 | total time: 0.39m
step 00056 (5.60%) | loss: 2.469118 | lrm: 0.28 | dt: 557.08ms | tok/sec: 14,705 | mfu: 4.76 | epoch: 1 | total time: 0.40m
step 00057 (5.70%) | loss: 2.450054 | lrm: 0.28 | dt: 466.29ms | tok/sec: 17,568 | mfu: 5.68 | epoch: 1 | total time: 0.41m
step 00058 (5.80%) | loss: 2.415111 | lrm: 0.29 | dt: 514.53ms | tok/sec: 15,921 | mfu: 5.15 | epoch: 1 | total time: 0.41m
step 00059 (5.90%) | loss: 2.575908 | lrm: 0.29 | dt: 455.94ms | tok/sec: 17,967 | mfu: 5.81 | epoch: 1 | total time: 0.42m
step 00060 (6.00%) | loss: 2.698333 | lrm: 0.30 | dt: 515.17ms | tok/sec: 15,901 | mfu: 5.14 | epoch: 1 | total time: 0.43m
step 00061 (6.10%) | loss: 2.659200 | lrm: 0.30 | dt: 474.35ms | tok/sec: 17,269 | mfu: 5.59 | epoch: 1 | total time: 0.44m
step 00062 (6.20%) | loss: 2.642273 | lrm: 0.31 | dt: 524.93ms | tok/sec: 15,605 | mfu: 5.05 | epoch: 1 | total time: 0.45m
step 00063 (6.30%) | loss: 2.605436 | lrm: 0.32 | dt: 528.03ms | tok/sec: 15,514 | mfu: 5.02 | epoch: 1 | total time: 0.46m
step 00064 (6.40%) | loss: 2.628018 | lrm: 0.32 | dt: 528.25ms | tok/sec: 15,507 | mfu: 5.02 | epoch: 1 | total time: 0.47m
step 00065 (6.50%) | loss: 2.664458 | lrm: 0.33 | dt: 511.86ms | tok/sec: 16,004 | mfu: 5.18 | epoch: 1 | total time: 0.47m
step 00066 (6.60%) | loss: 2.801167 | lrm: 0.33 | dt: 531.22ms | tok/sec: 15,421 | mfu: 4.99 | epoch: 1 | total time: 0.48m
step 00067 (6.70%) | loss: 2.826841 | lrm: 0.34 | dt: 519.50ms | tok/sec: 15,769 | mfu: 5.10 | epoch: 1 | total time: 0.49m
step 00068 (6.80%) | loss: 2.789614 | lrm: 0.34 | dt: 512.86ms | tok/sec: 15,973 | mfu: 5.17 | epoch: 1 | total time: 0.50m
step 00069 (6.90%) | loss: 2.747971 | lrm: 0.35 | dt: 559.15ms | tok/sec: 14,650 | mfu: 4.74 | epoch: 1 | total time: 0.51m
step 00070 (7.00%) | loss: 2.745183 | lrm: 0.35 | dt: 531.24ms | tok/sec: 15,420 | mfu: 4.99 | epoch: 1 | total time: 0.52m
step 00071 (7.10%) | loss: 2.724261 | lrm: 0.35 | dt: 570.89ms | tok/sec: 14,349 | mfu: 4.64 | epoch: 1 | total time: 0.53m
step 00072 (7.20%) | loss: 2.726055 | lrm: 0.36 | dt: 574.78ms | tok/sec: 14,252 | mfu: 4.61 | epoch: 1 | total time: 0.54m
step 00073 (7.30%) | loss: 2.768127 | lrm: 0.36 | dt: 517.63ms | tok/sec: 15,826 | mfu: 5.12 | epoch: 1 | total time: 0.55m
step 00074 (7.40%) | loss: 2.737456 | lrm: 0.37 | dt: 517.96ms | tok/sec: 15,815 | mfu: 5.12 | epoch: 1 | total time: 0.55m
step 00075 (7.50%) | loss: 2.818578 | lrm: 0.37 | dt: 519.80ms | tok/sec: 15,759 | mfu: 5.10 | epoch: 1 | total time: 0.56m
Step 00075 | Validation bpb: 0.8092
step 00076 (7.60%) | loss: 2.842752 | lrm: 0.38 | dt: 1403.73ms | tok/sec: 5,835 | mfu: 1.89 | epoch: 1 | total time: 0.59m
step 00077 (7.70%) | loss: 2.810447 | lrm: 0.38 | dt: 540.34ms | tok/sec: 15,160 | mfu: 4.90 | epoch: 1 | total time: 0.60m
step 00078 (7.80%) | loss: 2.881933 | lrm: 0.39 | dt: 471.14ms | tok/sec: 17,387 | mfu: 5.62 | epoch: 1 | total time: 0.60m
step 00079 (7.90%) | loss: 2.819679 | lrm: 0.39 | dt: 532.84ms | tok/sec: 15,374 | mfu: 4.97 | epoch: 1 | total time: 0.61m
step 00080 (8.00%) | loss: 2.795596 | lrm: 0.40 | dt: 539.24ms | tok/sec: 15,191 | mfu: 4.91 | epoch: 1 | total time: 0.62m
step 00081 (8.10%) | loss: 2.742073 | lrm: 0.40 | dt: 526.48ms | tok/sec: 15,559 | mfu: 5.03 | epoch: 1 | total time: 0.63m
step 00082 (8.20%) | loss: 2.671608 | lrm: 0.41 | dt: 543.65ms | tok/sec: 15,068 | mfu: 4.87 | epoch: 1 | total time: 0.64m
step 00083 (8.30%) | loss: 2.676281 | lrm: 0.41 | dt: 533.06ms | tok/sec: 15,368 | mfu: 4.97 | epoch: 1 | total time: 0.65m
step 00084 (8.40%) | loss: 2.673418 | lrm: 0.42 | dt: 539.09ms | tok/sec: 15,196 | mfu: 4.92 | epoch: 1 | total time: 0.66m
step 00085 (8.50%) | loss: 2.649414 | lrm: 0.42 | dt: 543.14ms | tok/sec: 15,082 | mfu: 4.88 | epoch: 1 | total time: 0.67m
step 00086 (8.60%) | loss: 2.649264 | lrm: 0.43 | dt: 545.40ms | tok/sec: 15,020 | mfu: 4.86 | epoch: 1 | total time: 0.67m
step 00087 (8.70%) | loss: 2.625776 | lrm: 0.43 | dt: 455.86ms | tok/sec: 17,970 | mfu: 5.81 | epoch: 1 | total time: 0.68m
step 00088 (8.80%) | loss: 2.696384 | lrm: 0.44 | dt: 520.01ms | tok/sec: 15,753 | mfu: 5.10 | epoch: 1 | total time: 0.69m
step 00089 (8.90%) | loss: 2.650303 | lrm: 0.44 | dt: 470.38ms | tok/sec: 17,415 | mfu: 5.63 | epoch: 1 | total time: 0.70m
step 00090 (9.00%) | loss: 2.621783 | lrm: 0.45 | dt: 525.40ms | tok/sec: 15,591 | mfu: 5.04 | epoch: 1 | total time: 0.71m
step 00091 (9.10%) | loss: 2.674894 | lrm: 0.45 | dt: 537.13ms | tok/sec: 15,251 | mfu: 4.93 | epoch: 1 | total time: 0.72m
step 00092 (9.20%) | loss: 2.698801 | lrm: 0.46 | dt: 538.96ms | tok/sec: 15,199 | mfu: 4.92 | epoch: 1 | total time: 0.73m
step 00093 (9.30%) | loss: 2.637312 | lrm: 0.46 | dt: 551.74ms | tok/sec: 14,847 | mfu: 4.80 | epoch: 1 | total time: 0.73m
step 00094 (9.40%) | loss: 2.610545 | lrm: 0.47 | dt: 542.21ms | tok/sec: 15,108 | mfu: 4.89 | epoch: 1 | total time: 0.74m
step 00095 (9.50%) | loss: 2.728573 | lrm: 0.47 | dt: 532.28ms | tok/sec: 15,390 | mfu: 4.98 | epoch: 1 | total time: 0.75m
step 00096 (9.60%) | loss: 2.689628 | lrm: 0.48 | dt: 532.53ms | tok/sec: 15,383 | mfu: 4.98 | epoch: 1 | total time: 0.76m
step 00097 (9.70%) | loss: 2.635126 | lrm: 0.48 | dt: 539.94ms | tok/sec: 15,172 | mfu: 4.91 | epoch: 1 | total time: 0.77m
step 00098 (9.80%) | loss: 2.657024 | lrm: 0.49 | dt: 541.84ms | tok/sec: 15,118 | mfu: 4.89 | epoch: 1 | total time: 0.78m
step 00099 (9.90%) | loss: 2.637564 | lrm: 0.49 | dt: 519.93ms | tok/sec: 15,755 | mfu: 5.10 | epoch: 1 | total time: 0.79m
step 00100 (10.00%) | loss: 2.625753 | lrm: 0.50 | dt: 516.69ms | tok/sec: 15,854 | mfu: 5.13 | epoch: 1 | total time: 0.80m
Step 00100 | Validation bpb: 0.7889
step 00101 (10.10%) | loss: 2.632951 | lrm: 0.51 | dt: 497.62ms | tok/sec: 16,462 | mfu: 5.33 | epoch: 1 | total time: 0.81m
step 00102 (10.20%) | loss: 2.687862 | lrm: 0.51 | dt: 534.41ms | tok/sec: 15,328 | mfu: 4.96 | epoch: 1 | total time: 0.81m
step 00103 (10.30%) | loss: 2.705572 | lrm: 0.51 | dt: 565.22ms | tok/sec: 14,493 | mfu: 4.69 | epoch: 1 | total time: 0.82m
step 00104 (10.40%) | loss: 2.731412 | lrm: 0.52 | dt: 553.72ms | tok/sec: 14,794 | mfu: 4.79 | epoch: 1 | total time: 0.83m
step 00105 (10.50%) | loss: 2.805799 | lrm: 0.52 | dt: 1405.45ms | tok/sec: 5,828 | mfu: 1.89 | epoch: 1 | total time: 0.86m
step 00106 (10.60%) | loss: 2.760391 | lrm: 0.53 | dt: 555.30ms | tok/sec: 14,752 | mfu: 4.77 | epoch: 1 | total time: 0.87m
step 00107 (10.70%) | loss: 2.751974 | lrm: 0.53 | dt: 571.32ms | tok/sec: 14,338 | mfu: 4.64 | epoch: 1 | total time: 0.87m
step 00108 (10.80%) | loss: 2.803960 | lrm: 0.54 | dt: 571.23ms | tok/sec: 14,341 | mfu: 4.64 | epoch: 1 | total time: 0.88m
step 00109 (10.90%) | loss: 2.940453 | lrm: 0.54 | dt: 549.02ms | tok/sec: 14,921 | mfu: 4.83 | epoch: 1 | total time: 0.89m
step 00110 (11.00%) | loss: 2.826723 | lrm: 0.55 | dt: 546.25ms | tok/sec: 14,996 | mfu: 4.85 | epoch: 1 | total time: 0.90m
step 00111 (11.10%) | loss: 2.740399 | lrm: 0.55 | dt: 576.91ms | tok/sec: 14,199 | mfu: 4.59 | epoch: 1 | total time: 0.91m
step 00112 (11.20%) | loss: 2.711120 | lrm: 0.56 | dt: 543.74ms | tok/sec: 15,066 | mfu: 4.87 | epoch: 1 | total time: 0.92m
step 00113 (11.30%) | loss: 2.674953 | lrm: 0.56 | dt: 538.41ms | tok/sec: 15,215 | mfu: 4.92 | epoch: 1 | total time: 0.93m
step 00114 (11.40%) | loss: 2.655273 | lrm: 0.57 | dt: 551.67ms | tok/sec: 14,849 | mfu: 4.80 | epoch: 1 | total time: 0.94m
step 00115 (11.50%) | loss: 2.681349 | lrm: 0.57 | dt: 558.21ms | tok/sec: 14,675 | mfu: 4.75 | epoch: 1 | total time: 0.95m
step 00116 (11.60%) | loss: 2.622302 | lrm: 0.58 | dt: 529.75ms | tok/sec: 15,464 | mfu: 5.00 | epoch: 1 | total time: 0.96m
step 00117 (11.70%) | loss: 2.704641 | lrm: 0.58 | dt: 532.90ms | tok/sec: 15,372 | mfu: 4.97 | epoch: 1 | total time: 0.97m
step 00118 (11.80%) | loss: 2.811682 | lrm: 0.59 | dt: 526.07ms | tok/sec: 15,572 | mfu: 5.04 | epoch: 1 | total time: 0.98m
step 00119 (11.90%) | loss: 2.751006 | lrm: 0.59 | dt: 535.52ms | tok/sec: 15,297 | mfu: 4.95 | epoch: 1 | total time: 0.98m
step 00120 (12.00%) | loss: 2.756359 | lrm: 0.60 | dt: 508.80ms | tok/sec: 16,100 | mfu: 5.21 | epoch: 1 | total time: 0.99m
step 00121 (12.10%) | loss: 2.790902 | lrm: 0.60 | dt: 509.57ms | tok/sec: 16,076 | mfu: 5.20 | epoch: 1 | total time: 1.00m
step 00122 (12.20%) | loss: 2.788147 | lrm: 0.61 | dt: 507.84ms | tok/sec: 16,131 | mfu: 5.22 | epoch: 1 | total time: 1.01m
step 00123 (12.30%) | loss: 3.075817 | lrm: 0.61 | dt: 508.33ms | tok/sec: 16,115 | mfu: 5.21 | epoch: 1 | total time: 1.02m
step 00124 (12.40%) | loss: 2.966176 | lrm: 0.62 | dt: 509.90ms | tok/sec: 16,065 | mfu: 5.20 | epoch: 1 | total time: 1.03m
step 00125 (12.50%) | loss: 2.967999 | lrm: 0.62 | dt: 449.53ms | tok/sec: 18,223 | mfu: 5.89 | epoch: 1 | total time: 1.03m
Step 00125 | Validation bpb: 0.7930
step 00126 (12.60%) | loss: 2.954399 | lrm: 0.63 | dt: 513.59ms | tok/sec: 15,950 | mfu: 5.16 | epoch: 1 | total time: 1.04m
step 00127 (12.70%) | loss: 2.860007 | lrm: 0.64 | dt: 512.13ms | tok/sec: 15,995 | mfu: 5.17 | epoch: 1 | total time: 1.05m
step 00128 (12.80%) | loss: 2.879831 | lrm: 0.64 | dt: 512.66ms | tok/sec: 15,979 | mfu: 5.17 | epoch: 1 | total time: 1.06m
step 00129 (12.90%) | loss: 2.851613 | lrm: 0.65 | dt: 511.98ms | tok/sec: 16,000 | mfu: 5.18 | epoch: 1 | total time: 1.07m
step 00130 (13.00%) | loss: 2.765808 | lrm: 0.65 | dt: 510.41ms | tok/sec: 16,049 | mfu: 5.19 | epoch: 1 | total time: 1.08m
step 00131 (13.10%) | loss: 2.778555 | lrm: 0.66 | dt: 509.36ms | tok/sec: 16,082 | mfu: 5.20 | epoch: 1 | total time: 1.09m
step 00132 (13.20%) | loss: 2.813436 | lrm: 0.66 | dt: 511.12ms | tok/sec: 16,027 | mfu: 5.18 | epoch: 1 | total time: 1.09m
step 00133 (13.30%) | loss: 2.910681 | lrm: 0.67 | dt: 510.58ms | tok/sec: 16,044 | mfu: 5.19 | epoch: 1 | total time: 1.10m
step 00134 (13.40%) | loss: 2.805595 | lrm: 0.67 | dt: 1428.61ms | tok/sec: 5,734 | mfu: 1.85 | epoch: 1 | total time: 1.13m
step 00135 (13.50%) | loss: 2.806940 | lrm: 0.68 | dt: 469.28ms | tok/sec: 17,456 | mfu: 5.65 | epoch: 1 | total time: 1.13m
step 00136 (13.60%) | loss: 2.817834 | lrm: 0.68 | dt: 531.34ms | tok/sec: 15,417 | mfu: 4.99 | epoch: 1 | total time: 1.14m
step 00137 (13.70%) | loss: 2.782587 | lrm: 0.69 | dt: 530.51ms | tok/sec: 15,441 | mfu: 5.00 | epoch: 1 | total time: 1.15m
step 00138 (13.80%) | loss: 2.789086 | lrm: 0.69 | dt: 531.40ms | tok/sec: 15,415 | mfu: 4.99 | epoch: 1 | total time: 1.16m
step 00139 (13.90%) | loss: 2.722405 | lrm: 0.70 | dt: 529.90ms | tok/sec: 15,459 | mfu: 5.00 | epoch: 1 | total time: 1.17m
step 00140 (14.00%) | loss: 2.686168 | lrm: 0.70 | dt: 530.28ms | tok/sec: 15,448 | mfu: 5.00 | epoch: 1 | total time: 1.18m
step 00141 (14.10%) | loss: 2.658419 | lrm: 0.70 | dt: 529.72ms | tok/sec: 15,464 | mfu: 5.00 | epoch: 1 | total time: 1.19m
step 00142 (14.20%) | loss: 2.643329 | lrm: 0.71 | dt: 529.66ms | tok/sec: 15,466 | mfu: 5.00 | epoch: 1 | total time: 1.20m
step 00143 (14.30%) | loss: 2.558683 | lrm: 0.71 | dt: 522.48ms | tok/sec: 15,679 | mfu: 5.07 | epoch: 1 | total time: 1.20m
step 00144 (14.40%) | loss: 2.558938 | lrm: 0.72 | dt: 523.25ms | tok/sec: 15,655 | mfu: 5.06 | epoch: 1 | total time: 1.21m
step 00145 (14.50%) | loss: 2.543637 | lrm: 0.72 | dt: 570.65ms | tok/sec: 14,355 | mfu: 4.64 | epoch: 1 | total time: 1.22m
step 00146 (14.60%) | loss: 2.611249 | lrm: 0.73 | dt: 499.98ms | tok/sec: 16,384 | mfu: 5.30 | epoch: 1 | total time: 1.23m
step 00147 (14.70%) | loss: 2.608158 | lrm: 0.73 | dt: 529.97ms | tok/sec: 15,457 | mfu: 5.00 | epoch: 1 | total time: 1.24m
step 00148 (14.80%) | loss: 2.547587 | lrm: 0.74 | dt: 528.60ms | tok/sec: 15,497 | mfu: 5.01 | epoch: 1 | total time: 1.25m
step 00149 (14.90%) | loss: 2.529202 | lrm: 0.74 | dt: 539.30ms | tok/sec: 15,189 | mfu: 4.91 | epoch: 1 | total time: 1.26m
step 00150 (15.00%) | loss: 2.537518 | lrm: 0.75 | dt: 508.93ms | tok/sec: 16,096 | mfu: 5.21 | epoch: 1 | total time: 1.27m
Step 00150 | Validation bpb: 0.9097
step 00151 (15.10%) | loss: 2.524747 | lrm: 0.75 | dt: 539.98ms | tok/sec: 15,170 | mfu: 4.91 | epoch: 1 | total time: 1.28m
step 00152 (15.20%) | loss: 2.411684 | lrm: 0.76 | dt: 529.08ms | tok/sec: 15,483 | mfu: 5.01 | epoch: 1 | total time: 1.28m
step 00153 (15.30%) | loss: 2.398388 | lrm: 0.76 | dt: 483.15ms | tok/sec: 16,955 | mfu: 5.48 | epoch: 1 | total time: 1.29m
step 00154 (15.40%) | loss: 2.450296 | lrm: 0.77 | dt: 523.27ms | tok/sec: 15,655 | mfu: 5.06 | epoch: 1 | total time: 1.30m
step 00155 (15.50%) | loss: 2.378423 | lrm: 0.77 | dt: 562.12ms | tok/sec: 14,573 | mfu: 4.71 | epoch: 1 | total time: 1.31m
step 00156 (15.60%) | loss: 2.319612 | lrm: 0.78 | dt: 562.58ms | tok/sec: 14,561 | mfu: 4.71 | epoch: 1 | total time: 1.32m
step 00157 (15.70%) | loss: 2.345266 | lrm: 0.78 | dt: 541.64ms | tok/sec: 15,124 | mfu: 4.89 | epoch: 1 | total time: 1.33m
step 00158 (15.80%) | loss: 2.412261 | lrm: 0.79 | dt: 466.63ms | tok/sec: 17,555 | mfu: 5.68 | epoch: 1 | total time: 1.34m
step 00159 (15.90%) | loss: 2.404271 | lrm: 0.79 | dt: 574.36ms | tok/sec: 14,262 | mfu: 4.61 | epoch: 1 | total time: 1.35m
step 00160 (16.00%) | loss: 2.394669 | lrm: 0.80 | dt: 553.68ms | tok/sec: 14,795 | mfu: 4.79 | epoch: 1 | total time: 1.36m
step 00161 (16.10%) | loss: 2.391710 | lrm: 0.80 | dt: 540.88ms | tok/sec: 15,145 | mfu: 4.90 | epoch: 1 | total time: 1.36m
step 00162 (16.20%) | loss: 2.399215 | lrm: 0.81 | dt: 560.90ms | tok/sec: 14,605 | mfu: 4.72 | epoch: 1 | total time: 1.37m
step 00163 (16.30%) | loss: 2.578512 | lrm: 0.81 | dt: 1363.55ms | tok/sec: 6,007 | mfu: 1.94 | epoch: 1 | total time: 1.40m
step 00164 (16.40%) | loss: 2.620068 | lrm: 0.82 | dt: 555.20ms | tok/sec: 14,755 | mfu: 4.77 | epoch: 1 | total time: 1.41m
step 00165 (16.50%) | loss: 2.686018 | lrm: 0.82 | dt: 567.06ms | tok/sec: 14,446 | mfu: 4.67 | epoch: 1 | total time: 1.41m
step 00166 (16.60%) | loss: 2.647421 | lrm: 0.83 | dt: 563.95ms | tok/sec: 14,526 | mfu: 4.70 | epoch: 1 | total time: 1.42m
step 00167 (16.70%) | loss: 2.652770 | lrm: 0.83 | dt: 525.61ms | tok/sec: 15,585 | mfu: 5.04 | epoch: 1 | total time: 1.43m
step 00168 (16.80%) | loss: 2.629023 | lrm: 0.84 | dt: 525.46ms | tok/sec: 15,590 | mfu: 5.04 | epoch: 1 | total time: 1.44m
step 00169 (16.90%) | loss: 2.601428 | lrm: 0.84 | dt: 524.84ms | tok/sec: 15,608 | mfu: 5.05 | epoch: 1 | total time: 1.45m
step 00170 (17.00%) | loss: 2.742330 | lrm: 0.85 | dt: 518.72ms | tok/sec: 15,792 | mfu: 5.11 | epoch: 1 | total time: 1.46m
step 00171 (17.10%) | loss: 2.740914 | lrm: 0.85 | dt: 452.76ms | tok/sec: 18,093 | mfu: 5.85 | epoch: 1 | total time: 1.47m
step 00172 (17.20%) | loss: 2.804884 | lrm: 0.86 | dt: 619.67ms | tok/sec: 13,219 | mfu: 4.28 | epoch: 1 | total time: 1.48m
step 00173 (17.30%) | loss: 2.853837 | lrm: 0.86 | dt: 511.59ms | tok/sec: 16,012 | mfu: 5.18 | epoch: 1 | total time: 1.49m
step 00174 (17.40%) | loss: 2.905537 | lrm: 0.87 | dt: 511.57ms | tok/sec: 16,013 | mfu: 5.18 | epoch: 1 | total time: 1.49m
step 00175 (17.50%) | loss: 2.862888 | lrm: 0.87 | dt: 514.72ms | tok/sec: 15,915 | mfu: 5.15 | epoch: 1 | total time: 1.50m
Step 00175 | Validation bpb: 0.8233
step 00176 (17.60%) | loss: 2.825045 | lrm: 0.88 | dt: 510.84ms | tok/sec: 16,036 | mfu: 5.19 | epoch: 1 | total time: 1.51m
step 00177 (17.70%) | loss: 2.878020 | lrm: 0.88 | dt: 514.52ms | tok/sec: 15,921 | mfu: 5.15 | epoch: 1 | total time: 1.52m
step 00178 (17.80%) | loss: 2.876000 | lrm: 0.89 | dt: 514.67ms | tok/sec: 15,917 | mfu: 5.15 | epoch: 1 | total time: 1.53m
step 00179 (17.90%) | loss: 2.800766 | lrm: 0.89 | dt: 513.94ms | tok/sec: 15,939 | mfu: 5.16 | epoch: 1 | total time: 1.54m
step 00180 (18.00%) | loss: 2.805970 | lrm: 0.90 | dt: 453.03ms | tok/sec: 18,082 | mfu: 5.85 | epoch: 1 | total time: 1.54m
step 00181 (18.10%) | loss: 2.818773 | lrm: 0.90 | dt: 514.32ms | tok/sec: 15,927 | mfu: 5.15 | epoch: 1 | total time: 1.55m
step 00182 (18.20%) | loss: 2.680926 | lrm: 0.91 | dt: 513.49ms | tok/sec: 15,953 | mfu: 5.16 | epoch: 1 | total time: 1.56m
step 00183 (18.30%) | loss: 2.829959 | lrm: 0.91 | dt: 516.16ms | tok/sec: 15,870 | mfu: 5.13 | epoch: 1 | total time: 1.57m
step 00184 (18.40%) | loss: 2.854636 | lrm: 0.92 | dt: 514.76ms | tok/sec: 15,914 | mfu: 5.15 | epoch: 1 | total time: 1.58m
step 00185 (18.50%) | loss: 2.776197 | lrm: 0.92 | dt: 515.50ms | tok/sec: 15,891 | mfu: 5.14 | epoch: 1 | total time: 1.59m
step 00186 (18.60%) | loss: 2.863101 | lrm: 0.93 | dt: 455.27ms | tok/sec: 17,993 | mfu: 5.82 | epoch: 1 | total time: 1.60m
step 00187 (18.70%) | loss: 2.812177 | lrm: 0.93 | dt: 512.89ms | tok/sec: 15,972 | mfu: 5.17 | epoch: 1 | total time: 1.60m
step 00188 (18.80%) | loss: 2.805303 | lrm: 0.94 | dt: 514.30ms | tok/sec: 15,928 | mfu: 5.15 | epoch: 1 | total time: 1.61m
step 00189 (18.90%) | loss: 2.744230 | lrm: 0.94 | dt: 516.89ms | tok/sec: 15,848 | mfu: 5.13 | epoch: 1 | total time: 1.62m
step 00190 (19.00%) | loss: 2.692142 | lrm: 0.95 | dt: 521.96ms | tok/sec: 15,694 | mfu: 5.08 | epoch: 1 | total time: 1.63m
step 00191 (19.10%) | loss: 2.718330 | lrm: 0.95 | dt: 525.12ms | tok/sec: 15,600 | mfu: 5.05 | epoch: 1 | total time: 1.64m
step 00192 (19.20%) | loss: 2.646574 | lrm: 0.96 | dt: 521.43ms | tok/sec: 15,710 | mfu: 5.08 | epoch: 1 | total time: 1.65m
step 00193 (19.30%) | loss: 2.617447 | lrm: 0.96 | dt: 1421.50ms | tok/sec: 5,762 | mfu: 1.86 | epoch: 1 | total time: 1.67m
step 00194 (19.40%) | loss: 2.679168 | lrm: 0.97 | dt: 526.98ms | tok/sec: 15,545 | mfu: 5.03 | epoch: 1 | total time: 1.68m
step 00195 (19.50%) | loss: 2.637633 | lrm: 0.97 | dt: 528.88ms | tok/sec: 15,489 | mfu: 5.01 | epoch: 1 | total time: 1.69m
step 00196 (19.60%) | loss: 2.792075 | lrm: 0.98 | dt: 527.64ms | tok/sec: 15,525 | mfu: 5.02 | epoch: 1 | total time: 1.70m
step 00197 (19.70%) | loss: 2.602954 | lrm: 0.98 | dt: 527.58ms | tok/sec: 15,527 | mfu: 5.02 | epoch: 1 | total time: 1.71m
step 00198 (19.80%) | loss: 2.616795 | lrm: 0.99 | dt: 527.25ms | tok/sec: 15,537 | mfu: 5.03 | epoch: 1 | total time: 1.71m
step 00199 (19.90%) | loss: 2.756189 | lrm: 0.99 | dt: 525.72ms | tok/sec: 15,582 | mfu: 5.04 | epoch: 1 | total time: 1.72m
step 00200 (20.00%) | loss: 2.685337 | lrm: 1.00 | dt: 512.77ms | tok/sec: 15,975 | mfu: 5.17 | epoch: 1 | total time: 1.73m
Step 00200 | Validation bpb: 0.8522
step 00201 (20.10%) | loss: 2.704622 | lrm: 1.00 | dt: 448.77ms | tok/sec: 18,254 | mfu: 5.90 | epoch: 1 | total time: 1.74m
step 00202 (20.20%) | loss: 2.691417 | lrm: 1.00 | dt: 508.34ms | tok/sec: 16,115 | mfu: 5.21 | epoch: 1 | total time: 1.75m
step 00203 (20.30%) | loss: 2.687148 | lrm: 1.00 | dt: 508.15ms | tok/sec: 16,121 | mfu: 5.21 | epoch: 1 | total time: 1.76m
step 00204 (20.40%) | loss: 2.609893 | lrm: 1.00 | dt: 508.01ms | tok/sec: 16,125 | mfu: 5.22 | epoch: 1 | total time: 1.76m
step 00205 (20.50%) | loss: 2.601862 | lrm: 1.00 | dt: 401.34ms | tok/sec: 20,411 | mfu: 6.60 | epoch: 1 | total time: 1.77m
step 00206 (20.60%) | loss: 2.596555 | lrm: 1.00 | dt: 446.32ms | tok/sec: 18,354 | mfu: 5.94 | epoch: 1 | total time: 1.78m
step 00207 (20.70%) | loss: 2.570921 | lrm: 1.00 | dt: 513.43ms | tok/sec: 15,955 | mfu: 5.16 | epoch: 1 | total time: 1.79m
step 00208 (20.80%) | loss: 2.628261 | lrm: 1.00 | dt: 514.68ms | tok/sec: 15,916 | mfu: 5.15 | epoch: 1 | total time: 1.80m
step 00209 (20.90%) | loss: 2.651101 | lrm: 1.00 | dt: 513.79ms | tok/sec: 15,944 | mfu: 5.16 | epoch: 1 | total time: 1.80m
step 00210 (21.00%) | loss: 2.590956 | lrm: 1.00 | dt: 514.40ms | tok/sec: 15,925 | mfu: 5.15 | epoch: 1 | total time: 1.81m
step 00211 (21.10%) | loss: 2.561803 | lrm: 1.00 | dt: 513.78ms | tok/sec: 15,944 | mfu: 5.16 | epoch: 1 | total time: 1.82m
step 00212 (21.20%) | loss: 2.579197 | lrm: 1.00 | dt: 514.74ms | tok/sec: 15,914 | mfu: 5.15 | epoch: 1 | total time: 1.83m
step 00213 (21.30%) | loss: 2.535144 | lrm: 1.00 | dt: 514.26ms | tok/sec: 15,929 | mfu: 5.15 | epoch: 1 | total time: 1.84m
step 00214 (21.40%) | loss: 2.531324 | lrm: 1.00 | dt: 513.91ms | tok/sec: 15,940 | mfu: 5.16 | epoch: 1 | total time: 1.85m
step 00215 (21.50%) | loss: 2.477561 | lrm: 1.00 | dt: 514.87ms | tok/sec: 15,910 | mfu: 5.15 | epoch: 1 | total time: 1.86m
step 00216 (21.60%) | loss: 2.449656 | lrm: 1.00 | dt: 514.49ms | tok/sec: 15,922 | mfu: 5.15 | epoch: 1 | total time: 1.86m
step 00217 (21.70%) | loss: 2.451009 | lrm: 1.00 | dt: 514.36ms | tok/sec: 15,926 | mfu: 5.15 | epoch: 1 | total time: 1.87m
step 00218 (21.80%) | loss: 2.405660 | lrm: 1.00 | dt: 456.83ms | tok/sec: 17,932 | mfu: 5.80 | epoch: 1 | total time: 1.88m
step 00219 (21.90%) | loss: 2.483172 | lrm: 1.00 | dt: 517.04ms | tok/sec: 15,844 | mfu: 5.13 | epoch: 1 | total time: 1.89m
step 00220 (22.00%) | loss: 2.557670 | lrm: 1.00 | dt: 514.16ms | tok/sec: 15,932 | mfu: 5.15 | epoch: 1 | total time: 1.90m
step 00221 (22.10%) | loss: 2.583896 | lrm: 1.00 | dt: 512.82ms | tok/sec: 15,974 | mfu: 5.17 | epoch: 1 | total time: 1.91m
step 00222 (22.20%) | loss: 2.519408 | lrm: 1.00 | dt: 521.26ms | tok/sec: 15,715 | mfu: 5.08 | epoch: 1 | total time: 1.92m
step 00223 (22.30%) | loss: 2.462460 | lrm: 1.00 | dt: 1431.54ms | tok/sec: 5,722 | mfu: 1.85 | epoch: 1 | total time: 1.94m
step 00224 (22.40%) | loss: 2.441435 | lrm: 1.00 | dt: 532.56ms | tok/sec: 15,382 | mfu: 4.98 | epoch: 1 | total time: 1.95m
step 00225 (22.50%) | loss: 2.460179 | lrm: 1.00 | dt: 529.37ms | tok/sec: 15,475 | mfu: 5.01 | epoch: 1 | total time: 1.96m
Step 00225 | Validation bpb: 0.7922
step 00226 (22.60%) | loss: 2.416387 | lrm: 1.00 | dt: 510.06ms | tok/sec: 16,060 | mfu: 5.20 | epoch: 1 | total time: 1.97m
step 00227 (22.70%) | loss: 2.435521 | lrm: 1.00 | dt: 505.01ms | tok/sec: 16,221 | mfu: 5.25 | epoch: 1 | total time: 1.97m
step 00228 (22.80%) | loss: 2.425833 | lrm: 1.00 | dt: 509.07ms | tok/sec: 16,092 | mfu: 5.21 | epoch: 1 | total time: 1.98m
step 00229 (22.90%) | loss: 2.412908 | lrm: 1.00 | dt: 508.40ms | tok/sec: 16,113 | mfu: 5.21 | epoch: 1 | total time: 1.99m
step 00230 (23.00%) | loss: 2.359287 | lrm: 1.00 | dt: 446.87ms | tok/sec: 18,331 | mfu: 5.93 | epoch: 1 | total time: 2.00m
step 00231 (23.10%) | loss: 2.292762 | lrm: 1.00 | dt: 507.50ms | tok/sec: 16,141 | mfu: 5.22 | epoch: 1 | total time: 2.01m
step 00232 (23.20%) | loss: 2.236900 | lrm: 1.00 | dt: 508.73ms | tok/sec: 16,102 | mfu: 5.21 | epoch: 1 | total time: 2.02m
step 00233 (23.30%) | loss: 2.264291 | lrm: 1.00 | dt: 506.06ms | tok/sec: 16,187 | mfu: 5.24 | epoch: 1 | total time: 2.02m
step 00234 (23.40%) | loss: 2.301943 | lrm: 1.00 | dt: 507.81ms | tok/sec: 16,131 | mfu: 5.22 | epoch: 1 | total time: 2.03m
step 00235 (23.50%) | loss: 2.346588 | lrm: 1.00 | dt: 505.55ms | tok/sec: 16,204 | mfu: 5.24 | epoch: 1 | total time: 2.04m
step 00236 (23.60%) | loss: 2.305030 | lrm: 1.00 | dt: 507.67ms | tok/sec: 16,136 | mfu: 5.22 | epoch: 1 | total time: 2.05m
step 00237 (23.70%) | loss: 2.298971 | lrm: 1.00 | dt: 514.18ms | tok/sec: 15,932 | mfu: 5.15 | epoch: 1 | total time: 2.06m
step 00238 (23.80%) | loss: 2.256063 | lrm: 1.00 | dt: 516.05ms | tok/sec: 15,874 | mfu: 5.14 | epoch: 1 | total time: 2.07m
step 00239 (23.90%) | loss: 2.282147 | lrm: 1.00 | dt: 511.10ms | tok/sec: 16,028 | mfu: 5.18 | epoch: 1 | total time: 2.07m
step 00240 (24.00%) | loss: 2.242068 | lrm: 1.00 | dt: 545.60ms | tok/sec: 15,014 | mfu: 4.86 | epoch: 1 | total time: 2.08m
step 00241 (24.10%) | loss: 2.249095 | lrm: 1.00 | dt: 553.58ms | tok/sec: 14,798 | mfu: 4.79 | epoch: 1 | total time: 2.09m
step 00242 (24.20%) | loss: 2.254734 | lrm: 1.00 | dt: 469.73ms | tok/sec: 17,439 | mfu: 5.64 | epoch: 1 | total time: 2.10m
step 00243 (24.30%) | loss: 2.224000 | lrm: 1.00 | dt: 539.27ms | tok/sec: 15,190 | mfu: 4.91 | epoch: 1 | total time: 2.11m
step 00244 (24.40%) | loss: 2.180762 | lrm: 1.00 | dt: 554.21ms | tok/sec: 14,781 | mfu: 4.78 | epoch: 1 | total time: 2.12m
step 00245 (24.50%) | loss: 2.209732 | lrm: 1.00 | dt: 556.25ms | tok/sec: 14,727 | mfu: 4.76 | epoch: 1 | total time: 2.13m
step 00246 (24.60%) | loss: 2.239320 | lrm: 1.00 | dt: 492.32ms | tok/sec: 16,639 | mfu: 5.38 | epoch: 1 | total time: 2.14m
step 00247 (24.70%) | loss: 2.308194 | lrm: 1.00 | dt: 468.61ms | tok/sec: 17,481 | mfu: 5.65 | epoch: 1 | total time: 2.14m
step 00248 (24.80%) | loss: 2.316828 | lrm: 1.00 | dt: 527.33ms | tok/sec: 15,534 | mfu: 5.03 | epoch: 1 | total time: 2.15m
step 00249 (24.90%) | loss: 2.278450 | lrm: 1.00 | dt: 524.07ms | tok/sec: 15,631 | mfu: 5.06 | epoch: 1 | total time: 2.16m
step 00250 (25.00%) | loss: 2.321953 | lrm: 1.00 | dt: 533.91ms | tok/sec: 15,343 | mfu: 4.96 | epoch: 1 | total time: 2.17m
Step 00250 | Validation bpb: 0.7873
step 00251 (25.10%) | loss: 2.289746 | lrm: 1.00 | dt: 533.92ms | tok/sec: 15,343 | mfu: 4.96 | epoch: 1 | total time: 2.18m
step 00252 (25.20%) | loss: 2.278266 | lrm: 1.00 | dt: 545.35ms | tok/sec: 15,021 | mfu: 4.86 | epoch: 1 | total time: 2.19m
step 00253 (25.30%) | loss: 2.208377 | lrm: 1.00 | dt: 533.10ms | tok/sec: 15,366 | mfu: 4.97 | epoch: 1 | total time: 2.20m
step 00254 (25.40%) | loss: 2.209999 | lrm: 1.00 | dt: 536.55ms | tok/sec: 15,267 | mfu: 4.94 | epoch: 1 | total time: 2.21m
step 00255 (25.50%) | loss: 2.213065 | lrm: 1.00 | dt: 552.03ms | tok/sec: 14,839 | mfu: 4.80 | epoch: 1 | total time: 2.22m
step 00256 (25.60%) | loss: 2.237978 | lrm: 1.00 | dt: 529.23ms | tok/sec: 15,479 | mfu: 5.01 | epoch: 1 | total time: 2.22m
step 00257 (25.70%) | loss: 2.245227 | lrm: 1.00 | dt: 403.24ms | tok/sec: 20,315 | mfu: 6.57 | epoch: 1 | total time: 2.23m
step 00258 (25.80%) | loss: 2.305641 | lrm: 1.00 | dt: 505.02ms | tok/sec: 16,221 | mfu: 5.25 | epoch: 1 | total time: 2.24m
step 00259 (25.90%) | loss: 2.366804 | lrm: 1.00 | dt: 509.28ms | tok/sec: 16,085 | mfu: 5.20 | epoch: 1 | total time: 2.25m
step 00260 (26.00%) | loss: 2.344902 | lrm: 1.00 | dt: 515.94ms | tok/sec: 15,877 | mfu: 5.14 | epoch: 1 | total time: 2.26m
step 00261 (26.10%) | loss: 2.441387 | lrm: 1.00 | dt: 546.71ms | tok/sec: 14,984 | mfu: 4.85 | epoch: 1 | total time: 2.27m
step 00262 (26.20%) | loss: 2.432854 | lrm: 1.00 | dt: 540.48ms | tok/sec: 15,156 | mfu: 4.90 | epoch: 1 | total time: 2.27m
step 00263 (26.30%) | loss: 2.437330 | lrm: 1.00 | dt: 504.67ms | tok/sec: 16,232 | mfu: 5.25 | epoch: 1 | total time: 2.28m
step 00264 (26.40%) | loss: 2.547229 | lrm: 1.00 | dt: 444.33ms | tok/sec: 18,436 | mfu: 5.96 | epoch: 1 | total time: 2.29m
step 00265 (26.50%) | loss: 2.544754 | lrm: 1.00 | dt: 507.52ms | tok/sec: 16,141 | mfu: 5.22 | epoch: 1 | total time: 2.30m
step 00266 (26.60%) | loss: 2.537153 | lrm: 1.00 | dt: 517.24ms | tok/sec: 15,838 | mfu: 5.12 | epoch: 1 | total time: 2.31m
step 00267 (26.70%) | loss: 2.497412 | lrm: 1.00 | dt: 514.48ms | tok/sec: 15,923 | mfu: 5.15 | epoch: 1 | total time: 2.32m
step 00268 (26.80%) | loss: 2.568933 | lrm: 1.00 | dt: 515.28ms | tok/sec: 15,898 | mfu: 5.14 | epoch: 1 | total time: 2.32m
step 00269 (26.90%) | loss: 2.602682 | lrm: 1.00 | dt: 514.86ms | tok/sec: 15,911 | mfu: 5.15 | epoch: 1 | total time: 2.33m
step 00270 (27.00%) | loss: 2.557927 | lrm: 1.00 | dt: 454.87ms | tok/sec: 18,009 | mfu: 5.83 | epoch: 1 | total time: 2.34m
step 00271 (27.10%) | loss: 2.528556 | lrm: 1.00 | dt: 514.91ms | tok/sec: 15,909 | mfu: 5.15 | epoch: 1 | total time: 2.35m
step 00272 (27.20%) | loss: 2.672439 | lrm: 1.00 | dt: 516.01ms | tok/sec: 15,875 | mfu: 5.14 | epoch: 1 | total time: 2.36m
step 00273 (27.30%) | loss: 2.743436 | lrm: 1.00 | dt: 514.23ms | tok/sec: 15,930 | mfu: 5.15 | epoch: 1 | total time: 2.37m
step 00274 (27.40%) | loss: 2.785510 | lrm: 1.00 | dt: 515.62ms | tok/sec: 15,887 | mfu: 5.14 | epoch: 1 | total time: 2.38m
step 00275 (27.50%) | loss: 2.752136 | lrm: 1.00 | dt: 457.60ms | tok/sec: 17,902 | mfu: 5.79 | epoch: 1 | total time: 2.38m
Step 00275 | Validation bpb: 0.8944
step 00276 (27.60%) | loss: 2.732963 | lrm: 1.00 | dt: 502.82ms | tok/sec: 16,292 | mfu: 5.27 | epoch: 1 | total time: 2.39m
step 00277 (27.70%) | loss: 2.690086 | lrm: 1.00 | dt: 505.41ms | tok/sec: 16,208 | mfu: 5.24 | epoch: 1 | total time: 2.40m
step 00278 (27.80%) | loss: 2.694890 | lrm: 1.00 | dt: 502.99ms | tok/sec: 16,286 | mfu: 5.27 | epoch: 1 | total time: 2.41m
step 00279 (27.90%) | loss: 2.690301 | lrm: 1.00 | dt: 503.63ms | tok/sec: 16,266 | mfu: 5.26 | epoch: 1 | total time: 2.42m
step 00280 (28.00%) | loss: 2.617636 | lrm: 1.00 | dt: 505.35ms | tok/sec: 16,210 | mfu: 5.24 | epoch: 1 | total time: 2.42m
step 00281 (28.10%) | loss: 2.615367 | lrm: 1.00 | dt: 506.81ms | tok/sec: 16,163 | mfu: 5.23 | epoch: 1 | total time: 2.43m
step 00282 (28.20%) | loss: 2.595544 | lrm: 1.00 | dt: 507.02ms | tok/sec: 16,157 | mfu: 5.23 | epoch: 1 | total time: 2.44m
step 00283 (28.30%) | loss: 2.565553 | lrm: 1.00 | dt: 508.31ms | tok/sec: 16,116 | mfu: 5.21 | epoch: 1 | total time: 2.45m
step 00284 (28.40%) | loss: 2.546948 | lrm: 1.00 | dt: 506.67ms | tok/sec: 16,168 | mfu: 5.23 | epoch: 1 | total time: 2.46m
step 00285 (28.50%) | loss: 2.498701 | lrm: 1.00 | dt: 446.91ms | tok/sec: 18,330 | mfu: 5.93 | epoch: 1 | total time: 2.47m
step 00286 (28.60%) | loss: 2.544914 | lrm: 1.00 | dt: 505.94ms | tok/sec: 16,191 | mfu: 5.24 | epoch: 1 | total time: 2.47m
step 00287 (28.70%) | loss: 2.492436 | lrm: 1.00 | dt: 515.59ms | tok/sec: 15,888 | mfu: 5.14 | epoch: 1 | total time: 2.48m
step 00288 (28.80%) | loss: 2.448024 | lrm: 1.00 | dt: 507.54ms | tok/sec: 16,140 | mfu: 5.22 | epoch: 1 | total time: 2.49m
step 00289 (28.90%) | loss: 2.425000 | lrm: 1.00 | dt: 448.68ms | tok/sec: 18,258 | mfu: 5.91 | epoch: 1 | total time: 2.50m
step 00290 (29.00%) | loss: 2.378143 | lrm: 1.00 | dt: 507.69ms | tok/sec: 16,135 | mfu: 5.22 | epoch: 1 | total time: 2.51m
step 00291 (29.10%) | loss: 2.462480 | lrm: 1.00 | dt: 506.80ms | tok/sec: 16,164 | mfu: 5.23 | epoch: 1 | total time: 2.52m
step 00292 (29.20%) | loss: 2.489314 | lrm: 1.00 | dt: 505.13ms | tok/sec: 16,217 | mfu: 5.25 | epoch: 1 | total time: 2.52m
step 00293 (29.30%) | loss: 2.428752 | lrm: 1.00 | dt: 506.72ms | tok/sec: 16,166 | mfu: 5.23 | epoch: 1 | total time: 2.53m
step 00294 (29.40%) | loss: 2.402353 | lrm: 1.00 | dt: 448.37ms | tok/sec: 18,270 | mfu: 5.91 | epoch: 1 | total time: 2.54m
step 00295 (29.50%) | loss: 2.451037 | lrm: 1.00 | dt: 506.49ms | tok/sec: 16,173 | mfu: 5.23 | epoch: 1 | total time: 2.55m
step 00296 (29.60%) | loss: 2.405307 | lrm: 1.00 | dt: 511.82ms | tok/sec: 16,005 | mfu: 5.18 | epoch: 1 | total time: 2.56m
step 00297 (29.70%) | loss: 2.417979 | lrm: 1.00 | dt: 464.88ms | tok/sec: 17,621 | mfu: 5.70 | epoch: 1 | total time: 2.57m
step 00298 (29.80%) | loss: 2.411588 | lrm: 1.00 | dt: 541.24ms | tok/sec: 15,135 | mfu: 4.90 | epoch: 1 | total time: 2.57m
step 00299 (29.90%) | loss: 2.471060 | lrm: 1.00 | dt: 453.46ms | tok/sec: 18,065 | mfu: 5.84 | epoch: 1 | total time: 2.58m
step 00300 (30.00%) | loss: 2.477017 | lrm: 1.00 | dt: 454.43ms | tok/sec: 18,027 | mfu: 5.83 | epoch: 1 | total time: 2.59m
Step 00300 | Validation bpb: 0.7600
step 00301 (30.10%) | loss: 2.493542 | lrm: 1.00 | dt: 502.38ms | tok/sec: 16,306 | mfu: 5.27 | epoch: 1 | total time: 2.60m
step 00302 (30.20%) | loss: 2.440919 | lrm: 1.00 | dt: 503.01ms | tok/sec: 16,285 | mfu: 5.27 | epoch: 1 | total time: 2.61m
step 00303 (30.30%) | loss: 2.359601 | lrm: 1.00 | dt: 443.08ms | tok/sec: 18,488 | mfu: 5.98 | epoch: 1 | total time: 2.61m
step 00304 (30.40%) | loss: 2.315105 | lrm: 1.00 | dt: 443.14ms | tok/sec: 18,486 | mfu: 5.98 | epoch: 1 | total time: 2.62m
step 00305 (30.50%) | loss: 2.255938 | lrm: 1.00 | dt: 442.86ms | tok/sec: 18,497 | mfu: 5.98 | epoch: 1 | total time: 2.63m
step 00306 (30.60%) | loss: 2.249507 | lrm: 1.00 | dt: 505.87ms | tok/sec: 16,193 | mfu: 5.24 | epoch: 1 | total time: 2.64m
step 00307 (30.70%) | loss: 2.218286 | lrm: 1.00 | dt: 502.72ms | tok/sec: 16,295 | mfu: 5.27 | epoch: 1 | total time: 2.65m
step 00308 (30.80%) | loss: 2.250495 | lrm: 1.00 | dt: 505.09ms | tok/sec: 16,218 | mfu: 5.25 | epoch: 1 | total time: 2.65m
step 00309 (30.90%) | loss: 2.265706 | lrm: 1.00 | dt: 503.06ms | tok/sec: 16,284 | mfu: 5.27 | epoch: 1 | total time: 2.66m
step 00310 (31.00%) | loss: 2.407419 | lrm: 1.00 | dt: 505.14ms | tok/sec: 16,217 | mfu: 5.25 | epoch: 1 | total time: 2.67m
step 00311 (31.10%) | loss: 2.438454 | lrm: 1.00 | dt: 505.65ms | tok/sec: 16,200 | mfu: 5.24 | epoch: 1 | total time: 2.68m
step 00312 (31.20%) | loss: 2.391647 | lrm: 1.00 | dt: 449.96ms | tok/sec: 18,206 | mfu: 5.89 | epoch: 1 | total time: 2.69m
step 00313 (31.30%) | loss: 2.378498 | lrm: 1.00 | dt: 507.90ms | tok/sec: 16,129 | mfu: 5.22 | epoch: 1 | total time: 2.69m
step 00314 (31.40%) | loss: 2.387256 | lrm: 1.00 | dt: 506.31ms | tok/sec: 16,179 | mfu: 5.23 | epoch: 1 | total time: 2.70m
step 00315 (31.50%) | loss: 2.472868 | lrm: 1.00 | dt: 507.33ms | tok/sec: 16,147 | mfu: 5.22 | epoch: 1 | total time: 2.71m
step 00316 (31.60%) | loss: 2.515449 | lrm: 1.00 | dt: 511.44ms | tok/sec: 16,017 | mfu: 5.18 | epoch: 1 | total time: 2.72m
step 00317 (31.70%) | loss: 2.472000 | lrm: 1.00 | dt: 612.30ms | tok/sec: 13,379 | mfu: 4.33 | epoch: 1 | total time: 2.73m
step 00318 (31.80%) | loss: 2.420816 | lrm: 1.00 | dt: 506.15ms | tok/sec: 16,184 | mfu: 5.24 | epoch: 1 | total time: 2.74m
step 00319 (31.90%) | loss: 2.441534 | lrm: 1.00 | dt: 507.67ms | tok/sec: 16,136 | mfu: 5.22 | epoch: 1 | total time: 2.75m
step 00320 (32.00%) | loss: 2.350252 | lrm: 1.00 | dt: 504.61ms | tok/sec: 16,234 | mfu: 5.25 | epoch: 1 | total time: 2.76m
step 00321 (32.10%) | loss: 2.362643 | lrm: 1.00 | dt: 506.34ms | tok/sec: 16,178 | mfu: 5.23 | epoch: 1 | total time: 2.76m
step 00322 (32.20%) | loss: 2.386139 | lrm: 1.00 | dt: 506.34ms | tok/sec: 16,178 | mfu: 5.23 | epoch: 1 | total time: 2.77m
step 00323 (32.30%) | loss: 2.415248 | lrm: 1.00 | dt: 448.37ms | tok/sec: 18,270 | mfu: 5.91 | epoch: 1 | total time: 2.78m
step 00324 (32.40%) | loss: 2.355947 | lrm: 1.00 | dt: 506.45ms | tok/sec: 16,175 | mfu: 5.23 | epoch: 1 | total time: 2.79m
step 00325 (32.50%) | loss: 2.257056 | lrm: 1.00 | dt: 507.28ms | tok/sec: 16,148 | mfu: 5.22 | epoch: 1 | total time: 2.80m
Step 00325 | Validation bpb: 0.8149
step 00326 (32.60%) | loss: 2.168378 | lrm: 1.00 | dt: 501.74ms | tok/sec: 16,327 | mfu: 5.28 | epoch: 1 | total time: 2.81m
step 00327 (32.70%) | loss: 2.177615 | lrm: 1.00 | dt: 501.18ms | tok/sec: 16,345 | mfu: 5.29 | epoch: 1 | total time: 2.81m
step 00328 (32.80%) | loss: 2.175022 | lrm: 1.00 | dt: 446.19ms | tok/sec: 18,359 | mfu: 5.94 | epoch: 1 | total time: 2.82m
step 00329 (32.90%) | loss: 2.113107 | lrm: 1.00 | dt: 503.83ms | tok/sec: 16,259 | mfu: 5.26 | epoch: 1 | total time: 2.83m
step 00330 (33.00%) | loss: 2.079096 | lrm: 1.00 | dt: 503.06ms | tok/sec: 16,284 | mfu: 5.27 | epoch: 1 | total time: 2.84m
step 00331 (33.10%) | loss: 2.087526 | lrm: 1.00 | dt: 446.41ms | tok/sec: 18,350 | mfu: 5.94 | epoch: 1 | total time: 2.85m
step 00332 (33.20%) | loss: 2.170206 | lrm: 1.00 | dt: 501.45ms | tok/sec: 16,336 | mfu: 5.28 | epoch: 1 | total time: 2.85m
step 00333 (33.30%) | loss: 2.165277 | lrm: 1.00 | dt: 501.59ms | tok/sec: 16,332 | mfu: 5.28 | epoch: 1 | total time: 2.86m
step 00334 (33.40%) | loss: 2.193091 | lrm: 1.00 | dt: 500.51ms | tok/sec: 16,367 | mfu: 5.29 | epoch: 1 | total time: 2.87m
step 00335 (33.50%) | loss: 2.253974 | lrm: 1.00 | dt: 503.14ms | tok/sec: 16,281 | mfu: 5.27 | epoch: 1 | total time: 2.88m
step 00336 (33.60%) | loss: 2.306457 | lrm: 1.00 | dt: 501.33ms | tok/sec: 16,340 | mfu: 5.29 | epoch: 1 | total time: 2.89m
step 00337 (33.70%) | loss: 2.383986 | lrm: 1.00 | dt: 544.43ms | tok/sec: 15,047 | mfu: 4.87 | epoch: 1 | total time: 2.90m
step 00338 (33.80%) | loss: 2.301682 | lrm: 1.00 | dt: 533.25ms | tok/sec: 15,362 | mfu: 4.97 | epoch: 1 | total time: 2.90m
step 00339 (33.90%) | loss: 2.340637 | lrm: 1.00 | dt: 550.86ms | tok/sec: 14,871 | mfu: 4.81 | epoch: 1 | total time: 2.91m
step 00340 (34.00%) | loss: 2.374596 | lrm: 1.00 | dt: 560.93ms | tok/sec: 14,604 | mfu: 4.72 | epoch: 1 | total time: 2.92m
step 00341 (34.10%) | loss: 2.376181 | lrm: 1.00 | dt: 527.25ms | tok/sec: 15,537 | mfu: 5.03 | epoch: 1 | total time: 2.93m
step 00342 (34.20%) | loss: 2.328157 | lrm: 1.00 | dt: 535.70ms | tok/sec: 15,292 | mfu: 4.95 | epoch: 1 | total time: 2.94m
step 00343 (34.30%) | loss: 2.392487 | lrm: 1.00 | dt: 530.57ms | tok/sec: 15,440 | mfu: 4.99 | epoch: 1 | total time: 2.95m
step 00344 (34.40%) | loss: 2.335207 | lrm: 1.00 | dt: 545.66ms | tok/sec: 15,012 | mfu: 4.86 | epoch: 1 | total time: 2.96m
step 00345 (34.50%) | loss: 2.424948 | lrm: 1.00 | dt: 551.62ms | tok/sec: 14,850 | mfu: 4.80 | epoch: 1 | total time: 2.97m
step 00346 (34.60%) | loss: 2.344117 | lrm: 1.00 | dt: 568.58ms | tok/sec: 14,407 | mfu: 4.66 | epoch: 1 | total time: 2.98m
step 00347 (34.70%) | loss: 2.474380 | lrm: 1.00 | dt: 581.85ms | tok/sec: 14,079 | mfu: 4.55 | epoch: 1 | total time: 2.99m
step 00348 (34.80%) | loss: 2.314187 | lrm: 1.00 | dt: 543.88ms | tok/sec: 15,062 | mfu: 4.87 | epoch: 1 | total time: 3.00m
step 00349 (34.90%) | loss: 2.252826 | lrm: 1.00 | dt: 494.97ms | tok/sec: 16,550 | mfu: 5.35 | epoch: 1 | total time: 3.00m
step 00350 (35.00%) | loss: 2.284708 | lrm: 1.00 | dt: 554.83ms | tok/sec: 14,764 | mfu: 4.78 | epoch: 1 | total time: 3.01m
Step 00350 | Validation bpb: 0.9077
step 00351 (35.10%) | loss: 2.367793 | lrm: 1.00 | dt: 420.86ms | tok/sec: 19,464 | mfu: 6.30 | epoch: 1 | total time: 3.02m
step 00352 (35.20%) | loss: 2.285737 | lrm: 1.00 | dt: 565.71ms | tok/sec: 14,480 | mfu: 4.68 | epoch: 1 | total time: 3.03m
step 00353 (35.30%) | loss: 2.313407 | lrm: 1.00 | dt: 540.02ms | tok/sec: 15,169 | mfu: 4.91 | epoch: 1 | total time: 3.04m
step 00354 (35.40%) | loss: 2.340967 | lrm: 1.00 | dt: 531.96ms | tok/sec: 15,399 | mfu: 4.98 | epoch: 1 | total time: 3.05m
step 00355 (35.50%) | loss: 2.436337 | lrm: 1.00 | dt: 478.74ms | tok/sec: 17,111 | mfu: 5.54 | epoch: 1 | total time: 3.06m
step 00356 (35.60%) | loss: 2.406783 | lrm: 1.00 | dt: 557.17ms | tok/sec: 14,702 | mfu: 4.76 | epoch: 1 | total time: 3.07m
step 00357 (35.70%) | loss: 2.457757 | lrm: 1.00 | dt: 434.59ms | tok/sec: 18,850 | mfu: 6.10 | epoch: 1 | total time: 3.07m
step 00358 (35.80%) | loss: 2.429215 | lrm: 1.00 | dt: 493.93ms | tok/sec: 16,585 | mfu: 5.37 | epoch: 1 | total time: 3.08m
step 00359 (35.90%) | loss: 2.391313 | lrm: 1.00 | dt: 540.06ms | tok/sec: 15,168 | mfu: 4.91 | epoch: 1 | total time: 3.09m
step 00360 (36.00%) | loss: 2.383059 | lrm: 1.00 | dt: 446.78ms | tok/sec: 18,335 | mfu: 5.93 | epoch: 1 | total time: 3.10m
step 00361 (36.10%) | loss: 2.483098 | lrm: 1.00 | dt: 510.30ms | tok/sec: 16,053 | mfu: 5.19 | epoch: 1 | total time: 3.11m
step 00362 (36.20%) | loss: 2.408011 | lrm: 1.00 | dt: 516.72ms | tok/sec: 15,853 | mfu: 5.13 | epoch: 1 | total time: 3.11m
step 00363 (36.30%) | loss: 2.402686 | lrm: 1.00 | dt: 515.43ms | tok/sec: 15,893 | mfu: 5.14 | epoch: 1 | total time: 3.12m
step 00364 (36.40%) | loss: 2.432657 | lrm: 1.00 | dt: 508.10ms | tok/sec: 16,122 | mfu: 5.22 | epoch: 1 | total time: 3.13m
step 00365 (36.50%) | loss: 2.429232 | lrm: 1.00 | dt: 519.84ms | tok/sec: 15,758 | mfu: 5.10 | epoch: 1 | total time: 3.14m
step 00366 (36.60%) | loss: 2.370992 | lrm: 1.00 | dt: 532.79ms | tok/sec: 15,375 | mfu: 4.97 | epoch: 1 | total time: 3.15m
step 00367 (36.70%) | loss: 2.416683 | lrm: 1.00 | dt: 553.95ms | tok/sec: 14,788 | mfu: 4.78 | epoch: 1 | total time: 3.16m
step 00368 (36.80%) | loss: 2.442286 | lrm: 1.00 | dt: 538.42ms | tok/sec: 15,214 | mfu: 4.92 | epoch: 1 | total time: 3.17m
step 00369 (36.90%) | loss: 2.410736 | lrm: 1.00 | dt: 535.51ms | tok/sec: 15,297 | mfu: 4.95 | epoch: 1 | total time: 3.18m
step 00370 (37.00%) | loss: 2.394859 | lrm: 1.00 | dt: 542.06ms | tok/sec: 15,112 | mfu: 4.89 | epoch: 1 | total time: 3.19m
step 00371 (37.10%) | loss: 2.333198 | lrm: 1.00 | dt: 528.86ms | tok/sec: 15,489 | mfu: 5.01 | epoch: 1 | total time: 3.19m
step 00372 (37.20%) | loss: 2.341928 | lrm: 1.00 | dt: 521.42ms | tok/sec: 15,711 | mfu: 5.08 | epoch: 1 | total time: 3.20m
step 00373 (37.30%) | loss: 2.299381 | lrm: 1.00 | dt: 535.76ms | tok/sec: 15,290 | mfu: 4.95 | epoch: 1 | total time: 3.21m
step 00374 (37.40%) | loss: 2.234450 | lrm: 1.00 | dt: 544.26ms | tok/sec: 15,051 | mfu: 4.87 | epoch: 1 | total time: 3.22m
step 00375 (37.50%) | loss: 2.205085 | lrm: 1.00 | dt: 533.18ms | tok/sec: 15,364 | mfu: 4.97 | epoch: 1 | total time: 3.23m
Step 00375 | Validation bpb: 0.7434
step 00376 (37.60%) | loss: 2.149517 | lrm: 1.00 | dt: 529.24ms | tok/sec: 15,478 | mfu: 5.01 | epoch: 1 | total time: 3.24m
step 00377 (37.70%) | loss: 2.132426 | lrm: 1.00 | dt: 525.73ms | tok/sec: 15,582 | mfu: 5.04 | epoch: 1 | total time: 3.25m
step 00378 (37.80%) | loss: 2.145269 | lrm: 1.00 | dt: 512.24ms | tok/sec: 15,992 | mfu: 5.17 | epoch: 1 | total time: 3.26m
step 00379 (37.90%) | loss: 2.102180 | lrm: 1.00 | dt: 534.79ms | tok/sec: 15,318 | mfu: 4.96 | epoch: 1 | total time: 3.26m
step 00380 (38.00%) | loss: 2.108565 | lrm: 1.00 | dt: 513.75ms | tok/sec: 15,945 | mfu: 5.16 | epoch: 1 | total time: 3.27m
step 00381 (38.10%) | loss: 2.138343 | lrm: 1.00 | dt: 536.86ms | tok/sec: 15,259 | mfu: 4.94 | epoch: 1 | total time: 3.28m
step 00382 (38.20%) | loss: 2.083786 | lrm: 1.00 | dt: 529.10ms | tok/sec: 15,482 | mfu: 5.01 | epoch: 1 | total time: 3.29m
step 00383 (38.30%) | loss: 2.075289 | lrm: 1.00 | dt: 474.32ms | tok/sec: 17,271 | mfu: 5.59 | epoch: 1 | total time: 3.30m
step 00384 (38.40%) | loss: 2.090844 | lrm: 1.00 | dt: 508.67ms | tok/sec: 16,104 | mfu: 5.21 | epoch: 1 | total time: 3.31m
step 00385 (38.50%) | loss: 2.024046 | lrm: 1.00 | dt: 532.89ms | tok/sec: 15,372 | mfu: 4.97 | epoch: 1 | total time: 3.32m
step 00386 (38.60%) | loss: 2.067309 | lrm: 1.00 | dt: 519.60ms | tok/sec: 15,765 | mfu: 5.10 | epoch: 1 | total time: 3.33m
step 00387 (38.70%) | loss: 2.095947 | lrm: 1.00 | dt: 461.73ms | tok/sec: 17,741 | mfu: 5.74 | epoch: 1 | total time: 3.33m
step 00388 (38.80%) | loss: 2.177342 | lrm: 1.00 | dt: 511.85ms | tok/sec: 16,004 | mfu: 5.18 | epoch: 1 | total time: 3.34m
step 00389 (38.90%) | loss: 2.286243 | lrm: 1.00 | dt: 537.34ms | tok/sec: 15,245 | mfu: 4.93 | epoch: 1 | total time: 3.35m
step 00390 (39.00%) | loss: 2.319745 | lrm: 1.00 | dt: 544.90ms | tok/sec: 15,034 | mfu: 4.86 | epoch: 1 | total time: 3.36m
step 00391 (39.10%) | loss: 2.421508 | lrm: 1.00 | dt: 537.58ms | tok/sec: 15,238 | mfu: 4.93 | epoch: 1 | total time: 3.37m
step 00392 (39.20%) | loss: 2.387199 | lrm: 1.00 | dt: 557.00ms | tok/sec: 14,707 | mfu: 4.76 | epoch: 1 | total time: 3.38m
step 00393 (39.30%) | loss: 2.349428 | lrm: 1.00 | dt: 551.77ms | tok/sec: 14,846 | mfu: 4.80 | epoch: 1 | total time: 3.39m
step 00394 (39.40%) | loss: 2.306463 | lrm: 1.00 | dt: 531.74ms | tok/sec: 15,406 | mfu: 4.98 | epoch: 1 | total time: 3.40m
step 00395 (39.50%) | loss: 2.283346 | lrm: 1.00 | dt: 459.77ms | tok/sec: 17,817 | mfu: 5.76 | epoch: 1 | total time: 3.40m
step 00396 (39.60%) | loss: 2.263088 | lrm: 1.00 | dt: 504.98ms | tok/sec: 16,222 | mfu: 5.25 | epoch: 1 | total time: 3.41m
step 00397 (39.70%) | loss: 2.249671 | lrm: 1.00 | dt: 506.65ms | tok/sec: 16,168 | mfu: 5.23 | epoch: 1 | total time: 3.42m
step 00398 (39.80%) | loss: 2.261158 | lrm: 1.00 | dt: 539.49ms | tok/sec: 15,184 | mfu: 4.91 | epoch: 1 | total time: 3.43m
step 00399 (39.90%) | loss: 2.233649 | lrm: 1.00 | dt: 549.09ms | tok/sec: 14,919 | mfu: 4.83 | epoch: 1 | total time: 3.44m
step 00400 (40.00%) | loss: 2.210123 | lrm: 1.00 | dt: 459.12ms | tok/sec: 17,842 | mfu: 5.77 | epoch: 1 | total time: 3.45m
Step 00400 | Validation bpb: 0.7590
step 00401 (40.10%) | loss: 2.212018 | lrm: 1.00 | dt: 593.23ms | tok/sec: 13,809 | mfu: 4.47 | epoch: 1 | total time: 3.46m
step 00402 (40.20%) | loss: 2.157091 | lrm: 1.00 | dt: 557.53ms | tok/sec: 14,693 | mfu: 4.75 | epoch: 1 | total time: 3.47m
step 00403 (40.30%) | loss: 2.177005 | lrm: 1.00 | dt: 553.69ms | tok/sec: 14,795 | mfu: 4.79 | epoch: 1 | total time: 3.47m
step 00404 (40.40%) | loss: 2.164478 | lrm: 1.00 | dt: 481.96ms | tok/sec: 16,997 | mfu: 5.50 | epoch: 1 | total time: 3.48m
step 00405 (40.50%) | loss: 2.149509 | lrm: 1.00 | dt: 541.64ms | tok/sec: 15,124 | mfu: 4.89 | epoch: 1 | total time: 3.49m
step 00406 (40.60%) | loss: 2.131286 | lrm: 1.00 | dt: 460.97ms | tok/sec: 17,771 | mfu: 5.75 | epoch: 1 | total time: 3.50m
step 00407 (40.70%) | loss: 2.219547 | lrm: 1.00 | dt: 511.59ms | tok/sec: 16,012 | mfu: 5.18 | epoch: 1 | total time: 3.51m
step 00408 (40.80%) | loss: 2.277565 | lrm: 1.00 | dt: 511.18ms | tok/sec: 16,025 | mfu: 5.18 | epoch: 1 | total time: 3.52m
step 00409 (40.90%) | loss: 2.276208 | lrm: 1.00 | dt: 510.32ms | tok/sec: 16,052 | mfu: 5.19 | epoch: 1 | total time: 3.52m
step 00410 (41.00%) | loss: 2.300437 | lrm: 1.00 | dt: 501.57ms | tok/sec: 16,332 | mfu: 5.28 | epoch: 1 | total time: 3.53m
step 00411 (41.10%) | loss: 2.303558 | lrm: 1.00 | dt: 502.66ms | tok/sec: 16,297 | mfu: 5.27 | epoch: 1 | total time: 3.54m
step 00412 (41.20%) | loss: 2.340710 | lrm: 1.00 | dt: 501.46ms | tok/sec: 16,336 | mfu: 5.28 | epoch: 1 | total time: 3.55m
step 00413 (41.30%) | loss: 2.307585 | lrm: 1.00 | dt: 439.94ms | tok/sec: 18,620 | mfu: 6.02 | epoch: 1 | total time: 3.56m
step 00414 (41.40%) | loss: 2.259780 | lrm: 1.00 | dt: 500.86ms | tok/sec: 16,355 | mfu: 5.29 | epoch: 1 | total time: 3.57m
step 00415 (41.50%) | loss: 2.269180 | lrm: 1.00 | dt: 501.97ms | tok/sec: 16,319 | mfu: 5.28 | epoch: 1 | total time: 3.57m
step 00416 (41.60%) | loss: 2.202736 | lrm: 1.00 | dt: 500.23ms | tok/sec: 16,376 | mfu: 5.30 | epoch: 1 | total time: 3.58m
step 00417 (41.70%) | loss: 2.115575 | lrm: 1.00 | dt: 500.66ms | tok/sec: 16,362 | mfu: 5.29 | epoch: 1 | total time: 3.59m
step 00418 (41.80%) | loss: 2.142636 | lrm: 1.00 | dt: 500.33ms | tok/sec: 16,373 | mfu: 5.30 | epoch: 1 | total time: 3.60m
step 00419 (41.90%) | loss: 2.165518 | lrm: 1.00 | dt: 441.45ms | tok/sec: 18,556 | mfu: 6.00 | epoch: 1 | total time: 3.61m
step 00420 (42.00%) | loss: 2.180704 | lrm: 1.00 | dt: 501.03ms | tok/sec: 16,350 | mfu: 5.29 | epoch: 1 | total time: 3.61m
step 00421 (42.10%) | loss: 2.206201 | lrm: 1.00 | dt: 499.90ms | tok/sec: 16,387 | mfu: 5.30 | epoch: 1 | total time: 3.62m
step 00422 (42.20%) | loss: 2.196008 | lrm: 1.00 | dt: 501.28ms | tok/sec: 16,342 | mfu: 5.29 | epoch: 1 | total time: 3.63m
step 00423 (42.30%) | loss: 2.369536 | lrm: 1.00 | dt: 440.05ms | tok/sec: 18,615 | mfu: 6.02 | epoch: 1 | total time: 3.64m
step 00424 (42.40%) | loss: 2.344293 | lrm: 1.00 | dt: 499.83ms | tok/sec: 16,389 | mfu: 5.30 | epoch: 1 | total time: 3.65m
step 00425 (42.50%) | loss: 2.281936 | lrm: 1.00 | dt: 508.58ms | tok/sec: 16,107 | mfu: 5.21 | epoch: 1 | total time: 3.66m
Step 00425 | Validation bpb: 0.7416
step 00426 (42.60%) | loss: 2.286657 | lrm: 1.00 | dt: 532.05ms | tok/sec: 15,397 | mfu: 4.98 | epoch: 1 | total time: 3.66m
step 00427 (42.70%) | loss: 2.251650 | lrm: 1.00 | dt: 532.64ms | tok/sec: 15,380 | mfu: 4.98 | epoch: 1 | total time: 3.67m
step 00428 (42.80%) | loss: 2.285327 | lrm: 1.00 | dt: 1393.45ms | tok/sec: 5,878 | mfu: 1.90 | epoch: 1 | total time: 3.70m
step 00429 (42.90%) | loss: 2.333326 | lrm: 1.00 | dt: 533.98ms | tok/sec: 15,341 | mfu: 4.96 | epoch: 1 | total time: 3.71m
step 00430 (43.00%) | loss: 2.382175 | lrm: 1.00 | dt: 572.54ms | tok/sec: 14,308 | mfu: 4.63 | epoch: 1 | total time: 3.71m
step 00431 (43.10%) | loss: 2.392055 | lrm: 1.00 | dt: 547.14ms | tok/sec: 14,972 | mfu: 4.84 | epoch: 1 | total time: 3.72m
step 00432 (43.20%) | loss: 2.354350 | lrm: 1.00 | dt: 555.75ms | tok/sec: 14,740 | mfu: 4.77 | epoch: 1 | total time: 3.73m
step 00433 (43.30%) | loss: 2.286447 | lrm: 1.00 | dt: 486.04ms | tok/sec: 16,854 | mfu: 5.45 | epoch: 1 | total time: 3.74m
step 00434 (43.40%) | loss: 2.246512 | lrm: 1.00 | dt: 525.63ms | tok/sec: 15,585 | mfu: 5.04 | epoch: 1 | total time: 3.75m
step 00435 (43.50%) | loss: 2.244762 | lrm: 1.00 | dt: 547.25ms | tok/sec: 14,969 | mfu: 4.84 | epoch: 1 | total time: 3.76m
step 00436 (43.60%) | loss: 2.195924 | lrm: 1.00 | dt: 535.91ms | tok/sec: 15,286 | mfu: 4.94 | epoch: 1 | total time: 3.77m
step 00437 (43.70%) | loss: 2.172001 | lrm: 1.00 | dt: 537.09ms | tok/sec: 15,252 | mfu: 4.93 | epoch: 1 | total time: 3.78m
step 00438 (43.80%) | loss: 2.206119 | lrm: 1.00 | dt: 494.25ms | tok/sec: 16,574 | mfu: 5.36 | epoch: 1 | total time: 3.79m
step 00439 (43.90%) | loss: 2.156235 | lrm: 1.00 | dt: 568.46ms | tok/sec: 14,410 | mfu: 4.66 | epoch: 1 | total time: 3.79m
step 00440 (44.00%) | loss: 2.160545 | lrm: 1.00 | dt: 542.61ms | tok/sec: 15,097 | mfu: 4.88 | epoch: 1 | total time: 3.80m
step 00441 (44.10%) | loss: 2.112596 | lrm: 1.00 | dt: 515.96ms | tok/sec: 15,877 | mfu: 5.14 | epoch: 1 | total time: 3.81m
step 00442 (44.20%) | loss: 2.066970 | lrm: 1.00 | dt: 502.74ms | tok/sec: 16,294 | mfu: 5.27 | epoch: 1 | total time: 3.82m
step 00443 (44.30%) | loss: 2.089170 | lrm: 1.00 | dt: 510.70ms | tok/sec: 16,040 | mfu: 5.19 | epoch: 1 | total time: 3.83m
step 00444 (44.40%) | loss: 2.166586 | lrm: 1.00 | dt: 495.39ms | tok/sec: 16,536 | mfu: 5.35 | epoch: 1 | total time: 3.84m
step 00445 (44.50%) | loss: 2.230109 | lrm: 1.00 | dt: 514.83ms | tok/sec: 15,911 | mfu: 5.15 | epoch: 1 | total time: 3.85m
step 00446 (44.60%) | loss: 2.268495 | lrm: 1.00 | dt: 513.27ms | tok/sec: 15,960 | mfu: 5.16 | epoch: 1 | total time: 3.85m
step 00447 (44.70%) | loss: 2.268254 | lrm: 1.00 | dt: 518.26ms | tok/sec: 15,806 | mfu: 5.11 | epoch: 1 | total time: 3.86m
step 00448 (44.80%) | loss: 2.203018 | lrm: 1.00 | dt: 533.62ms | tok/sec: 15,351 | mfu: 4.97 | epoch: 1 | total time: 3.87m
step 00449 (44.90%) | loss: 2.167634 | lrm: 1.00 | dt: 548.46ms | tok/sec: 14,936 | mfu: 4.83 | epoch: 1 | total time: 3.88m
step 00450 (45.00%) | loss: 2.189515 | lrm: 1.00 | dt: 518.26ms | tok/sec: 15,806 | mfu: 5.11 | epoch: 1 | total time: 3.89m
Step 00450 | Validation bpb: 0.7253
step 00451 (45.10%) | loss: 2.178848 | lrm: 1.00 | dt: 542.37ms | tok/sec: 15,103 | mfu: 4.89 | epoch: 1 | total time: 3.90m
step 00452 (45.20%) | loss: 2.252301 | lrm: 1.00 | dt: 582.00ms | tok/sec: 14,075 | mfu: 4.55 | epoch: 1 | total time: 3.91m
step 00453 (45.30%) | loss: 2.178378 | lrm: 1.00 | dt: 456.72ms | tok/sec: 17,936 | mfu: 5.80 | epoch: 1 | total time: 3.92m
step 00454 (45.40%) | loss: 2.156322 | lrm: 1.00 | dt: 510.99ms | tok/sec: 16,031 | mfu: 5.19 | epoch: 1 | total time: 3.92m
step 00455 (45.50%) | loss: 2.188642 | lrm: 1.00 | dt: 512.73ms | tok/sec: 15,977 | mfu: 5.17 | epoch: 1 | total time: 3.93m
step 00456 (45.60%) | loss: 2.156718 | lrm: 1.00 | dt: 513.45ms | tok/sec: 15,954 | mfu: 5.16 | epoch: 1 | total time: 3.94m
step 00457 (45.70%) | loss: 2.126502 | lrm: 1.00 | dt: 1429.67ms | tok/sec: 5,729 | mfu: 1.85 | epoch: 1 | total time: 3.97m
step 00458 (45.80%) | loss: 2.157966 | lrm: 1.00 | dt: 515.38ms | tok/sec: 15,895 | mfu: 5.14 | epoch: 1 | total time: 3.97m
step 00459 (45.90%) | loss: 2.122140 | lrm: 1.00 | dt: 510.28ms | tok/sec: 16,053 | mfu: 5.19 | epoch: 1 | total time: 3.98m
step 00460 (46.00%) | loss: 2.031301 | lrm: 1.00 | dt: 510.84ms | tok/sec: 16,036 | mfu: 5.19 | epoch: 1 | total time: 3.99m
step 00461 (46.10%) | loss: 2.103835 | lrm: 1.00 | dt: 510.93ms | tok/sec: 16,033 | mfu: 5.19 | epoch: 1 | total time: 4.00m
step 00462 (46.20%) | loss: 2.126922 | lrm: 1.00 | dt: 510.97ms | tok/sec: 16,032 | mfu: 5.19 | epoch: 1 | total time: 4.01m
step 00463 (46.30%) | loss: 2.092673 | lrm: 1.00 | dt: 511.55ms | tok/sec: 16,014 | mfu: 5.18 | epoch: 1 | total time: 4.02m
step 00464 (46.40%) | loss: 2.130046 | lrm: 1.00 | dt: 451.84ms | tok/sec: 18,130 | mfu: 5.86 | epoch: 1 | total time: 4.02m
step 00465 (46.50%) | loss: 2.212826 | lrm: 1.00 | dt: 517.16ms | tok/sec: 15,840 | mfu: 5.12 | epoch: 1 | total time: 4.03m
step 00466 (46.60%) | loss: 2.227277 | lrm: 1.00 | dt: 514.02ms | tok/sec: 15,937 | mfu: 5.16 | epoch: 1 | total time: 4.04m
step 00467 (46.70%) | loss: 2.297912 | lrm: 1.00 | dt: 510.60ms | tok/sec: 16,043 | mfu: 5.19 | epoch: 1 | total time: 4.05m
step 00468 (46.80%) | loss: 2.296100 | lrm: 1.00 | dt: 617.81ms | tok/sec: 13,259 | mfu: 4.29 | epoch: 1 | total time: 4.06m
step 00469 (46.90%) | loss: 2.285297 | lrm: 1.00 | dt: 512.15ms | tok/sec: 15,995 | mfu: 5.17 | epoch: 1 | total time: 4.07m
step 00470 (47.00%) | loss: 2.258466 | lrm: 1.00 | dt: 511.62ms | tok/sec: 16,011 | mfu: 5.18 | epoch: 1 | total time: 4.08m
step 00471 (47.10%) | loss: 2.306728 | lrm: 1.00 | dt: 510.26ms | tok/sec: 16,054 | mfu: 5.19 | epoch: 1 | total time: 4.09m
step 00472 (47.20%) | loss: 2.154099 | lrm: 1.00 | dt: 510.56ms | tok/sec: 16,045 | mfu: 5.19 | epoch: 1 | total time: 4.09m
step 00473 (47.30%) | loss: 2.132807 | lrm: 1.00 | dt: 511.18ms | tok/sec: 16,025 | mfu: 5.18 | epoch: 1 | total time: 4.10m
step 00474 (47.40%) | loss: 2.129474 | lrm: 1.00 | dt: 511.38ms | tok/sec: 16,019 | mfu: 5.18 | epoch: 1 | total time: 4.11m
step 00475 (47.50%) | loss: 2.133739 | lrm: 1.00 | dt: 512.48ms | tok/sec: 15,985 | mfu: 5.17 | epoch: 1 | total time: 4.12m
Step 00475 | Validation bpb: 0.7154
step 00476 (47.60%) | loss: 2.159944 | lrm: 1.00 | dt: 520.32ms | tok/sec: 15,744 | mfu: 5.09 | epoch: 1 | total time: 4.13m
step 00477 (47.70%) | loss: 2.143642 | lrm: 1.00 | dt: 511.46ms | tok/sec: 16,016 | mfu: 5.18 | epoch: 1 | total time: 4.14m
step 00478 (47.80%) | loss: 2.096716 | lrm: 1.00 | dt: 511.94ms | tok/sec: 16,001 | mfu: 5.18 | epoch: 1 | total time: 4.15m
step 00479 (47.90%) | loss: 2.118197 | lrm: 1.00 | dt: 512.72ms | tok/sec: 15,977 | mfu: 5.17 | epoch: 1 | total time: 4.15m
step 00480 (48.00%) | loss: 2.179729 | lrm: 1.00 | dt: 510.74ms | tok/sec: 16,039 | mfu: 5.19 | epoch: 1 | total time: 4.16m
step 00481 (48.10%) | loss: 2.186166 | lrm: 1.00 | dt: 450.48ms | tok/sec: 18,185 | mfu: 5.88 | epoch: 1 | total time: 4.17m
step 00482 (48.20%) | loss: 2.221128 | lrm: 1.00 | dt: 511.09ms | tok/sec: 16,028 | mfu: 5.18 | epoch: 1 | total time: 4.18m
step 00483 (48.30%) | loss: 2.228859 | lrm: 1.00 | dt: 522.31ms | tok/sec: 15,684 | mfu: 5.07 | epoch: 1 | total time: 4.19m
step 00484 (48.40%) | loss: 2.120783 | lrm: 1.00 | dt: 519.22ms | tok/sec: 15,777 | mfu: 5.10 | epoch: 1 | total time: 4.20m
step 00485 (48.50%) | loss: 2.131948 | lrm: 1.00 | dt: 510.49ms | tok/sec: 16,047 | mfu: 5.19 | epoch: 1 | total time: 4.20m
step 00486 (48.60%) | loss: 2.073664 | lrm: 1.00 | dt: 530.52ms | tok/sec: 15,441 | mfu: 4.99 | epoch: 1 | total time: 4.21m
step 00487 (48.70%) | loss: 2.134996 | lrm: 1.00 | dt: 1413.79ms | tok/sec: 5,794 | mfu: 1.87 | epoch: 1 | total time: 4.24m
step 00488 (48.80%) | loss: 2.206950 | lrm: 1.00 | dt: 510.62ms | tok/sec: 16,043 | mfu: 5.19 | epoch: 1 | total time: 4.25m
step 00489 (48.90%) | loss: 2.189431 | lrm: 1.00 | dt: 452.53ms | tok/sec: 18,102 | mfu: 5.86 | epoch: 1 | total time: 4.25m
step 00490 (49.00%) | loss: 2.203971 | lrm: 1.00 | dt: 526.24ms | tok/sec: 15,567 | mfu: 5.04 | epoch: 1 | total time: 4.26m
step 00491 (49.10%) | loss: 2.170176 | lrm: 1.00 | dt: 510.47ms | tok/sec: 16,048 | mfu: 5.19 | epoch: 1 | total time: 4.27m
step 00492 (49.20%) | loss: 2.084893 | lrm: 1.00 | dt: 510.68ms | tok/sec: 16,041 | mfu: 5.19 | epoch: 1 | total time: 4.28m
step 00493 (49.30%) | loss: 2.051039 | lrm: 1.00 | dt: 512.74ms | tok/sec: 15,976 | mfu: 5.17 | epoch: 1 | total time: 4.29m
step 00494 (49.40%) | loss: 2.070153 | lrm: 1.00 | dt: 509.97ms | tok/sec: 16,063 | mfu: 5.20 | epoch: 1 | total time: 4.30m
step 00495 (49.50%) | loss: 2.047110 | lrm: 1.00 | dt: 510.89ms | tok/sec: 16,034 | mfu: 5.19 | epoch: 1 | total time: 4.30m
step 00496 (49.60%) | loss: 2.061154 | lrm: 1.00 | dt: 512.50ms | tok/sec: 15,984 | mfu: 5.17 | epoch: 1 | total time: 4.31m
step 00497 (49.70%) | loss: 2.109969 | lrm: 1.00 | dt: 511.34ms | tok/sec: 16,020 | mfu: 5.18 | epoch: 1 | total time: 4.32m
step 00498 (49.80%) | loss: 2.040207 | lrm: 1.00 | dt: 527.14ms | tok/sec: 15,540 | mfu: 5.03 | epoch: 1 | total time: 4.33m
step 00499 (49.90%) | loss: 2.092423 | lrm: 1.00 | dt: 452.51ms | tok/sec: 18,103 | mfu: 5.86 | epoch: 1 | total time: 4.34m
step 00500 (50.00%) | loss: 2.195275 | lrm: 1.00 | dt: 510.81ms | tok/sec: 16,037 | mfu: 5.19 | epoch: 1 | total time: 4.35m
Step 00500 | Validation bpb: 0.7409
step 00501 (50.10%) | loss: 2.199100 | lrm: 1.00 | dt: 511.90ms | tok/sec: 16,003 | mfu: 5.18 | epoch: 1 | total time: 4.36m
step 00502 (50.20%) | loss: 2.092604 | lrm: 1.00 | dt: 512.30ms | tok/sec: 15,990 | mfu: 5.17 | epoch: 1 | total time: 4.36m
step 00503 (50.30%) | loss: 2.111454 | lrm: 1.00 | dt: 513.77ms | tok/sec: 15,944 | mfu: 5.16 | epoch: 1 | total time: 4.37m
step 00504 (50.40%) | loss: 2.112932 | lrm: 1.00 | dt: 513.77ms | tok/sec: 15,944 | mfu: 5.16 | epoch: 1 | total time: 4.38m
step 00505 (50.50%) | loss: 2.091863 | lrm: 1.00 | dt: 513.82ms | tok/sec: 15,943 | mfu: 5.16 | epoch: 1 | total time: 4.39m
step 00506 (50.60%) | loss: 2.046015 | lrm: 1.00 | dt: 514.06ms | tok/sec: 15,935 | mfu: 5.15 | epoch: 1 | total time: 4.40m
step 00507 (50.70%) | loss: 2.031431 | lrm: 1.00 | dt: 513.49ms | tok/sec: 15,953 | mfu: 5.16 | epoch: 1 | total time: 4.41m
step 00508 (50.80%) | loss: 2.065755 | lrm: 1.00 | dt: 511.03ms | tok/sec: 16,030 | mfu: 5.19 | epoch: 1 | total time: 4.41m
step 00509 (50.90%) | loss: 2.076739 | lrm: 1.00 | dt: 512.32ms | tok/sec: 15,989 | mfu: 5.17 | epoch: 1 | total time: 4.42m
step 00510 (51.00%) | loss: 2.131185 | lrm: 1.00 | dt: 511.18ms | tok/sec: 16,025 | mfu: 5.18 | epoch: 1 | total time: 4.43m
step 00511 (51.10%) | loss: 2.080304 | lrm: 1.00 | dt: 452.54ms | tok/sec: 18,102 | mfu: 5.86 | epoch: 1 | total time: 4.44m
step 00512 (51.20%) | loss: 2.148198 | lrm: 1.00 | dt: 515.20ms | tok/sec: 15,900 | mfu: 5.14 | epoch: 1 | total time: 4.45m
step 00513 (51.30%) | loss: 2.146506 | lrm: 1.00 | dt: 511.98ms | tok/sec: 16,000 | mfu: 5.18 | epoch: 1 | total time: 4.46m
step 00514 (51.40%) | loss: 2.162536 | lrm: 1.00 | dt: 453.77ms | tok/sec: 18,053 | mfu: 5.84 | epoch: 1 | total time: 4.46m
step 00515 (51.50%) | loss: 2.263293 | lrm: 1.00 | dt: 510.03ms | tok/sec: 16,061 | mfu: 5.20 | epoch: 1 | total time: 4.47m
step 00516 (51.60%) | loss: 2.106512 | lrm: 1.00 | dt: 512.49ms | tok/sec: 15,984 | mfu: 5.17 | epoch: 1 | total time: 4.48m
step 00517 (51.70%) | loss: 2.043054 | lrm: 1.00 | dt: 450.23ms | tok/sec: 18,195 | mfu: 5.89 | epoch: 1 | total time: 4.49m
step 00518 (51.80%) | loss: 2.021571 | lrm: 1.00 | dt: 1295.48ms | tok/sec: 6,323 | mfu: 2.05 | epoch: 1 | total time: 4.51m
step 00519 (51.90%) | loss: 2.058496 | lrm: 1.00 | dt: 512.86ms | tok/sec: 15,973 | mfu: 5.17 | epoch: 1 | total time: 4.52m
step 00520 (52.00%) | loss: 2.086287 | lrm: 1.00 | dt: 512.06ms | tok/sec: 15,997 | mfu: 5.18 | epoch: 1 | total time: 4.53m
step 00521 (52.10%) | loss: 1.947390 | lrm: 1.00 | dt: 514.02ms | tok/sec: 15,937 | mfu: 5.16 | epoch: 1 | total time: 4.54m
step 00522 (52.20%) | loss: 1.977821 | lrm: 1.00 | dt: 511.89ms | tok/sec: 16,003 | mfu: 5.18 | epoch: 1 | total time: 4.54m
step 00523 (52.30%) | loss: 1.965404 | lrm: 1.00 | dt: 514.84ms | tok/sec: 15,911 | mfu: 5.15 | epoch: 1 | total time: 4.55m
step 00524 (52.40%) | loss: 1.973923 | lrm: 1.00 | dt: 452.87ms | tok/sec: 18,089 | mfu: 5.85 | epoch: 1 | total time: 4.56m
step 00525 (52.50%) | loss: 2.019086 | lrm: 1.00 | dt: 514.01ms | tok/sec: 15,937 | mfu: 5.16 | epoch: 1 | total time: 4.57m
Step 00525 | Validation bpb: 0.7495
step 00526 (52.60%) | loss: 2.057310 | lrm: 1.00 | dt: 531.84ms | tok/sec: 15,403 | mfu: 4.98 | epoch: 1 | total time: 4.58m
step 00527 (52.70%) | loss: 2.126252 | lrm: 1.00 | dt: 538.79ms | tok/sec: 15,204 | mfu: 4.92 | epoch: 1 | total time: 4.59m
step 00528 (52.80%) | loss: 2.193825 | lrm: 1.00 | dt: 532.34ms | tok/sec: 15,388 | mfu: 4.98 | epoch: 1 | total time: 4.60m
step 00529 (52.90%) | loss: 2.134758 | lrm: 1.00 | dt: 521.29ms | tok/sec: 15,714 | mfu: 5.08 | epoch: 1 | total time: 4.60m
step 00530 (53.00%) | loss: 2.211583 | lrm: 1.00 | dt: 515.24ms | tok/sec: 15,899 | mfu: 5.14 | epoch: 1 | total time: 4.61m
step 00531 (53.10%) | loss: 2.294969 | lrm: 1.00 | dt: 552.54ms | tok/sec: 14,826 | mfu: 4.80 | epoch: 1 | total time: 4.62m
step 00532 (53.20%) | loss: 2.329444 | lrm: 1.00 | dt: 553.28ms | tok/sec: 14,806 | mfu: 4.79 | epoch: 1 | total time: 4.63m
step 00533 (53.30%) | loss: 2.212576 | lrm: 1.00 | dt: 541.73ms | tok/sec: 15,121 | mfu: 4.89 | epoch: 1 | total time: 4.64m
step 00534 (53.40%) | loss: 2.232743 | lrm: 1.00 | dt: 565.14ms | tok/sec: 14,495 | mfu: 4.69 | epoch: 1 | total time: 4.65m
step 00535 (53.50%) | loss: 2.175130 | lrm: 1.00 | dt: 542.00ms | tok/sec: 15,114 | mfu: 4.89 | epoch: 1 | total time: 4.66m
step 00536 (53.60%) | loss: 2.117030 | lrm: 1.00 | dt: 490.44ms | tok/sec: 16,703 | mfu: 5.40 | epoch: 1 | total time: 4.67m
step 00537 (53.70%) | loss: 1.963783 | lrm: 1.00 | dt: 529.51ms | tok/sec: 15,470 | mfu: 5.00 | epoch: 1 | total time: 4.68m
step 00538 (53.80%) | loss: 2.117927 | lrm: 1.00 | dt: 488.98ms | tok/sec: 16,753 | mfu: 5.42 | epoch: 1 | total time: 4.68m
step 00539 (53.90%) | loss: 2.113626 | lrm: 1.00 | dt: 558.60ms | tok/sec: 14,665 | mfu: 4.74 | epoch: 1 | total time: 4.69m
step 00540 (54.00%) | loss: 2.070694 | lrm: 1.00 | dt: 559.41ms | tok/sec: 14,644 | mfu: 4.74 | epoch: 1 | total time: 4.70m
step 00541 (54.10%) | loss: 2.036010 | lrm: 1.00 | dt: 556.78ms | tok/sec: 14,713 | mfu: 4.76 | epoch: 1 | total time: 4.71m
step 00542 (54.20%) | loss: 2.028561 | lrm: 1.00 | dt: 539.43ms | tok/sec: 15,186 | mfu: 4.91 | epoch: 1 | total time: 4.72m
step 00543 (54.30%) | loss: 1.996023 | lrm: 1.00 | dt: 520.30ms | tok/sec: 15,744 | mfu: 5.09 | epoch: 1 | total time: 4.73m
step 00544 (54.40%) | loss: 2.070528 | lrm: 1.00 | dt: 477.32ms | tok/sec: 17,162 | mfu: 5.55 | epoch: 1 | total time: 4.74m
step 00545 (54.50%) | loss: 2.020222 | lrm: 1.00 | dt: 528.10ms | tok/sec: 15,512 | mfu: 5.02 | epoch: 1 | total time: 4.75m
step 00546 (54.60%) | loss: 1.971907 | lrm: 1.00 | dt: 527.21ms | tok/sec: 15,538 | mfu: 5.03 | epoch: 1 | total time: 4.76m
step 00547 (54.70%) | loss: 2.039464 | lrm: 1.00 | dt: 1387.69ms | tok/sec: 5,903 | mfu: 1.91 | epoch: 1 | total time: 4.78m
step 00548 (54.80%) | loss: 2.047454 | lrm: 1.00 | dt: 539.72ms | tok/sec: 15,178 | mfu: 4.91 | epoch: 1 | total time: 4.79m
step 00549 (54.90%) | loss: 2.094719 | lrm: 1.00 | dt: 466.87ms | tok/sec: 17,546 | mfu: 5.68 | epoch: 1 | total time: 4.80m
step 00550 (55.00%) | loss: 2.127244 | lrm: 1.00 | dt: 536.30ms | tok/sec: 15,275 | mfu: 4.94 | epoch: 1 | total time: 4.80m
Step 00550 | Validation bpb: 0.7020
2026-03-28 20:46:52,240 - nanochat.checkpoint_manager - [32m[1mINFO[0m - Saved model parameters to: /home/sun0115/.cache/nanochat/chatsft_checkpoints/d24_r32_adamw_partial_lr005_1k_2026-03-28_2035_s1024_gc/best/model_000550.pt
2026-03-28 20:46:52,240 - nanochat.checkpoint_manager - [32m[1mINFO[0m - Saved metadata to: /home/sun0115/.cache/nanochat/chatsft_checkpoints/d24_r32_adamw_partial_lr005_1k_2026-03-28_2035_s1024_gc/best/meta_000550.json
Saved best checkpoint at step 550 (val_bpb=0.7020)
Rotated old best checkpoint: step 000025
step 00551 (55.10%) | loss: 2.092561 | lrm: 1.00 | dt: 695.01ms | tok/sec: 11,786 | mfu: 3.81 | epoch: 1 | total time: 4.82m
step 00552 (55.20%) | loss: 1.971852 | lrm: 1.00 | dt: 511.37ms | tok/sec: 16,019 | mfu: 5.18 | epoch: 1 | total time: 4.82m
step 00553 (55.30%) | loss: 1.934513 | lrm: 1.00 | dt: 516.11ms | tok/sec: 15,872 | mfu: 5.13 | epoch: 1 | total time: 4.83m
step 00554 (55.40%) | loss: 1.986399 | lrm: 1.00 | dt: 511.15ms | tok/sec: 16,026 | mfu: 5.18 | epoch: 1 | total time: 4.84m
step 00555 (55.50%) | loss: 2.060093 | lrm: 1.00 | dt: 510.60ms | tok/sec: 16,043 | mfu: 5.19 | epoch: 1 | total time: 4.85m
step 00556 (55.60%) | loss: 2.031270 | lrm: 1.00 | dt: 513.48ms | tok/sec: 15,953 | mfu: 5.16 | epoch: 1 | total time: 4.86m
step 00557 (55.70%) | loss: 2.042316 | lrm: 1.00 | dt: 512.07ms | tok/sec: 15,997 | mfu: 5.18 | epoch: 1 | total time: 4.87m
step 00558 (55.80%) | loss: 1.955752 | lrm: 1.00 | dt: 454.04ms | tok/sec: 18,042 | mfu: 5.84 | epoch: 1 | total time: 4.87m
step 00559 (55.90%) | loss: 1.903203 | lrm: 1.00 | dt: 513.96ms | tok/sec: 15,939 | mfu: 5.16 | epoch: 1 | total time: 4.88m
step 00560 (56.00%) | loss: 1.944752 | lrm: 1.00 | dt: 455.83ms | tok/sec: 17,971 | mfu: 5.81 | epoch: 1 | total time: 4.89m
step 00561 (56.10%) | loss: 1.978976 | lrm: 1.00 | dt: 514.76ms | tok/sec: 15,914 | mfu: 5.15 | epoch: 1 | total time: 4.90m
step 00562 (56.20%) | loss: 2.145228 | lrm: 1.00 | dt: 512.17ms | tok/sec: 15,994 | mfu: 5.17 | epoch: 1 | total time: 4.91m
step 00563 (56.30%) | loss: 2.164978 | lrm: 1.00 | dt: 513.81ms | tok/sec: 15,943 | mfu: 5.16 | epoch: 1 | total time: 4.92m
step 00564 (56.40%) | loss: 2.139339 | lrm: 1.00 | dt: 512.93ms | tok/sec: 15,970 | mfu: 5.17 | epoch: 1 | total time: 4.93m
step 00565 (56.50%) | loss: 2.096253 | lrm: 1.00 | dt: 513.69ms | tok/sec: 15,947 | mfu: 5.16 | epoch: 1 | total time: 4.93m
step 00566 (56.60%) | loss: 2.060279 | lrm: 1.00 | dt: 548.52ms | tok/sec: 14,934 | mfu: 4.83 | epoch: 1 | total time: 4.94m
step 00567 (56.70%) | loss: 2.103265 | lrm: 1.00 | dt: 520.94ms | tok/sec: 15,725 | mfu: 5.09 | epoch: 1 | total time: 4.95m
step 00568 (56.80%) | loss: 2.182102 | lrm: 1.00 | dt: 513.15ms | tok/sec: 15,964 | mfu: 5.16 | epoch: 1 | total time: 4.96m
step 00569 (56.90%) | loss: 2.125921 | lrm: 1.00 | dt: 510.99ms | tok/sec: 16,031 | mfu: 5.19 | epoch: 1 | total time: 4.97m
step 00570 (57.00%) | loss: 2.076389 | lrm: 1.00 | dt: 450.94ms | tok/sec: 18,166 | mfu: 5.88 | epoch: 1 | total time: 4.98m
step 00571 (57.10%) | loss: 2.149760 | lrm: 1.00 | dt: 511.99ms | tok/sec: 16,000 | mfu: 5.18 | epoch: 1 | total time: 4.98m
step 00572 (57.20%) | loss: 2.225919 | lrm: 1.00 | dt: 453.69ms | tok/sec: 18,056 | mfu: 5.84 | epoch: 1 | total time: 4.99m
step 00573 (57.30%) | loss: 2.258324 | lrm: 1.00 | dt: 1417.18ms | tok/sec: 5,780 | mfu: 1.87 | epoch: 1 | total time: 5.02m
step 00574 (57.40%) | loss: 2.243706 | lrm: 1.00 | dt: 511.50ms | tok/sec: 16,015 | mfu: 5.18 | epoch: 1 | total time: 5.02m
step 00575 (57.50%) | loss: 2.226919 | lrm: 1.00 | dt: 510.72ms | tok/sec: 16,040 | mfu: 5.19 | epoch: 1 | total time: 5.03m
Step 00575 | Validation bpb: 0.7224
step 00576 (57.60%) | loss: 2.281508 | lrm: 1.00 | dt: 511.60ms | tok/sec: 16,012 | mfu: 5.18 | epoch: 1 | total time: 5.04m
step 00577 (57.70%) | loss: 2.277392 | lrm: 1.00 | dt: 510.18ms | tok/sec: 16,057 | mfu: 5.19 | epoch: 1 | total time: 5.05m
step 00578 (57.80%) | loss: 2.233200 | lrm: 1.00 | dt: 512.66ms | tok/sec: 15,979 | mfu: 5.17 | epoch: 1 | total time: 5.06m
step 00579 (57.90%) | loss: 2.291058 | lrm: 1.00 | dt: 511.72ms | tok/sec: 16,008 | mfu: 5.18 | epoch: 1 | total time: 5.07m
step 00580 (58.00%) | loss: 2.296630 | lrm: 1.00 | dt: 511.13ms | tok/sec: 16,027 | mfu: 5.18 | epoch: 1 | total time: 5.08m
step 00581 (58.10%) | loss: 2.259757 | lrm: 1.00 | dt: 511.13ms | tok/sec: 16,027 | mfu: 5.18 | epoch: 1 | total time: 5.08m
step 00582 (58.20%) | loss: 2.267392 | lrm: 1.00 | dt: 513.03ms | tok/sec: 15,967 | mfu: 5.17 | epoch: 1 | total time: 5.09m
step 00583 (58.30%) | loss: 2.273333 | lrm: 1.00 | dt: 512.41ms | tok/sec: 15,987 | mfu: 5.17 | epoch: 1 | total time: 5.10m
step 00584 (58.40%) | loss: 2.243899 | lrm: 1.00 | dt: 450.10ms | tok/sec: 18,200 | mfu: 5.89 | epoch: 1 | total time: 5.11m
step 00585 (58.50%) | loss: 2.084306 | lrm: 1.00 | dt: 512.63ms | tok/sec: 15,980 | mfu: 5.17 | epoch: 1 | total time: 5.12m
step 00586 (58.60%) | loss: 2.069773 | lrm: 1.00 | dt: 512.26ms | tok/sec: 15,991 | mfu: 5.17 | epoch: 1 | total time: 5.13m
step 00587 (58.70%) | loss: 2.034396 | lrm: 1.00 | dt: 512.55ms | tok/sec: 15,982 | mfu: 5.17 | epoch: 1 | total time: 5.13m
step 00588 (58.80%) | loss: 2.037013 | lrm: 1.00 | dt: 511.14ms | tok/sec: 16,027 | mfu: 5.18 | epoch: 1 | total time: 5.14m
step 00589 (58.90%) | loss: 2.018261 | lrm: 1.00 | dt: 511.57ms | tok/sec: 16,013 | mfu: 5.18 | epoch: 1 | total time: 5.15m
step 00590 (59.00%) | loss: 2.037080 | lrm: 1.00 | dt: 510.35ms | tok/sec: 16,051 | mfu: 5.19 | epoch: 1 | total time: 5.16m
step 00591 (59.10%) | loss: 2.037778 | lrm: 1.00 | dt: 509.44ms | tok/sec: 16,080 | mfu: 5.20 | epoch: 1 | total time: 5.17m
step 00592 (59.20%) | loss: 2.102242 | lrm: 1.00 | dt: 511.03ms | tok/sec: 16,030 | mfu: 5.19 | epoch: 1 | total time: 5.18m
step 00593 (59.30%) | loss: 2.136916 | lrm: 1.00 | dt: 454.15ms | tok/sec: 18,038 | mfu: 5.84 | epoch: 1 | total time: 5.18m
step 00594 (59.40%) | loss: 1.988138 | lrm: 1.00 | dt: 510.05ms | tok/sec: 16,061 | mfu: 5.20 | epoch: 1 | total time: 5.19m
step 00595 (59.50%) | loss: 1.991033 | lrm: 1.00 | dt: 511.37ms | tok/sec: 16,019 | mfu: 5.18 | epoch: 1 | total time: 5.20m
step 00596 (59.60%) | loss: 2.038789 | lrm: 1.00 | dt: 512.41ms | tok/sec: 15,987 | mfu: 5.17 | epoch: 1 | total time: 5.21m
step 00597 (59.70%) | loss: 2.062039 | lrm: 1.00 | dt: 509.99ms | tok/sec: 16,063 | mfu: 5.20 | epoch: 1 | total time: 5.22m
step 00598 (59.80%) | loss: 1.900265 | lrm: 1.00 | dt: 453.85ms | tok/sec: 18,050 | mfu: 5.84 | epoch: 1 | total time: 5.23m
step 00599 (59.90%) | loss: 2.129817 | lrm: 1.00 | dt: 511.58ms | tok/sec: 16,013 | mfu: 5.18 | epoch: 1 | total time: 5.23m
step 00600 (60.00%) | loss: 2.081650 | lrm: 1.00 | dt: 511.29ms | tok/sec: 16,022 | mfu: 5.18 | epoch: 1 | total time: 5.24m
Step 00600 | Validation bpb: 0.7310
step 00601 (60.10%) | loss: 2.002417 | lrm: 1.00 | dt: 511.98ms | tok/sec: 16,000 | mfu: 5.18 | epoch: 1 | total time: 5.25m
step 00602 (60.20%) | loss: 1.993509 | lrm: 1.00 | dt: 513.72ms | tok/sec: 15,946 | mfu: 5.16 | epoch: 1 | total time: 5.26m
step 00603 (60.30%) | loss: 1.888301 | lrm: 1.00 | dt: 512.39ms | tok/sec: 15,987 | mfu: 5.17 | epoch: 1 | total time: 5.27m
step 00604 (60.40%) | loss: 1.936246 | lrm: 1.00 | dt: 452.62ms | tok/sec: 18,099 | mfu: 5.85 | epoch: 1 | total time: 5.28m
step 00605 (60.50%) | loss: 1.949230 | lrm: 1.00 | dt: 513.13ms | tok/sec: 15,964 | mfu: 5.16 | epoch: 1 | total time: 5.28m
step 00606 (60.60%) | loss: 1.982498 | lrm: 1.00 | dt: 513.37ms | tok/sec: 15,957 | mfu: 5.16 | epoch: 1 | total time: 5.29m
step 00607 (60.70%) | loss: 2.033395 | lrm: 1.00 | dt: 614.71ms | tok/sec: 13,326 | mfu: 4.31 | epoch: 1 | total time: 5.30m
step 00608 (60.80%) | loss: 2.110307 | lrm: 1.00 | dt: 513.82ms | tok/sec: 15,943 | mfu: 5.16 | epoch: 1 | total time: 5.31m
step 00609 (60.90%) | loss: 2.026191 | lrm: 1.00 | dt: 511.91ms | tok/sec: 16,002 | mfu: 5.18 | epoch: 1 | total time: 5.32m
step 00610 (61.00%) | loss: 2.078581 | lrm: 1.00 | dt: 513.64ms | tok/sec: 15,948 | mfu: 5.16 | epoch: 1 | total time: 5.33m
step 00611 (61.10%) | loss: 2.010787 | lrm: 1.00 | dt: 511.85ms | tok/sec: 16,004 | mfu: 5.18 | epoch: 1 | total time: 5.34m
step 00612 (61.20%) | loss: 1.947688 | lrm: 1.00 | dt: 511.13ms | tok/sec: 16,027 | mfu: 5.18 | epoch: 1 | total time: 5.35m
step 00613 (61.30%) | loss: 1.935429 | lrm: 1.00 | dt: 510.14ms | tok/sec: 16,058 | mfu: 5.19 | epoch: 1 | total time: 5.35m
step 00614 (61.40%) | loss: 1.888777 | lrm: 1.00 | dt: 453.66ms | tok/sec: 18,057 | mfu: 5.84 | epoch: 1 | total time: 5.36m
step 00615 (61.50%) | loss: 1.901609 | lrm: 1.00 | dt: 511.32ms | tok/sec: 16,021 | mfu: 5.18 | epoch: 1 | total time: 5.37m
step 00616 (61.60%) | loss: 1.929112 | lrm: 1.00 | dt: 512.38ms | tok/sec: 15,988 | mfu: 5.17 | epoch: 1 | total time: 5.38m
step 00617 (61.70%) | loss: 1.951995 | lrm: 1.00 | dt: 511.74ms | tok/sec: 16,008 | mfu: 5.18 | epoch: 1 | total time: 5.39m
step 00618 (61.80%) | loss: 1.971287 | lrm: 1.00 | dt: 513.33ms | tok/sec: 15,958 | mfu: 5.16 | epoch: 1 | total time: 5.40m
step 00619 (61.90%) | loss: 1.921763 | lrm: 1.00 | dt: 510.54ms | tok/sec: 16,045 | mfu: 5.19 | epoch: 1 | total time: 5.40m
step 00620 (62.00%) | loss: 1.899918 | lrm: 1.00 | dt: 512.76ms | tok/sec: 15,976 | mfu: 5.17 | epoch: 1 | total time: 5.41m
step 00621 (62.10%) | loss: 2.019169 | lrm: 1.00 | dt: 512.53ms | tok/sec: 15,983 | mfu: 5.17 | epoch: 1 | total time: 5.42m
step 00622 (62.20%) | loss: 2.140568 | lrm: 1.00 | dt: 513.45ms | tok/sec: 15,954 | mfu: 5.16 | epoch: 1 | total time: 5.43m
step 00623 (62.30%) | loss: 2.168469 | lrm: 1.00 | dt: 513.37ms | tok/sec: 15,957 | mfu: 5.16 | epoch: 1 | total time: 5.44m
step 00624 (62.40%) | loss: 2.146370 | lrm: 1.00 | dt: 511.10ms | tok/sec: 16,028 | mfu: 5.18 | epoch: 1 | total time: 5.45m
step 00625 (62.50%) | loss: 2.193093 | lrm: 1.00 | dt: 511.40ms | tok/sec: 16,018 | mfu: 5.18 | epoch: 1 | total time: 5.46m
Step 00625 | Validation bpb: 0.7220
step 00626 (62.60%) | loss: 2.106659 | lrm: 1.00 | dt: 526.89ms | tok/sec: 15,547 | mfu: 5.03 | epoch: 1 | total time: 5.46m
step 00627 (62.70%) | loss: 2.028617 | lrm: 1.00 | dt: 462.89ms | tok/sec: 17,697 | mfu: 5.72 | epoch: 1 | total time: 5.47m
step 00628 (62.80%) | loss: 1.895551 | lrm: 1.00 | dt: 545.70ms | tok/sec: 15,011 | mfu: 4.86 | epoch: 1 | total time: 5.48m
step 00629 (62.90%) | loss: 1.852945 | lrm: 1.00 | dt: 536.36ms | tok/sec: 15,273 | mfu: 4.94 | epoch: 1 | total time: 5.49m
step 00630 (63.00%) | loss: 1.839766 | lrm: 1.00 | dt: 532.98ms | tok/sec: 15,370 | mfu: 4.97 | epoch: 1 | total time: 5.50m
step 00631 (63.10%) | loss: 1.789746 | lrm: 1.00 | dt: 561.27ms | tok/sec: 14,595 | mfu: 4.72 | epoch: 1 | total time: 5.51m
step 00632 (63.20%) | loss: 1.836534 | lrm: 1.00 | dt: 521.96ms | tok/sec: 15,694 | mfu: 5.08 | epoch: 1 | total time: 5.52m
step 00633 (63.30%) | loss: 1.856423 | lrm: 1.00 | dt: 522.51ms | tok/sec: 15,678 | mfu: 5.07 | epoch: 1 | total time: 5.53m
step 00634 (63.40%) | loss: 1.929896 | lrm: 1.00 | dt: 552.33ms | tok/sec: 14,831 | mfu: 4.80 | epoch: 1 | total time: 5.54m
step 00635 (63.50%) | loss: 1.911598 | lrm: 1.00 | dt: 538.56ms | tok/sec: 15,211 | mfu: 4.92 | epoch: 1 | total time: 5.54m
step 00636 (63.60%) | loss: 1.866150 | lrm: 1.00 | dt: 534.24ms | tok/sec: 15,334 | mfu: 4.96 | epoch: 1 | total time: 5.55m
step 00637 (63.70%) | loss: 1.893810 | lrm: 1.00 | dt: 540.43ms | tok/sec: 15,158 | mfu: 4.90 | epoch: 1 | total time: 5.56m
step 00638 (63.80%) | loss: 1.994317 | lrm: 1.00 | dt: 542.01ms | tok/sec: 15,114 | mfu: 4.89 | epoch: 1 | total time: 5.57m
step 00639 (63.90%) | loss: 1.952657 | lrm: 1.00 | dt: 524.29ms | tok/sec: 15,625 | mfu: 5.05 | epoch: 1 | total time: 5.58m
step 00640 (64.00%) | loss: 1.917960 | lrm: 1.00 | dt: 517.65ms | tok/sec: 15,825 | mfu: 5.12 | epoch: 1 | total time: 5.59m
step 00641 (64.10%) | loss: 1.982119 | lrm: 1.00 | dt: 527.58ms | tok/sec: 15,527 | mfu: 5.02 | epoch: 1 | total time: 5.60m
step 00642 (64.20%) | loss: 2.000492 | lrm: 1.00 | dt: 539.27ms | tok/sec: 15,190 | mfu: 4.91 | epoch: 1 | total time: 5.61m
step 00643 (64.30%) | loss: 2.036044 | lrm: 1.00 | dt: 535.67ms | tok/sec: 15,292 | mfu: 4.95 | epoch: 1 | total time: 5.62m
step 00644 (64.40%) | loss: 2.081282 | lrm: 1.00 | dt: 543.82ms | tok/sec: 15,063 | mfu: 4.87 | epoch: 1 | total time: 5.62m
step 00645 (64.50%) | loss: 2.130859 | lrm: 1.00 | dt: 477.50ms | tok/sec: 17,155 | mfu: 5.55 | epoch: 1 | total time: 5.63m
step 00646 (64.60%) | loss: 2.237176 | lrm: 1.00 | dt: 527.64ms | tok/sec: 15,525 | mfu: 5.02 | epoch: 1 | total time: 5.64m
step 00647 (64.70%) | loss: 2.293405 | lrm: 1.00 | dt: 522.80ms | tok/sec: 15,669 | mfu: 5.07 | epoch: 1 | total time: 5.65m
step 00648 (64.80%) | loss: 2.368021 | lrm: 1.00 | dt: 549.32ms | tok/sec: 14,912 | mfu: 4.82 | epoch: 1 | total time: 5.66m
step 00649 (64.90%) | loss: 2.298058 | lrm: 1.00 | dt: 538.27ms | tok/sec: 15,219 | mfu: 4.92 | epoch: 1 | total time: 5.67m
step 00650 (65.00%) | loss: 2.135407 | lrm: 1.00 | dt: 532.86ms | tok/sec: 15,373 | mfu: 4.97 | epoch: 1 | total time: 5.68m
Step 00650 | Validation bpb: 0.7286
step 00651 (65.10%) | loss: 2.089322 | lrm: 1.00 | dt: 531.33ms | tok/sec: 15,417 | mfu: 4.99 | epoch: 1 | total time: 5.69m
step 00652 (65.20%) | loss: 2.085411 | lrm: 1.00 | dt: 555.33ms | tok/sec: 14,751 | mfu: 4.77 | epoch: 1 | total time: 5.70m
step 00653 (65.30%) | loss: 2.071719 | lrm: 1.00 | dt: 543.20ms | tok/sec: 15,080 | mfu: 4.88 | epoch: 1 | total time: 5.70m
step 00654 (65.40%) | loss: 2.141404 | lrm: 1.00 | dt: 536.23ms | tok/sec: 15,277 | mfu: 4.94 | epoch: 1 | total time: 5.71m
step 00655 (65.50%) | loss: 2.139642 | lrm: 1.00 | dt: 538.21ms | tok/sec: 15,220 | mfu: 4.92 | epoch: 1 | total time: 5.72m
step 00656 (65.60%) | loss: 2.121769 | lrm: 1.00 | dt: 521.34ms | tok/sec: 15,713 | mfu: 5.08 | epoch: 1 | total time: 5.73m
step 00657 (65.70%) | loss: 2.093548 | lrm: 1.00 | dt: 485.70ms | tok/sec: 16,866 | mfu: 5.46 | epoch: 1 | total time: 5.74m
step 00658 (65.80%) | loss: 2.094360 | lrm: 1.00 | dt: 541.63ms | tok/sec: 15,124 | mfu: 4.89 | epoch: 1 | total time: 5.75m
step 00659 (65.90%) | loss: 2.124340 | lrm: 1.00 | dt: 523.92ms | tok/sec: 15,636 | mfu: 5.06 | epoch: 1 | total time: 5.76m
step 00660 (66.00%) | loss: 2.065186 | lrm: 1.00 | dt: 536.95ms | tok/sec: 15,256 | mfu: 4.94 | epoch: 1 | total time: 5.77m
step 00661 (66.10%) | loss: 2.046100 | lrm: 1.00 | dt: 536.81ms | tok/sec: 15,260 | mfu: 4.94 | epoch: 1 | total time: 5.77m
step 00662 (66.20%) | loss: 2.044648 | lrm: 1.00 | dt: 473.38ms | tok/sec: 17,305 | mfu: 5.60 | epoch: 1 | total time: 5.78m
step 00663 (66.30%) | loss: 1.982125 | lrm: 1.00 | dt: 529.06ms | tok/sec: 15,484 | mfu: 5.01 | epoch: 1 | total time: 5.79m
step 00664 (66.40%) | loss: 1.906718 | lrm: 1.00 | dt: 535.41ms | tok/sec: 15,300 | mfu: 4.95 | epoch: 1 | total time: 5.80m
step 00665 (66.50%) | loss: 1.865118 | lrm: 1.00 | dt: 548.41ms | tok/sec: 14,937 | mfu: 4.83 | epoch: 1 | total time: 5.81m
step 00666 (66.60%) | loss: 1.910819 | lrm: 1.00 | dt: 527.69ms | tok/sec: 15,524 | mfu: 5.02 | epoch: 1 | total time: 5.82m
step 00667 (66.70%) | loss: 1.820523 | lrm: 1.00 | dt: 548.05ms | tok/sec: 14,947 | mfu: 4.84 | epoch: 1 | total time: 5.83m
step 00668 (66.80%) | loss: 1.887576 | lrm: 1.00 | dt: 544.15ms | tok/sec: 15,054 | mfu: 4.87 | epoch: 1 | total time: 5.84m
step 00669 (66.90%) | loss: 1.954827 | lrm: 1.00 | dt: 548.09ms | tok/sec: 14,946 | mfu: 4.83 | epoch: 1 | total time: 5.85m
step 00670 (67.00%) | loss: 1.913575 | lrm: 1.00 | dt: 535.84ms | tok/sec: 15,288 | mfu: 4.95 | epoch: 1 | total time: 5.85m
step 00671 (67.10%) | loss: 1.984750 | lrm: 1.00 | dt: 512.83ms | tok/sec: 15,974 | mfu: 5.17 | epoch: 1 | total time: 5.86m
step 00672 (67.20%) | loss: 2.123240 | lrm: 1.00 | dt: 524.00ms | tok/sec: 15,633 | mfu: 5.06 | epoch: 1 | total time: 5.87m
step 00673 (67.30%) | loss: 2.113266 | lrm: 1.00 | dt: 520.38ms | tok/sec: 15,742 | mfu: 5.09 | epoch: 1 | total time: 5.88m
step 00674 (67.40%) | loss: 2.169234 | lrm: 1.00 | dt: 479.64ms | tok/sec: 17,079 | mfu: 5.52 | epoch: 1 | total time: 5.89m
step 00675 (67.50%) | loss: 2.161464 | lrm: 1.00 | dt: 554.58ms | tok/sec: 14,771 | mfu: 4.78 | epoch: 1 | total time: 5.90m
Step 00675 | Validation bpb: 0.7392
step 00676 (67.60%) | loss: 2.118549 | lrm: 1.00 | dt: 548.62ms | tok/sec: 14,931 | mfu: 4.83 | epoch: 1 | total time: 5.91m
step 00677 (67.70%) | loss: 2.117648 | lrm: 1.00 | dt: 532.37ms | tok/sec: 15,387 | mfu: 4.98 | epoch: 1 | total time: 5.92m
step 00678 (67.80%) | loss: 1.982085 | lrm: 1.00 | dt: 530.76ms | tok/sec: 15,434 | mfu: 4.99 | epoch: 1 | total time: 5.92m
step 00679 (67.90%) | loss: 2.201751 | lrm: 1.00 | dt: 524.12ms | tok/sec: 15,630 | mfu: 5.06 | epoch: 1 | total time: 5.93m
step 00680 (68.00%) | loss: 2.218231 | lrm: 1.00 | dt: 560.21ms | tok/sec: 14,623 | mfu: 4.73 | epoch: 1 | total time: 5.94m
step 00681 (68.10%) | loss: 2.062231 | lrm: 1.00 | dt: 491.44ms | tok/sec: 16,669 | mfu: 5.39 | epoch: 1 | total time: 5.95m
step 00682 (68.20%) | loss: 2.013435 | lrm: 1.00 | dt: 555.67ms | tok/sec: 14,742 | mfu: 4.77 | epoch: 1 | total time: 5.96m
step 00683 (68.30%) | loss: 2.030125 | lrm: 1.00 | dt: 553.57ms | tok/sec: 14,798 | mfu: 4.79 | epoch: 1 | total time: 5.97m
step 00684 (68.40%) | loss: 2.001144 | lrm: 1.00 | dt: 561.93ms | tok/sec: 14,578 | mfu: 4.72 | epoch: 1 | total time: 5.98m
step 00685 (68.50%) | loss: 1.985189 | lrm: 1.00 | dt: 577.09ms | tok/sec: 14,195 | mfu: 4.59 | epoch: 1 | total time: 5.99m
step 00686 (68.60%) | loss: 1.952105 | lrm: 1.00 | dt: 569.27ms | tok/sec: 14,390 | mfu: 4.66 | epoch: 1 | total time: 6.00m
step 00687 (68.70%) | loss: 2.040528 | lrm: 1.00 | dt: 556.99ms | tok/sec: 14,707 | mfu: 4.76 | epoch: 1 | total time: 6.01m
step 00688 (68.80%) | loss: 1.960185 | lrm: 1.00 | dt: 567.01ms | tok/sec: 14,447 | mfu: 4.67 | epoch: 1 | total time: 6.02m
step 00689 (68.90%) | loss: 1.899051 | lrm: 1.00 | dt: 537.94ms | tok/sec: 15,228 | mfu: 4.93 | epoch: 1 | total time: 6.03m
step 00690 (69.00%) | loss: 1.921948 | lrm: 1.00 | dt: 532.83ms | tok/sec: 15,374 | mfu: 4.97 | epoch: 1 | total time: 6.03m
step 00691 (69.10%) | loss: 1.951399 | lrm: 1.00 | dt: 530.13ms | tok/sec: 15,452 | mfu: 5.00 | epoch: 1 | total time: 6.04m
step 00692 (69.20%) | loss: 1.964854 | lrm: 1.00 | dt: 539.24ms | tok/sec: 15,191 | mfu: 4.91 | epoch: 1 | total time: 6.05m
step 00693 (69.30%) | loss: 1.932558 | lrm: 1.00 | dt: 498.94ms | tok/sec: 16,418 | mfu: 5.31 | epoch: 1 | total time: 6.06m
step 00694 (69.40%) | loss: 1.944186 | lrm: 1.00 | dt: 537.10ms | tok/sec: 15,252 | mfu: 4.93 | epoch: 1 | total time: 6.07m
step 00695 (69.50%) | loss: 1.946263 | lrm: 1.00 | dt: 541.15ms | tok/sec: 15,138 | mfu: 4.90 | epoch: 1 | total time: 6.08m
step 00696 (69.60%) | loss: 1.968881 | lrm: 1.00 | dt: 544.32ms | tok/sec: 15,050 | mfu: 4.87 | epoch: 1 | total time: 6.09m
step 00697 (69.70%) | loss: 2.017788 | lrm: 1.00 | dt: 556.94ms | tok/sec: 14,709 | mfu: 4.76 | epoch: 1 | total time: 6.10m
step 00698 (69.80%) | loss: 2.018118 | lrm: 1.00 | dt: 472.01ms | tok/sec: 17,355 | mfu: 5.61 | epoch: 1 | total time: 6.10m
step 00699 (69.90%) | loss: 1.930928 | lrm: 1.00 | dt: 561.66ms | tok/sec: 14,585 | mfu: 4.72 | epoch: 1 | total time: 6.11m
step 00700 (70.00%) | loss: 1.943285 | lrm: 1.00 | dt: 541.46ms | tok/sec: 15,129 | mfu: 4.89 | epoch: 1 | total time: 6.12m
Step 00700 | Validation bpb: 0.7049
step 00701 (70.10%) | loss: 1.900228 | lrm: 1.00 | dt: 511.73ms | tok/sec: 16,008 | mfu: 5.18 | epoch: 1 | total time: 6.13m
step 00702 (70.20%) | loss: 2.003978 | lrm: 0.99 | dt: 511.26ms | tok/sec: 16,023 | mfu: 5.18 | epoch: 1 | total time: 6.14m
step 00703 (70.30%) | loss: 1.904861 | lrm: 0.99 | dt: 510.95ms | tok/sec: 16,032 | mfu: 5.19 | epoch: 1 | total time: 6.15m
step 00704 (70.40%) | loss: 1.900302 | lrm: 0.99 | dt: 451.01ms | tok/sec: 18,163 | mfu: 5.88 | epoch: 1 | total time: 6.16m
step 00705 (70.50%) | loss: 1.899638 | lrm: 0.98 | dt: 510.94ms | tok/sec: 16,033 | mfu: 5.19 | epoch: 1 | total time: 6.16m
step 00706 (70.60%) | loss: 1.901054 | lrm: 0.98 | dt: 510.81ms | tok/sec: 16,037 | mfu: 5.19 | epoch: 1 | total time: 6.17m
step 00707 (70.70%) | loss: 1.972189 | lrm: 0.98 | dt: 509.58ms | tok/sec: 16,076 | mfu: 5.20 | epoch: 1 | total time: 6.18m
step 00708 (70.80%) | loss: 1.857226 | lrm: 0.97 | dt: 512.60ms | tok/sec: 15,981 | mfu: 5.17 | epoch: 1 | total time: 6.19m
step 00709 (70.90%) | loss: 1.895572 | lrm: 0.97 | dt: 451.71ms | tok/sec: 18,135 | mfu: 5.87 | epoch: 1 | total time: 6.20m
step 00710 (71.00%) | loss: 1.874494 | lrm: 0.97 | dt: 511.16ms | tok/sec: 16,026 | mfu: 5.18 | epoch: 1 | total time: 6.21m
step 00711 (71.10%) | loss: 1.749977 | lrm: 0.96 | dt: 512.51ms | tok/sec: 15,983 | mfu: 5.17 | epoch: 1 | total time: 6.21m
step 00712 (71.20%) | loss: 1.802527 | lrm: 0.96 | dt: 511.17ms | tok/sec: 16,026 | mfu: 5.18 | epoch: 1 | total time: 6.22m
step 00713 (71.30%) | loss: 1.766000 | lrm: 0.96 | dt: 510.88ms | tok/sec: 16,035 | mfu: 5.19 | epoch: 1 | total time: 6.23m
step 00714 (71.40%) | loss: 1.917150 | lrm: 0.95 | dt: 511.38ms | tok/sec: 16,019 | mfu: 5.18 | epoch: 1 | total time: 6.24m
step 00715 (71.50%) | loss: 1.921052 | lrm: 0.95 | dt: 511.14ms | tok/sec: 16,026 | mfu: 5.18 | epoch: 1 | total time: 6.25m
step 00716 (71.60%) | loss: 1.917203 | lrm: 0.95 | dt: 511.40ms | tok/sec: 16,018 | mfu: 5.18 | epoch: 1 | total time: 6.26m
step 00717 (71.70%) | loss: 1.871938 | lrm: 0.94 | dt: 511.00ms | tok/sec: 16,031 | mfu: 5.19 | epoch: 1 | total time: 6.27m
step 00718 (71.80%) | loss: 2.005020 | lrm: 0.94 | dt: 512.24ms | tok/sec: 15,992 | mfu: 5.17 | epoch: 1 | total time: 6.27m
step 00719 (71.90%) | loss: 2.158255 | lrm: 0.94 | dt: 512.07ms | tok/sec: 15,997 | mfu: 5.18 | epoch: 1 | total time: 6.28m
step 00720 (72.00%) | loss: 2.059951 | lrm: 0.93 | dt: 512.33ms | tok/sec: 15,989 | mfu: 5.17 | epoch: 1 | total time: 6.29m
step 00721 (72.10%) | loss: 2.134671 | lrm: 0.93 | dt: 511.06ms | tok/sec: 16,029 | mfu: 5.19 | epoch: 1 | total time: 6.30m
step 00722 (72.20%) | loss: 2.143982 | lrm: 0.93 | dt: 450.93ms | tok/sec: 18,166 | mfu: 5.88 | epoch: 1 | total time: 6.31m
step 00723 (72.30%) | loss: 2.182769 | lrm: 0.92 | dt: 509.94ms | tok/sec: 16,064 | mfu: 5.20 | epoch: 1 | total time: 6.32m
step 00724 (72.40%) | loss: 2.110560 | lrm: 0.92 | dt: 512.79ms | tok/sec: 15,975 | mfu: 5.17 | epoch: 1 | total time: 6.32m
step 00725 (72.50%) | loss: 2.082063 | lrm: 0.92 | dt: 512.80ms | tok/sec: 15,974 | mfu: 5.17 | epoch: 1 | total time: 6.33m
Step 00725 | Validation bpb: 0.6862
2026-03-28 20:50:30,358 - nanochat.checkpoint_manager - [32m[1mINFO[0m - Saved model parameters to: /home/sun0115/.cache/nanochat/chatsft_checkpoints/d24_r32_adamw_partial_lr005_1k_2026-03-28_2035_s1024_gc/best/model_000725.pt
2026-03-28 20:50:30,358 - nanochat.checkpoint_manager - [32m[1mINFO[0m - Saved metadata to: /home/sun0115/.cache/nanochat/chatsft_checkpoints/d24_r32_adamw_partial_lr005_1k_2026-03-28_2035_s1024_gc/best/meta_000725.json
Saved best checkpoint at step 725 (val_bpb=0.6862)
Rotated old best checkpoint: step 000550
step 00726 (72.60%) | loss: 2.037528 | lrm: 0.91 | dt: 728.80ms | tok/sec: 11,240 | mfu: 3.64 | epoch: 1 | total time: 6.35m
step 00727 (72.70%) | loss: 2.077245 | lrm: 0.91 | dt: 571.78ms | tok/sec: 14,327 | mfu: 4.63 | epoch: 1 | total time: 6.35m
step 00728 (72.80%) | loss: 2.072023 | lrm: 0.91 | dt: 574.74ms | tok/sec: 14,253 | mfu: 4.61 | epoch: 1 | total time: 6.36m
step 00729 (72.90%) | loss: 2.153640 | lrm: 0.90 | dt: 522.66ms | tok/sec: 15,673 | mfu: 5.07 | epoch: 1 | total time: 6.37m
step 00730 (73.00%) | loss: 2.106472 | lrm: 0.90 | dt: 528.58ms | tok/sec: 15,498 | mfu: 5.01 | epoch: 1 | total time: 6.38m
step 00731 (73.10%) | loss: 2.034037 | lrm: 0.90 | dt: 564.63ms | tok/sec: 14,508 | mfu: 4.69 | epoch: 1 | total time: 6.39m
step 00732 (73.20%) | loss: 2.019618 | lrm: 0.89 | dt: 553.10ms | tok/sec: 14,811 | mfu: 4.79 | epoch: 1 | total time: 6.40m
step 00733 (73.30%) | loss: 2.139873 | lrm: 0.89 | dt: 533.96ms | tok/sec: 15,341 | mfu: 4.96 | epoch: 1 | total time: 6.41m
step 00734 (73.40%) | loss: 2.136900 | lrm: 0.89 | dt: 553.95ms | tok/sec: 14,788 | mfu: 4.78 | epoch: 1 | total time: 6.42m
step 00735 (73.50%) | loss: 2.275752 | lrm: 0.88 | dt: 485.08ms | tok/sec: 16,887 | mfu: 5.46 | epoch: 1 | total time: 6.43m
step 00736 (73.60%) | loss: 2.193882 | lrm: 0.88 | dt: 479.28ms | tok/sec: 17,092 | mfu: 5.53 | epoch: 1 | total time: 6.43m
step 00737 (73.70%) | loss: 2.109676 | lrm: 0.88 | dt: 529.95ms | tok/sec: 15,458 | mfu: 5.00 | epoch: 1 | total time: 6.44m
step 00738 (73.80%) | loss: 2.222008 | lrm: 0.87 | dt: 516.46ms | tok/sec: 15,861 | mfu: 5.13 | epoch: 1 | total time: 6.45m
step 00739 (73.90%) | loss: 2.180848 | lrm: 0.87 | dt: 515.90ms | tok/sec: 15,879 | mfu: 5.14 | epoch: 1 | total time: 6.46m
step 00740 (74.00%) | loss: 2.126279 | lrm: 0.87 | dt: 751.87ms | tok/sec: 10,895 | mfu: 3.52 | epoch: 1 | total time: 6.47m
step 00741 (74.10%) | loss: 2.094108 | lrm: 0.86 | dt: 511.84ms | tok/sec: 16,005 | mfu: 5.18 | epoch: 1 | total time: 6.48m
step 00742 (74.20%) | loss: 2.067552 | lrm: 0.86 | dt: 510.58ms | tok/sec: 16,044 | mfu: 5.19 | epoch: 1 | total time: 6.49m
step 00743 (74.30%) | loss: 2.078866 | lrm: 0.86 | dt: 510.42ms | tok/sec: 16,049 | mfu: 5.19 | epoch: 1 | total time: 6.50m
step 00744 (74.40%) | loss: 2.116737 | lrm: 0.85 | dt: 620.11ms | tok/sec: 13,210 | mfu: 4.27 | epoch: 1 | total time: 6.51m
step 00745 (74.50%) | loss: 2.075602 | lrm: 0.85 | dt: 512.59ms | tok/sec: 15,981 | mfu: 5.17 | epoch: 1 | total time: 6.52m
step 00746 (74.60%) | loss: 2.139685 | lrm: 0.85 | dt: 522.55ms | tok/sec: 15,676 | mfu: 5.07 | epoch: 1 | total time: 6.53m
step 00747 (74.70%) | loss: 2.039695 | lrm: 0.84 | dt: 517.23ms | tok/sec: 15,838 | mfu: 5.12 | epoch: 1 | total time: 6.54m
step 00748 (74.80%) | loss: 1.975505 | lrm: 0.84 | dt: 548.80ms | tok/sec: 14,927 | mfu: 4.83 | epoch: 1 | total time: 6.54m
step 00749 (74.90%) | loss: 1.915772 | lrm: 0.84 | dt: 459.11ms | tok/sec: 17,843 | mfu: 5.77 | epoch: 1 | total time: 6.55m
step 00750 (75.00%) | loss: 1.853131 | lrm: 0.83 | dt: 552.06ms | tok/sec: 14,839 | mfu: 4.80 | epoch: 1 | total time: 6.56m
Step 00750 | Validation bpb: 0.6937
step 00751 (75.10%) | loss: 1.894084 | lrm: 0.83 | dt: 511.66ms | tok/sec: 16,010 | mfu: 5.18 | epoch: 1 | total time: 6.57m
step 00752 (75.20%) | loss: 1.853563 | lrm: 0.83 | dt: 511.19ms | tok/sec: 16,025 | mfu: 5.18 | epoch: 1 | total time: 6.58m
step 00753 (75.30%) | loss: 1.980438 | lrm: 0.82 | dt: 510.01ms | tok/sec: 16,062 | mfu: 5.20 | epoch: 1 | total time: 6.59m
step 00754 (75.40%) | loss: 1.946823 | lrm: 0.82 | dt: 449.87ms | tok/sec: 18,209 | mfu: 5.89 | epoch: 1 | total time: 6.59m
step 00755 (75.50%) | loss: 1.957742 | lrm: 0.82 | dt: 514.50ms | tok/sec: 15,922 | mfu: 5.15 | epoch: 1 | total time: 6.60m
step 00756 (75.60%) | loss: 1.999976 | lrm: 0.81 | dt: 510.99ms | tok/sec: 16,031 | mfu: 5.19 | epoch: 1 | total time: 6.61m
step 00757 (75.70%) | loss: 1.971628 | lrm: 0.81 | dt: 511.54ms | tok/sec: 16,014 | mfu: 5.18 | epoch: 1 | total time: 6.62m
step 00758 (75.80%) | loss: 2.069162 | lrm: 0.81 | dt: 511.18ms | tok/sec: 16,025 | mfu: 5.18 | epoch: 1 | total time: 6.63m
step 00759 (75.90%) | loss: 2.093807 | lrm: 0.80 | dt: 511.18ms | tok/sec: 16,025 | mfu: 5.18 | epoch: 1 | total time: 6.64m
step 00760 (76.00%) | loss: 2.091652 | lrm: 0.80 | dt: 514.80ms | tok/sec: 15,913 | mfu: 5.15 | epoch: 1 | total time: 6.65m
step 00761 (76.10%) | loss: 2.219621 | lrm: 0.80 | dt: 457.42ms | tok/sec: 17,909 | mfu: 5.79 | epoch: 1 | total time: 6.65m
step 00762 (76.20%) | loss: 2.149433 | lrm: 0.79 | dt: 453.34ms | tok/sec: 18,070 | mfu: 5.85 | epoch: 1 | total time: 6.66m
step 00763 (76.30%) | loss: 2.097667 | lrm: 0.79 | dt: 512.20ms | tok/sec: 15,993 | mfu: 5.17 | epoch: 1 | total time: 6.67m
step 00764 (76.40%) | loss: 2.119267 | lrm: 0.79 | dt: 510.72ms | tok/sec: 16,040 | mfu: 5.19 | epoch: 1 | total time: 6.68m
step 00765 (76.50%) | loss: 2.071071 | lrm: 0.78 | dt: 523.75ms | tok/sec: 15,640 | mfu: 5.06 | epoch: 1 | total time: 6.69m
step 00766 (76.60%) | loss: 2.127476 | lrm: 0.78 | dt: 509.72ms | tok/sec: 16,071 | mfu: 5.20 | epoch: 1 | total time: 6.69m
step 00767 (76.70%) | loss: 2.121984 | lrm: 0.78 | dt: 510.09ms | tok/sec: 16,060 | mfu: 5.20 | epoch: 1 | total time: 6.70m
step 00768 (76.80%) | loss: 2.059006 | lrm: 0.77 | dt: 510.12ms | tok/sec: 16,058 | mfu: 5.19 | epoch: 1 | total time: 6.71m
step 00769 (76.90%) | loss: 2.039919 | lrm: 0.77 | dt: 509.98ms | tok/sec: 16,063 | mfu: 5.20 | epoch: 1 | total time: 6.72m
step 00770 (77.00%) | loss: 2.032040 | lrm: 0.77 | dt: 510.05ms | tok/sec: 16,061 | mfu: 5.20 | epoch: 1 | total time: 6.73m
step 00771 (77.10%) | loss: 1.984587 | lrm: 0.76 | dt: 518.29ms | tok/sec: 15,805 | mfu: 5.11 | epoch: 1 | total time: 6.74m
step 00772 (77.20%) | loss: 1.862102 | lrm: 0.76 | dt: 510.95ms | tok/sec: 16,033 | mfu: 5.19 | epoch: 1 | total time: 6.75m
step 00773 (77.30%) | loss: 1.852552 | lrm: 0.76 | dt: 509.55ms | tok/sec: 16,076 | mfu: 5.20 | epoch: 1 | total time: 6.75m
step 00774 (77.40%) | loss: 1.875596 | lrm: 0.75 | dt: 514.85ms | tok/sec: 15,911 | mfu: 5.15 | epoch: 1 | total time: 6.76m
step 00775 (77.50%) | loss: 1.958854 | lrm: 0.75 | dt: 511.80ms | tok/sec: 16,006 | mfu: 5.18 | epoch: 1 | total time: 6.77m
Step 00775 | Validation bpb: 0.6785
2026-03-28 20:51:34,566 - nanochat.checkpoint_manager - [32m[1mINFO[0m - Saved model parameters to: /home/sun0115/.cache/nanochat/chatsft_checkpoints/d24_r32_adamw_partial_lr005_1k_2026-03-28_2035_s1024_gc/best/model_000775.pt
2026-03-28 20:51:34,567 - nanochat.checkpoint_manager - [32m[1mINFO[0m - Saved metadata to: /home/sun0115/.cache/nanochat/chatsft_checkpoints/d24_r32_adamw_partial_lr005_1k_2026-03-28_2035_s1024_gc/best/meta_000775.json
Saved best checkpoint at step 775 (val_bpb=0.6785)
Rotated old best checkpoint: step 000725
step 00776 (77.60%) | loss: 1.957929 | lrm: 0.75 | dt: 701.61ms | tok/sec: 11,675 | mfu: 3.78 | epoch: 1 | total time: 6.78m
step 00777 (77.70%) | loss: 1.982406 | lrm: 0.74 | dt: 512.36ms | tok/sec: 15,988 | mfu: 5.17 | epoch: 1 | total time: 6.79m
step 00778 (77.80%) | loss: 1.972328 | lrm: 0.74 | dt: 511.62ms | tok/sec: 16,012 | mfu: 5.18 | epoch: 1 | total time: 6.80m
step 00779 (77.90%) | loss: 2.023998 | lrm: 0.74 | dt: 512.32ms | tok/sec: 15,989 | mfu: 5.17 | epoch: 1 | total time: 6.81m
step 00780 (78.00%) | loss: 1.958402 | lrm: 0.73 | dt: 509.90ms | tok/sec: 16,065 | mfu: 5.20 | epoch: 1 | total time: 6.82m
step 00781 (78.10%) | loss: 1.885101 | lrm: 0.73 | dt: 513.46ms | tok/sec: 15,954 | mfu: 5.16 | epoch: 1 | total time: 6.83m
step 00782 (78.20%) | loss: 1.865169 | lrm: 0.73 | dt: 450.03ms | tok/sec: 18,203 | mfu: 5.89 | epoch: 1 | total time: 6.83m
step 00783 (78.30%) | loss: 1.743318 | lrm: 0.72 | dt: 522.09ms | tok/sec: 15,690 | mfu: 5.08 | epoch: 1 | total time: 6.84m
step 00784 (78.40%) | loss: 1.748042 | lrm: 0.72 | dt: 512.87ms | tok/sec: 15,972 | mfu: 5.17 | epoch: 1 | total time: 6.85m
step 00785 (78.50%) | loss: 1.843529 | lrm: 0.72 | dt: 514.71ms | tok/sec: 15,915 | mfu: 5.15 | epoch: 1 | total time: 6.86m
step 00786 (78.60%) | loss: 1.902858 | lrm: 0.71 | dt: 514.76ms | tok/sec: 15,914 | mfu: 5.15 | epoch: 1 | total time: 6.87m
step 00787 (78.70%) | loss: 1.852353 | lrm: 0.71 | dt: 513.32ms | tok/sec: 15,958 | mfu: 5.16 | epoch: 1 | total time: 6.88m
step 00788 (78.80%) | loss: 1.921723 | lrm: 0.71 | dt: 403.59ms | tok/sec: 20,297 | mfu: 6.57 | epoch: 1 | total time: 6.88m
step 00789 (78.90%) | loss: 1.912936 | lrm: 0.70 | dt: 456.08ms | tok/sec: 17,961 | mfu: 5.81 | epoch: 1 | total time: 6.89m
step 00790 (79.00%) | loss: 1.936130 | lrm: 0.70 | dt: 524.86ms | tok/sec: 15,608 | mfu: 5.05 | epoch: 1 | total time: 6.90m
step 00791 (79.10%) | loss: 1.852501 | lrm: 0.70 | dt: 616.07ms | tok/sec: 13,297 | mfu: 4.30 | epoch: 1 | total time: 6.91m
step 00792 (79.20%) | loss: 1.858212 | lrm: 0.69 | dt: 531.42ms | tok/sec: 15,415 | mfu: 4.99 | epoch: 1 | total time: 6.92m
step 00793 (79.30%) | loss: 1.851058 | lrm: 0.69 | dt: 509.97ms | tok/sec: 16,063 | mfu: 5.20 | epoch: 1 | total time: 6.93m
step 00794 (79.40%) | loss: 1.984893 | lrm: 0.69 | dt: 511.05ms | tok/sec: 16,029 | mfu: 5.19 | epoch: 1 | total time: 6.94m
step 00795 (79.50%) | loss: 2.052285 | lrm: 0.68 | dt: 510.52ms | tok/sec: 16,046 | mfu: 5.19 | epoch: 1 | total time: 6.94m
step 00796 (79.60%) | loss: 2.030240 | lrm: 0.68 | dt: 511.02ms | tok/sec: 16,030 | mfu: 5.19 | epoch: 1 | total time: 6.95m
step 00797 (79.70%) | loss: 2.048435 | lrm: 0.68 | dt: 449.94ms | tok/sec: 18,206 | mfu: 5.89 | epoch: 1 | total time: 6.96m
step 00798 (79.80%) | loss: 1.999449 | lrm: 0.67 | dt: 511.43ms | tok/sec: 16,017 | mfu: 5.18 | epoch: 1 | total time: 6.97m
step 00799 (79.90%) | loss: 2.006272 | lrm: 0.67 | dt: 510.74ms | tok/sec: 16,039 | mfu: 5.19 | epoch: 1 | total time: 6.98m
step 00800 (80.00%) | loss: 1.874939 | lrm: 0.67 | dt: 513.64ms | tok/sec: 15,948 | mfu: 5.16 | epoch: 1 | total time: 6.99m
Step 00800 | Validation bpb: 0.6667
2026-03-28 20:52:07,448 - nanochat.checkpoint_manager - [32m[1mINFO[0m - Saved model parameters to: /home/sun0115/.cache/nanochat/chatsft_checkpoints/d24_r32_adamw_partial_lr005_1k_2026-03-28_2035_s1024_gc/best/model_000800.pt
2026-03-28 20:52:07,449 - nanochat.checkpoint_manager - [32m[1mINFO[0m - Saved metadata to: /home/sun0115/.cache/nanochat/chatsft_checkpoints/d24_r32_adamw_partial_lr005_1k_2026-03-28_2035_s1024_gc/best/meta_000800.json
Saved best checkpoint at step 800 (val_bpb=0.6667)
Rotated old best checkpoint: step 000775
step 00801 (80.10%) | loss: 1.884919 | lrm: 0.66 | dt: 683.50ms | tok/sec: 11,985 | mfu: 3.88 | epoch: 1 | total time: 7.00m
step 00802 (80.20%) | loss: 1.775192 | lrm: 0.66 | dt: 511.26ms | tok/sec: 16,023 | mfu: 5.18 | epoch: 1 | total time: 7.01m
step 00803 (80.30%) | loss: 1.811999 | lrm: 0.66 | dt: 510.08ms | tok/sec: 16,060 | mfu: 5.20 | epoch: 1 | total time: 7.01m
step 00804 (80.40%) | loss: 1.864946 | lrm: 0.65 | dt: 513.00ms | tok/sec: 15,968 | mfu: 5.17 | epoch: 1 | total time: 7.02m
step 00805 (80.50%) | loss: 1.877162 | lrm: 0.65 | dt: 451.49ms | tok/sec: 18,144 | mfu: 5.87 | epoch: 1 | total time: 7.03m
step 00806 (80.60%) | loss: 1.779006 | lrm: 0.65 | dt: 514.30ms | tok/sec: 15,928 | mfu: 5.15 | epoch: 1 | total time: 7.04m
step 00807 (80.70%) | loss: 1.911607 | lrm: 0.64 | dt: 510.06ms | tok/sec: 16,060 | mfu: 5.20 | epoch: 1 | total time: 7.05m
step 00808 (80.80%) | loss: 1.862444 | lrm: 0.64 | dt: 511.65ms | tok/sec: 16,011 | mfu: 5.18 | epoch: 1 | total time: 7.06m
step 00809 (80.90%) | loss: 1.852717 | lrm: 0.64 | dt: 452.71ms | tok/sec: 18,095 | mfu: 5.85 | epoch: 1 | total time: 7.06m
step 00810 (81.00%) | loss: 1.848714 | lrm: 0.63 | dt: 465.67ms | tok/sec: 17,591 | mfu: 5.69 | epoch: 1 | total time: 7.07m
step 00811 (81.10%) | loss: 1.896360 | lrm: 0.63 | dt: 516.70ms | tok/sec: 15,854 | mfu: 5.13 | epoch: 1 | total time: 7.08m
step 00812 (81.20%) | loss: 1.887443 | lrm: 0.63 | dt: 512.46ms | tok/sec: 15,985 | mfu: 5.17 | epoch: 1 | total time: 7.09m
step 00813 (81.30%) | loss: 1.902764 | lrm: 0.62 | dt: 511.94ms | tok/sec: 16,002 | mfu: 5.18 | epoch: 1 | total time: 7.10m
step 00814 (81.40%) | loss: 1.779793 | lrm: 0.62 | dt: 514.61ms | tok/sec: 15,918 | mfu: 5.15 | epoch: 1 | total time: 7.11m
step 00815 (81.50%) | loss: 1.806442 | lrm: 0.62 | dt: 515.23ms | tok/sec: 15,899 | mfu: 5.14 | epoch: 1 | total time: 7.11m
step 00816 (81.60%) | loss: 1.926280 | lrm: 0.61 | dt: 514.93ms | tok/sec: 15,908 | mfu: 5.15 | epoch: 1 | total time: 7.12m
step 00817 (81.70%) | loss: 1.927031 | lrm: 0.61 | dt: 455.53ms | tok/sec: 17,983 | mfu: 5.82 | epoch: 1 | total time: 7.13m
step 00818 (81.80%) | loss: 1.968686 | lrm: 0.61 | dt: 515.27ms | tok/sec: 15,898 | mfu: 5.14 | epoch: 1 | total time: 7.14m
step 00819 (81.90%) | loss: 1.956967 | lrm: 0.60 | dt: 514.15ms | tok/sec: 15,933 | mfu: 5.15 | epoch: 1 | total time: 7.15m
step 00820 (82.00%) | loss: 2.033929 | lrm: 0.60 | dt: 514.58ms | tok/sec: 15,919 | mfu: 5.15 | epoch: 1 | total time: 7.16m
step 00821 (82.10%) | loss: 2.057234 | lrm: 0.60 | dt: 456.84ms | tok/sec: 17,932 | mfu: 5.80 | epoch: 1 | total time: 7.16m
step 00822 (82.20%) | loss: 2.062037 | lrm: 0.59 | dt: 514.30ms | tok/sec: 15,928 | mfu: 5.15 | epoch: 1 | total time: 7.17m
step 00823 (82.30%) | loss: 1.924933 | lrm: 0.59 | dt: 452.75ms | tok/sec: 18,093 | mfu: 5.85 | epoch: 1 | total time: 7.18m
step 00824 (82.40%) | loss: 1.973337 | lrm: 0.59 | dt: 511.47ms | tok/sec: 16,016 | mfu: 5.18 | epoch: 1 | total time: 7.19m
step 00825 (82.50%) | loss: 1.991647 | lrm: 0.58 | dt: 535.38ms | tok/sec: 15,301 | mfu: 4.95 | epoch: 1 | total time: 7.20m
Step 00825 | Validation bpb: 0.6775
step 00826 (82.60%) | loss: 2.093599 | lrm: 0.58 | dt: 466.97ms | tok/sec: 17,542 | mfu: 5.67 | epoch: 1 | total time: 7.20m
step 00827 (82.70%) | loss: 2.064823 | lrm: 0.58 | dt: 524.24ms | tok/sec: 15,626 | mfu: 5.05 | epoch: 1 | total time: 7.21m
step 00828 (82.80%) | loss: 2.085128 | lrm: 0.57 | dt: 552.84ms | tok/sec: 14,818 | mfu: 4.79 | epoch: 1 | total time: 7.22m
step 00829 (82.90%) | loss: 2.107985 | lrm: 0.57 | dt: 549.77ms | tok/sec: 14,900 | mfu: 4.82 | epoch: 1 | total time: 7.23m
step 00830 (83.00%) | loss: 2.021003 | lrm: 0.57 | dt: 532.88ms | tok/sec: 15,373 | mfu: 4.97 | epoch: 1 | total time: 7.24m
step 00831 (83.10%) | loss: 2.033980 | lrm: 0.56 | dt: 525.25ms | tok/sec: 15,596 | mfu: 5.05 | epoch: 1 | total time: 7.25m
step 00832 (83.20%) | loss: 2.100066 | lrm: 0.56 | dt: 526.19ms | tok/sec: 15,568 | mfu: 5.04 | epoch: 1 | total time: 7.26m
step 00833 (83.30%) | loss: 2.119433 | lrm: 0.56 | dt: 527.48ms | tok/sec: 15,530 | mfu: 5.02 | epoch: 1 | total time: 7.27m
step 00834 (83.40%) | loss: 2.084794 | lrm: 0.55 | dt: 515.19ms | tok/sec: 15,900 | mfu: 5.14 | epoch: 1 | total time: 7.28m
step 00835 (83.50%) | loss: 2.033476 | lrm: 0.55 | dt: 544.45ms | tok/sec: 15,046 | mfu: 4.87 | epoch: 1 | total time: 7.28m
step 00836 (83.60%) | loss: 1.983507 | lrm: 0.55 | dt: 550.86ms | tok/sec: 14,871 | mfu: 4.81 | epoch: 1 | total time: 7.29m
step 00837 (83.70%) | loss: 2.036950 | lrm: 0.54 | dt: 524.21ms | tok/sec: 15,627 | mfu: 5.06 | epoch: 1 | total time: 7.30m
step 00838 (83.80%) | loss: 2.015391 | lrm: 0.54 | dt: 520.46ms | tok/sec: 15,739 | mfu: 5.09 | epoch: 1 | total time: 7.31m
step 00839 (83.90%) | loss: 2.013667 | lrm: 0.54 | dt: 528.43ms | tok/sec: 15,502 | mfu: 5.01 | epoch: 1 | total time: 7.32m
step 00840 (84.00%) | loss: 1.976859 | lrm: 0.53 | dt: 511.74ms | tok/sec: 16,008 | mfu: 5.18 | epoch: 1 | total time: 7.33m
step 00841 (84.10%) | loss: 1.949295 | lrm: 0.53 | dt: 531.81ms | tok/sec: 15,403 | mfu: 4.98 | epoch: 1 | total time: 7.34m
step 00842 (84.20%) | loss: 1.984915 | lrm: 0.53 | dt: 539.68ms | tok/sec: 15,179 | mfu: 4.91 | epoch: 1 | total time: 7.35m
step 00843 (84.30%) | loss: 2.036265 | lrm: 0.52 | dt: 534.88ms | tok/sec: 15,315 | mfu: 4.95 | epoch: 1 | total time: 7.36m
step 00844 (84.40%) | loss: 1.999152 | lrm: 0.52 | dt: 530.44ms | tok/sec: 15,443 | mfu: 5.00 | epoch: 1 | total time: 7.36m
step 00845 (84.50%) | loss: 1.940701 | lrm: 0.52 | dt: 517.18ms | tok/sec: 15,839 | mfu: 5.12 | epoch: 1 | total time: 7.37m
step 00846 (84.60%) | loss: 1.949549 | lrm: 0.51 | dt: 522.72ms | tok/sec: 15,671 | mfu: 5.07 | epoch: 1 | total time: 7.38m
step 00847 (84.70%) | loss: 1.968198 | lrm: 0.51 | dt: 512.19ms | tok/sec: 15,994 | mfu: 5.17 | epoch: 1 | total time: 7.39m
step 00848 (84.80%) | loss: 1.988006 | lrm: 0.51 | dt: 510.84ms | tok/sec: 16,036 | mfu: 5.19 | epoch: 1 | total time: 7.40m
step 00849 (84.90%) | loss: 1.937999 | lrm: 0.50 | dt: 510.86ms | tok/sec: 16,035 | mfu: 5.19 | epoch: 1 | total time: 7.41m
step 00850 (85.00%) | loss: 1.910652 | lrm: 0.50 | dt: 451.61ms | tok/sec: 18,139 | mfu: 5.87 | epoch: 1 | total time: 7.41m
Step 00850 | Validation bpb: 0.6394
2026-03-28 20:53:11,106 - nanochat.checkpoint_manager - [32m[1mINFO[0m - Saved model parameters to: /home/sun0115/.cache/nanochat/chatsft_checkpoints/d24_r32_adamw_partial_lr005_1k_2026-03-28_2035_s1024_gc/best/model_000850.pt
2026-03-28 20:53:11,107 - nanochat.checkpoint_manager - [32m[1mINFO[0m - Saved metadata to: /home/sun0115/.cache/nanochat/chatsft_checkpoints/d24_r32_adamw_partial_lr005_1k_2026-03-28_2035_s1024_gc/best/meta_000850.json
Saved best checkpoint at step 850 (val_bpb=0.6394)
Rotated old best checkpoint: step 000800
step 00851 (85.10%) | loss: 1.949022 | lrm: 0.50 | dt: 689.82ms | tok/sec: 11,875 | mfu: 3.84 | epoch: 1 | total time: 7.43m
step 00852 (85.20%) | loss: 1.883663 | lrm: 0.49 | dt: 510.52ms | tok/sec: 16,046 | mfu: 5.19 | epoch: 1 | total time: 7.43m
step 00853 (85.30%) | loss: 1.862886 | lrm: 0.49 | dt: 509.91ms | tok/sec: 16,065 | mfu: 5.20 | epoch: 1 | total time: 7.44m
step 00854 (85.40%) | loss: 1.736253 | lrm: 0.49 | dt: 515.60ms | tok/sec: 15,888 | mfu: 5.14 | epoch: 1 | total time: 7.45m
step 00855 (85.50%) | loss: 1.763388 | lrm: 0.48 | dt: 513.82ms | tok/sec: 15,943 | mfu: 5.16 | epoch: 1 | total time: 7.46m
step 00856 (85.60%) | loss: 1.856824 | lrm: 0.48 | dt: 515.51ms | tok/sec: 15,891 | mfu: 5.14 | epoch: 1 | total time: 7.47m
step 00857 (85.70%) | loss: 1.909858 | lrm: 0.48 | dt: 449.77ms | tok/sec: 18,213 | mfu: 5.89 | epoch: 1 | total time: 7.48m
step 00858 (85.80%) | loss: 1.947880 | lrm: 0.47 | dt: 514.96ms | tok/sec: 15,907 | mfu: 5.15 | epoch: 1 | total time: 7.49m
step 00859 (85.90%) | loss: 2.013314 | lrm: 0.47 | dt: 516.58ms | tok/sec: 15,858 | mfu: 5.13 | epoch: 1 | total time: 7.49m
step 00860 (86.00%) | loss: 2.020265 | lrm: 0.47 | dt: 514.02ms | tok/sec: 15,937 | mfu: 5.16 | epoch: 1 | total time: 7.50m
step 00861 (86.10%) | loss: 2.055622 | lrm: 0.46 | dt: 509.46ms | tok/sec: 16,079 | mfu: 5.20 | epoch: 1 | total time: 7.51m
step 00862 (86.20%) | loss: 2.050782 | lrm: 0.46 | dt: 510.59ms | tok/sec: 16,044 | mfu: 5.19 | epoch: 1 | total time: 7.52m
step 00863 (86.30%) | loss: 2.052549 | lrm: 0.46 | dt: 510.61ms | tok/sec: 16,043 | mfu: 5.19 | epoch: 1 | total time: 7.53m
step 00864 (86.40%) | loss: 2.093197 | lrm: 0.45 | dt: 511.18ms | tok/sec: 16,025 | mfu: 5.18 | epoch: 1 | total time: 7.54m
step 00865 (86.50%) | loss: 2.098465 | lrm: 0.45 | dt: 510.08ms | tok/sec: 16,060 | mfu: 5.20 | epoch: 1 | total time: 7.54m
step 00866 (86.60%) | loss: 2.060187 | lrm: 0.45 | dt: 511.74ms | tok/sec: 16,008 | mfu: 5.18 | epoch: 1 | total time: 7.55m
step 00867 (86.70%) | loss: 2.049259 | lrm: 0.44 | dt: 511.83ms | tok/sec: 16,005 | mfu: 5.18 | epoch: 1 | total time: 7.56m
step 00868 (86.80%) | loss: 2.035468 | lrm: 0.44 | dt: 674.62ms | tok/sec: 12,143 | mfu: 3.93 | epoch: 1 | total time: 7.57m
step 00869 (86.90%) | loss: 2.083769 | lrm: 0.44 | dt: 511.75ms | tok/sec: 16,007 | mfu: 5.18 | epoch: 1 | total time: 7.58m
step 00870 (87.00%) | loss: 1.993833 | lrm: 0.43 | dt: 511.92ms | tok/sec: 16,002 | mfu: 5.18 | epoch: 1 | total time: 7.59m
step 00871 (87.10%) | loss: 2.007956 | lrm: 0.43 | dt: 509.57ms | tok/sec: 16,076 | mfu: 5.20 | epoch: 1 | total time: 7.60m
step 00872 (87.20%) | loss: 1.988488 | lrm: 0.43 | dt: 449.98ms | tok/sec: 18,205 | mfu: 5.89 | epoch: 1 | total time: 7.61m
step 00873 (87.30%) | loss: 1.939635 | lrm: 0.42 | dt: 511.28ms | tok/sec: 16,022 | mfu: 5.18 | epoch: 1 | total time: 7.61m
step 00874 (87.40%) | loss: 1.982389 | lrm: 0.42 | dt: 510.78ms | tok/sec: 16,038 | mfu: 5.19 | epoch: 1 | total time: 7.62m
step 00875 (87.50%) | loss: 2.052802 | lrm: 0.42 | dt: 449.61ms | tok/sec: 18,220 | mfu: 5.89 | epoch: 1 | total time: 7.63m
Step 00875 | Validation bpb: 0.6290
2026-03-28 20:53:44,057 - nanochat.checkpoint_manager - [32m[1mINFO[0m - Saved model parameters to: /home/sun0115/.cache/nanochat/chatsft_checkpoints/d24_r32_adamw_partial_lr005_1k_2026-03-28_2035_s1024_gc/best/model_000875.pt
2026-03-28 20:53:44,057 - nanochat.checkpoint_manager - [32m[1mINFO[0m - Saved metadata to: /home/sun0115/.cache/nanochat/chatsft_checkpoints/d24_r32_adamw_partial_lr005_1k_2026-03-28_2035_s1024_gc/best/meta_000875.json
Saved best checkpoint at step 875 (val_bpb=0.6290)
Rotated old best checkpoint: step 000850
step 00876 (87.60%) | loss: 2.039292 | lrm: 0.41 | dt: 643.11ms | tok/sec: 12,738 | mfu: 4.12 | epoch: 1 | total time: 7.64m
step 00877 (87.70%) | loss: 1.973771 | lrm: 0.41 | dt: 511.44ms | tok/sec: 16,017 | mfu: 5.18 | epoch: 1 | total time: 7.65m
step 00878 (87.80%) | loss: 1.959128 | lrm: 0.41 | dt: 516.48ms | tok/sec: 15,861 | mfu: 5.13 | epoch: 1 | total time: 7.66m
step 00879 (87.90%) | loss: 2.000342 | lrm: 0.40 | dt: 510.36ms | tok/sec: 16,051 | mfu: 5.19 | epoch: 1 | total time: 7.67m
step 00880 (88.00%) | loss: 1.965098 | lrm: 0.40 | dt: 455.01ms | tok/sec: 18,003 | mfu: 5.82 | epoch: 1 | total time: 7.67m
step 00881 (88.10%) | loss: 1.972208 | lrm: 0.40 | dt: 515.34ms | tok/sec: 15,896 | mfu: 5.14 | epoch: 1 | total time: 7.68m
step 00882 (88.20%) | loss: 2.027506 | lrm: 0.39 | dt: 455.88ms | tok/sec: 17,969 | mfu: 5.81 | epoch: 1 | total time: 7.69m
step 00883 (88.30%) | loss: 1.977741 | lrm: 0.39 | dt: 512.04ms | tok/sec: 15,998 | mfu: 5.18 | epoch: 1 | total time: 7.70m
step 00884 (88.40%) | loss: 2.086515 | lrm: 0.39 | dt: 510.12ms | tok/sec: 16,058 | mfu: 5.19 | epoch: 1 | total time: 7.71m
step 00885 (88.50%) | loss: 2.118400 | lrm: 0.38 | dt: 511.03ms | tok/sec: 16,030 | mfu: 5.19 | epoch: 1 | total time: 7.72m
step 00886 (88.60%) | loss: 2.086099 | lrm: 0.38 | dt: 511.18ms | tok/sec: 16,025 | mfu: 5.18 | epoch: 1 | total time: 7.72m
step 00887 (88.70%) | loss: 2.059097 | lrm: 0.38 | dt: 614.58ms | tok/sec: 13,329 | mfu: 4.31 | epoch: 1 | total time: 7.74m
step 00888 (88.80%) | loss: 1.998114 | lrm: 0.37 | dt: 511.53ms | tok/sec: 16,014 | mfu: 5.18 | epoch: 1 | total time: 7.74m
step 00889 (88.90%) | loss: 2.020957 | lrm: 0.37 | dt: 511.55ms | tok/sec: 16,014 | mfu: 5.18 | epoch: 1 | total time: 7.75m
step 00890 (89.00%) | loss: 2.023720 | lrm: 0.37 | dt: 451.18ms | tok/sec: 18,156 | mfu: 5.87 | epoch: 1 | total time: 7.76m
step 00891 (89.10%) | loss: 1.987427 | lrm: 0.36 | dt: 511.30ms | tok/sec: 16,021 | mfu: 5.18 | epoch: 1 | total time: 7.77m
step 00892 (89.20%) | loss: 2.022661 | lrm: 0.36 | dt: 512.94ms | tok/sec: 15,970 | mfu: 5.17 | epoch: 1 | total time: 7.78m
step 00893 (89.30%) | loss: 1.984565 | lrm: 0.36 | dt: 511.82ms | tok/sec: 16,005 | mfu: 5.18 | epoch: 1 | total time: 7.79m
step 00894 (89.40%) | loss: 2.025857 | lrm: 0.35 | dt: 511.90ms | tok/sec: 16,003 | mfu: 5.18 | epoch: 1 | total time: 7.79m
step 00895 (89.50%) | loss: 2.034522 | lrm: 0.35 | dt: 510.48ms | tok/sec: 16,047 | mfu: 5.19 | epoch: 1 | total time: 7.80m
step 00896 (89.60%) | loss: 1.981287 | lrm: 0.35 | dt: 452.93ms | tok/sec: 18,086 | mfu: 5.85 | epoch: 1 | total time: 7.81m
step 00897 (89.70%) | loss: 1.959911 | lrm: 0.34 | dt: 453.17ms | tok/sec: 18,077 | mfu: 5.85 | epoch: 1 | total time: 7.82m
step 00898 (89.80%) | loss: 1.888979 | lrm: 0.34 | dt: 512.49ms | tok/sec: 15,984 | mfu: 5.17 | epoch: 1 | total time: 7.83m
step 00899 (89.90%) | loss: 1.968121 | lrm: 0.34 | dt: 511.29ms | tok/sec: 16,022 | mfu: 5.18 | epoch: 1 | total time: 7.83m
step 00900 (90.00%) | loss: 1.970133 | lrm: 0.33 | dt: 452.91ms | tok/sec: 18,087 | mfu: 5.85 | epoch: 1 | total time: 7.84m
Step 00900 | Validation bpb: 0.6255
2026-03-28 20:54:16,815 - nanochat.checkpoint_manager - [32m[1mINFO[0m - Saved model parameters to: /home/sun0115/.cache/nanochat/chatsft_checkpoints/d24_r32_adamw_partial_lr005_1k_2026-03-28_2035_s1024_gc/best/model_000900.pt
2026-03-28 20:54:16,816 - nanochat.checkpoint_manager - [32m[1mINFO[0m - Saved metadata to: /home/sun0115/.cache/nanochat/chatsft_checkpoints/d24_r32_adamw_partial_lr005_1k_2026-03-28_2035_s1024_gc/best/meta_000900.json
Saved best checkpoint at step 900 (val_bpb=0.6255)
Rotated old best checkpoint: step 000875
step 00901 (90.10%) | loss: 2.022264 | lrm: 0.33 | dt: 699.80ms | tok/sec: 11,706 | mfu: 3.79 | epoch: 1 | total time: 7.85m
step 00902 (90.20%) | loss: 1.952343 | lrm: 0.33 | dt: 511.61ms | tok/sec: 16,012 | mfu: 5.18 | epoch: 1 | total time: 7.86m
step 00903 (90.30%) | loss: 1.999329 | lrm: 0.32 | dt: 512.23ms | tok/sec: 15,992 | mfu: 5.17 | epoch: 1 | total time: 7.87m
step 00904 (90.40%) | loss: 1.988353 | lrm: 0.32 | dt: 508.49ms | tok/sec: 16,110 | mfu: 5.21 | epoch: 1 | total time: 7.88m
step 00905 (90.50%) | loss: 1.945837 | lrm: 0.32 | dt: 523.06ms | tok/sec: 15,661 | mfu: 5.07 | epoch: 1 | total time: 7.89m
step 00906 (90.60%) | loss: 1.912417 | lrm: 0.31 | dt: 550.67ms | tok/sec: 14,876 | mfu: 4.81 | epoch: 1 | total time: 7.90m
step 00907 (90.70%) | loss: 1.925272 | lrm: 0.31 | dt: 549.45ms | tok/sec: 14,909 | mfu: 4.82 | epoch: 1 | total time: 7.91m
step 00908 (90.80%) | loss: 1.862801 | lrm: 0.31 | dt: 499.77ms | tok/sec: 16,391 | mfu: 5.30 | epoch: 1 | total time: 7.91m
step 00909 (90.90%) | loss: 1.926427 | lrm: 0.30 | dt: 493.61ms | tok/sec: 16,596 | mfu: 5.37 | epoch: 1 | total time: 7.92m
step 00910 (91.00%) | loss: 1.900826 | lrm: 0.30 | dt: 498.66ms | tok/sec: 16,428 | mfu: 5.31 | epoch: 1 | total time: 7.93m
step 00911 (91.10%) | loss: 1.936104 | lrm: 0.30 | dt: 547.20ms | tok/sec: 14,970 | mfu: 4.84 | epoch: 1 | total time: 7.94m
step 00912 (91.20%) | loss: 1.927136 | lrm: 0.29 | dt: 549.53ms | tok/sec: 14,907 | mfu: 4.82 | epoch: 1 | total time: 7.95m
step 00913 (91.30%) | loss: 1.884406 | lrm: 0.29 | dt: 574.79ms | tok/sec: 14,252 | mfu: 4.61 | epoch: 1 | total time: 7.96m
step 00914 (91.40%) | loss: 1.904989 | lrm: 0.29 | dt: 541.13ms | tok/sec: 15,138 | mfu: 4.90 | epoch: 1 | total time: 7.97m
step 00915 (91.50%) | loss: 1.915509 | lrm: 0.28 | dt: 553.73ms | tok/sec: 14,794 | mfu: 4.79 | epoch: 1 | total time: 7.98m
step 00916 (91.60%) | loss: 1.995381 | lrm: 0.28 | dt: 548.35ms | tok/sec: 14,939 | mfu: 4.83 | epoch: 1 | total time: 7.99m
step 00917 (91.70%) | loss: 1.957595 | lrm: 0.28 | dt: 507.69ms | tok/sec: 16,135 | mfu: 5.22 | epoch: 1 | total time: 7.99m
step 00918 (91.80%) | loss: 1.937442 | lrm: 0.27 | dt: 549.64ms | tok/sec: 14,904 | mfu: 4.82 | epoch: 1 | total time: 8.00m
step 00919 (91.90%) | loss: 1.944629 | lrm: 0.27 | dt: 556.69ms | tok/sec: 14,715 | mfu: 4.76 | epoch: 1 | total time: 8.01m
step 00920 (92.00%) | loss: 1.987029 | lrm: 0.27 | dt: 549.95ms | tok/sec: 14,895 | mfu: 4.82 | epoch: 1 | total time: 8.02m
step 00921 (92.10%) | loss: 1.963075 | lrm: 0.26 | dt: 553.88ms | tok/sec: 14,790 | mfu: 4.78 | epoch: 1 | total time: 8.03m
step 00922 (92.20%) | loss: 1.988264 | lrm: 0.26 | dt: 560.73ms | tok/sec: 14,609 | mfu: 4.73 | epoch: 1 | total time: 8.04m
step 00923 (92.30%) | loss: 1.962916 | lrm: 0.26 | dt: 549.14ms | tok/sec: 14,917 | mfu: 4.83 | epoch: 1 | total time: 8.05m
step 00924 (92.40%) | loss: 2.028631 | lrm: 0.25 | dt: 565.61ms | tok/sec: 14,483 | mfu: 4.69 | epoch: 1 | total time: 8.06m
step 00925 (92.50%) | loss: 2.011299 | lrm: 0.25 | dt: 555.94ms | tok/sec: 14,735 | mfu: 4.77 | epoch: 1 | total time: 8.07m
Step 00925 | Validation bpb: 0.6162
2026-03-28 20:54:50,782 - nanochat.checkpoint_manager - [32m[1mINFO[0m - Saved model parameters to: /home/sun0115/.cache/nanochat/chatsft_checkpoints/d24_r32_adamw_partial_lr005_1k_2026-03-28_2035_s1024_gc/best/model_000925.pt
2026-03-28 20:54:50,782 - nanochat.checkpoint_manager - [32m[1mINFO[0m - Saved metadata to: /home/sun0115/.cache/nanochat/chatsft_checkpoints/d24_r32_adamw_partial_lr005_1k_2026-03-28_2035_s1024_gc/best/meta_000925.json
Saved best checkpoint at step 925 (val_bpb=0.6162)
Rotated old best checkpoint: step 000900
step 00926 (92.60%) | loss: 1.941950 | lrm: 0.25 | dt: 702.47ms | tok/sec: 11,661 | mfu: 3.77 | epoch: 1 | total time: 8.08m
step 00927 (92.70%) | loss: 1.883237 | lrm: 0.24 | dt: 553.35ms | tok/sec: 14,804 | mfu: 4.79 | epoch: 1 | total time: 8.09m
step 00928 (92.80%) | loss: 1.831583 | lrm: 0.24 | dt: 546.45ms | tok/sec: 14,991 | mfu: 4.85 | epoch: 1 | total time: 8.10m
step 00929 (92.90%) | loss: 1.778906 | lrm: 0.24 | dt: 540.71ms | tok/sec: 15,150 | mfu: 4.90 | epoch: 1 | total time: 8.11m
step 00930 (93.00%) | loss: 1.836328 | lrm: 0.23 | dt: 534.69ms | tok/sec: 15,320 | mfu: 4.96 | epoch: 1 | total time: 8.12m
step 00931 (93.10%) | loss: 1.818284 | lrm: 0.23 | dt: 554.18ms | tok/sec: 14,782 | mfu: 4.78 | epoch: 1 | total time: 8.13m
step 00932 (93.20%) | loss: 1.789602 | lrm: 0.23 | dt: 535.89ms | tok/sec: 15,286 | mfu: 4.94 | epoch: 1 | total time: 8.13m
step 00933 (93.30%) | loss: 1.786296 | lrm: 0.22 | dt: 479.06ms | tok/sec: 17,100 | mfu: 5.53 | epoch: 1 | total time: 8.14m
step 00934 (93.40%) | loss: 1.737080 | lrm: 0.22 | dt: 556.03ms | tok/sec: 14,733 | mfu: 4.77 | epoch: 1 | total time: 8.15m
step 00935 (93.50%) | loss: 1.728024 | lrm: 0.22 | dt: 539.48ms | tok/sec: 15,184 | mfu: 4.91 | epoch: 1 | total time: 8.16m
step 00936 (93.60%) | loss: 1.738275 | lrm: 0.21 | dt: 481.92ms | tok/sec: 16,998 | mfu: 5.50 | epoch: 1 | total time: 8.17m
step 00937 (93.70%) | loss: 1.735655 | lrm: 0.21 | dt: 474.48ms | tok/sec: 17,265 | mfu: 5.58 | epoch: 1 | total time: 8.18m
step 00938 (93.80%) | loss: 1.632935 | lrm: 0.21 | dt: 524.74ms | tok/sec: 15,611 | mfu: 5.05 | epoch: 1 | total time: 8.19m
step 00939 (93.90%) | loss: 1.815777 | lrm: 0.20 | dt: 527.89ms | tok/sec: 15,518 | mfu: 5.02 | epoch: 1 | total time: 8.19m
step 00940 (94.00%) | loss: 1.865615 | lrm: 0.20 | dt: 542.28ms | tok/sec: 15,106 | mfu: 4.89 | epoch: 1 | total time: 8.20m
step 00941 (94.10%) | loss: 1.896446 | lrm: 0.20 | dt: 520.32ms | tok/sec: 15,744 | mfu: 5.09 | epoch: 1 | total time: 8.21m
step 00942 (94.20%) | loss: 1.984762 | lrm: 0.19 | dt: 559.04ms | tok/sec: 14,653 | mfu: 4.74 | epoch: 1 | total time: 8.22m
step 00943 (94.30%) | loss: 2.069150 | lrm: 0.19 | dt: 561.60ms | tok/sec: 14,586 | mfu: 4.72 | epoch: 1 | total time: 8.23m
step 00944 (94.40%) | loss: 2.019070 | lrm: 0.19 | dt: 530.88ms | tok/sec: 15,431 | mfu: 4.99 | epoch: 1 | total time: 8.24m
step 00945 (94.50%) | loss: 1.948616 | lrm: 0.18 | dt: 524.30ms | tok/sec: 15,624 | mfu: 5.05 | epoch: 1 | total time: 8.25m
step 00946 (94.60%) | loss: 1.821968 | lrm: 0.18 | dt: 519.94ms | tok/sec: 15,755 | mfu: 5.10 | epoch: 1 | total time: 8.26m
step 00947 (94.70%) | loss: 1.784690 | lrm: 0.18 | dt: 517.80ms | tok/sec: 15,820 | mfu: 5.12 | epoch: 1 | total time: 8.27m
step 00948 (94.80%) | loss: 1.822450 | lrm: 0.17 | dt: 513.16ms | tok/sec: 15,963 | mfu: 5.16 | epoch: 1 | total time: 8.27m
step 00949 (94.90%) | loss: 1.793206 | lrm: 0.17 | dt: 519.77ms | tok/sec: 15,760 | mfu: 5.10 | epoch: 1 | total time: 8.28m
step 00950 (95.00%) | loss: 1.749348 | lrm: 0.17 | dt: 527.01ms | tok/sec: 15,544 | mfu: 5.03 | epoch: 1 | total time: 8.29m
Step 00950 | Validation bpb: 0.6067
2026-03-28 20:55:24,536 - nanochat.checkpoint_manager - [32m[1mINFO[0m - Saved model parameters to: /home/sun0115/.cache/nanochat/chatsft_checkpoints/d24_r32_adamw_partial_lr005_1k_2026-03-28_2035_s1024_gc/best/model_000950.pt
2026-03-28 20:55:24,537 - nanochat.checkpoint_manager - [32m[1mINFO[0m - Saved metadata to: /home/sun0115/.cache/nanochat/chatsft_checkpoints/d24_r32_adamw_partial_lr005_1k_2026-03-28_2035_s1024_gc/best/meta_000950.json
Saved best checkpoint at step 950 (val_bpb=0.6067)
Rotated old best checkpoint: step 000925
step 00951 (95.10%) | loss: 1.701507 | lrm: 0.16 | dt: 591.51ms | tok/sec: 13,849 | mfu: 4.48 | epoch: 1 | total time: 8.30m
step 00952 (95.20%) | loss: 1.750214 | lrm: 0.16 | dt: 549.75ms | tok/sec: 14,901 | mfu: 4.82 | epoch: 1 | total time: 8.31m
step 00953 (95.30%) | loss: 1.730437 | lrm: 0.16 | dt: 546.63ms | tok/sec: 14,986 | mfu: 4.85 | epoch: 1 | total time: 8.32m
step 00954 (95.40%) | loss: 1.773129 | lrm: 0.15 | dt: 481.26ms | tok/sec: 17,022 | mfu: 5.51 | epoch: 1 | total time: 8.33m
step 00955 (95.50%) | loss: 1.799811 | lrm: 0.15 | dt: 542.18ms | tok/sec: 15,109 | mfu: 4.89 | epoch: 1 | total time: 8.34m
step 00956 (95.60%) | loss: 1.759451 | lrm: 0.15 | dt: 518.21ms | tok/sec: 15,808 | mfu: 5.11 | epoch: 1 | total time: 8.35m
step 00957 (95.70%) | loss: 1.751294 | lrm: 0.14 | dt: 514.21ms | tok/sec: 15,931 | mfu: 5.15 | epoch: 1 | total time: 8.35m
step 00958 (95.80%) | loss: 1.705455 | lrm: 0.14 | dt: 539.67ms | tok/sec: 15,179 | mfu: 4.91 | epoch: 1 | total time: 8.36m
step 00959 (95.90%) | loss: 1.751496 | lrm: 0.14 | dt: 558.20ms | tok/sec: 14,675 | mfu: 4.75 | epoch: 1 | total time: 8.37m
step 00960 (96.00%) | loss: 1.781543 | lrm: 0.13 | dt: 531.19ms | tok/sec: 15,422 | mfu: 4.99 | epoch: 1 | total time: 8.38m
step 00961 (96.10%) | loss: 1.802022 | lrm: 0.13 | dt: 332.68ms | tok/sec: 24,624 | mfu: 7.97 | epoch: 1 | total time: 8.39m
step 00962 (96.20%) | loss: 1.708681 | lrm: 0.13 | dt: 521.35ms | tok/sec: 15,712 | mfu: 5.08 | epoch: 1 | total time: 8.40m
step 00963 (96.30%) | loss: 1.718467 | lrm: 0.12 | dt: 514.14ms | tok/sec: 15,933 | mfu: 5.15 | epoch: 1 | total time: 8.40m
step 00964 (96.40%) | loss: 1.755604 | lrm: 0.12 | dt: 516.05ms | tok/sec: 15,874 | mfu: 5.14 | epoch: 1 | total time: 8.41m
step 00965 (96.50%) | loss: 1.755454 | lrm: 0.12 | dt: 521.88ms | tok/sec: 15,697 | mfu: 5.08 | epoch: 1 | total time: 8.42m
step 00966 (96.60%) | loss: 1.801484 | lrm: 0.11 | dt: 447.94ms | tok/sec: 18,288 | mfu: 5.92 | epoch: 1 | total time: 8.43m
step 00967 (96.70%) | loss: 1.798727 | lrm: 0.11 | dt: 512.81ms | tok/sec: 15,974 | mfu: 5.17 | epoch: 1 | total time: 8.44m
step 00968 (96.80%) | loss: 1.742886 | lrm: 0.11 | dt: 487.36ms | tok/sec: 16,809 | mfu: 5.44 | epoch: 1 | total time: 8.45m
step 00969 (96.90%) | loss: 1.686248 | lrm: 0.10 | dt: 542.06ms | tok/sec: 15,112 | mfu: 4.89 | epoch: 1 | total time: 8.45m
step 00970 (97.00%) | loss: 1.644614 | lrm: 0.10 | dt: 521.15ms | tok/sec: 15,719 | mfu: 5.08 | epoch: 1 | total time: 8.46m
step 00971 (97.10%) | loss: 1.654953 | lrm: 0.10 | dt: 543.64ms | tok/sec: 15,068 | mfu: 4.87 | epoch: 1 | total time: 8.47m
step 00972 (97.20%) | loss: 1.549504 | lrm: 0.09 | dt: 457.97ms | tok/sec: 17,887 | mfu: 5.79 | epoch: 1 | total time: 8.48m
step 00973 (97.30%) | loss: 1.523248 | lrm: 0.09 | dt: 532.97ms | tok/sec: 15,370 | mfu: 4.97 | epoch: 1 | total time: 8.49m
step 00974 (97.40%) | loss: 1.560870 | lrm: 0.09 | dt: 569.52ms | tok/sec: 14,383 | mfu: 4.65 | epoch: 1 | total time: 8.50m
step 00975 (97.50%) | loss: 1.625690 | lrm: 0.08 | dt: 557.79ms | tok/sec: 14,686 | mfu: 4.75 | epoch: 1 | total time: 8.51m
Step 00975 | Validation bpb: 0.6004
2026-03-28 20:55:57,705 - nanochat.checkpoint_manager - [32m[1mINFO[0m - Saved model parameters to: /home/sun0115/.cache/nanochat/chatsft_checkpoints/d24_r32_adamw_partial_lr005_1k_2026-03-28_2035_s1024_gc/best/model_000975.pt
2026-03-28 20:55:57,706 - nanochat.checkpoint_manager - [32m[1mINFO[0m - Saved metadata to: /home/sun0115/.cache/nanochat/chatsft_checkpoints/d24_r32_adamw_partial_lr005_1k_2026-03-28_2035_s1024_gc/best/meta_000975.json
Saved best checkpoint at step 975 (val_bpb=0.6004)
Rotated old best checkpoint: step 000950
step 00976 (97.60%) | loss: 1.656925 | lrm: 0.08 | dt: 666.88ms | tok/sec: 12,284 | mfu: 3.97 | epoch: 1 | total time: 8.52m
step 00977 (97.70%) | loss: 1.735626 | lrm: 0.08 | dt: 517.34ms | tok/sec: 15,834 | mfu: 5.12 | epoch: 1 | total time: 8.53m
step 00978 (97.80%) | loss: 1.732651 | lrm: 0.07 | dt: 456.71ms | tok/sec: 17,937 | mfu: 5.80 | epoch: 1 | total time: 8.54m
step 00979 (97.90%) | loss: 1.716053 | lrm: 0.07 | dt: 517.72ms | tok/sec: 15,823 | mfu: 5.12 | epoch: 1 | total time: 8.54m
step 00980 (98.00%) | loss: 1.721994 | lrm: 0.07 | dt: 518.35ms | tok/sec: 15,804 | mfu: 5.11 | epoch: 1 | total time: 8.55m
step 00981 (98.10%) | loss: 1.660238 | lrm: 0.06 | dt: 516.86ms | tok/sec: 15,849 | mfu: 5.13 | epoch: 1 | total time: 8.56m
step 00982 (98.20%) | loss: 1.584777 | lrm: 0.06 | dt: 517.36ms | tok/sec: 15,834 | mfu: 5.12 | epoch: 1 | total time: 8.57m
step 00983 (98.30%) | loss: 1.591015 | lrm: 0.06 | dt: 517.62ms | tok/sec: 15,826 | mfu: 5.12 | epoch: 1 | total time: 8.58m
step 00984 (98.40%) | loss: 1.672854 | lrm: 0.05 | dt: 520.33ms | tok/sec: 15,743 | mfu: 5.09 | epoch: 1 | total time: 8.59m
step 00985 (98.50%) | loss: 1.612580 | lrm: 0.05 | dt: 518.89ms | tok/sec: 15,787 | mfu: 5.11 | epoch: 1 | total time: 8.60m
step 00986 (98.60%) | loss: 1.618591 | lrm: 0.05 | dt: 458.35ms | tok/sec: 17,872 | mfu: 5.78 | epoch: 1 | total time: 8.60m
step 00987 (98.70%) | loss: 1.712359 | lrm: 0.04 | dt: 513.85ms | tok/sec: 15,942 | mfu: 5.16 | epoch: 1 | total time: 8.61m
step 00988 (98.80%) | loss: 1.628790 | lrm: 0.04 | dt: 514.19ms | tok/sec: 15,931 | mfu: 5.15 | epoch: 1 | total time: 8.62m
step 00989 (98.90%) | loss: 1.590692 | lrm: 0.04 | dt: 511.01ms | tok/sec: 16,030 | mfu: 5.19 | epoch: 1 | total time: 8.63m
step 00990 (99.00%) | loss: 1.560873 | lrm: 0.03 | dt: 509.54ms | tok/sec: 16,077 | mfu: 5.20 | epoch: 1 | total time: 8.64m
step 00991 (99.10%) | loss: 1.623879 | lrm: 0.03 | dt: 510.07ms | tok/sec: 16,060 | mfu: 5.20 | epoch: 1 | total time: 8.65m
step 00992 (99.20%) | loss: 1.695649 | lrm: 0.03 | dt: 509.41ms | tok/sec: 16,081 | mfu: 5.20 | epoch: 1 | total time: 8.65m
step 00993 (99.30%) | loss: 1.678528 | lrm: 0.02 | dt: 511.93ms | tok/sec: 16,002 | mfu: 5.18 | epoch: 1 | total time: 8.66m
step 00994 (99.40%) | loss: 1.597142 | lrm: 0.02 | dt: 512.17ms | tok/sec: 15,994 | mfu: 5.17 | epoch: 1 | total time: 8.67m
step 00995 (99.50%) | loss: 1.615070 | lrm: 0.02 | dt: 510.63ms | tok/sec: 16,042 | mfu: 5.19 | epoch: 1 | total time: 8.68m
step 00996 (99.60%) | loss: 1.616394 | lrm: 0.01 | dt: 510.87ms | tok/sec: 16,035 | mfu: 5.19 | epoch: 1 | total time: 8.69m
step 00997 (99.70%) | loss: 1.598713 | lrm: 0.01 | dt: 513.84ms | tok/sec: 15,942 | mfu: 5.16 | epoch: 1 | total time: 8.70m
step 00998 (99.80%) | loss: 1.534260 | lrm: 0.01 | dt: 611.51ms | tok/sec: 13,396 | mfu: 4.33 | epoch: 1 | total time: 8.71m
step 00999 (99.90%) | loss: 1.549864 | lrm: 0.00 | dt: 511.62ms | tok/sec: 16,011 | mfu: 5.18 | epoch: 1 | total time: 8.72m
step 01000 (100.00%) | loss: 1.619659 | lrm: 0.00 | dt: 511.17ms | tok/sec: 16,026 | mfu: 5.18 | epoch: 1 | total time: 8.72m
Step 01000 | Validation bpb: 0.5975
2026-03-28 20:56:30,795 - nanochat.checkpoint_manager - [32m[1mINFO[0m - Saved model parameters to: /home/sun0115/.cache/nanochat/chatsft_checkpoints/d24_r32_adamw_partial_lr005_1k_2026-03-28_2035_s1024_gc/best/model_001000.pt
2026-03-28 20:56:30,795 - nanochat.checkpoint_manager - [32m[1mINFO[0m - Saved metadata to: /home/sun0115/.cache/nanochat/chatsft_checkpoints/d24_r32_adamw_partial_lr005_1k_2026-03-28_2035_s1024_gc/best/meta_001000.json
Saved best checkpoint at step 1000 (val_bpb=0.5975)
Rotated old best checkpoint: step 000975
2026-03-28 20:56:33,022 - nanochat.checkpoint_manager - [32m[1mINFO[0m - Saved model parameters to: /home/sun0115/.cache/nanochat/chatsft_checkpoints/d24_r32_adamw_partial_lr005_1k_2026-03-28_2035_s1024_gc/model_001000.pt
2026-03-28 20:56:33,022 - nanochat.checkpoint_manager - [32m[1mINFO[0m - Saved metadata to: /home/sun0115/.cache/nanochat/chatsft_checkpoints/d24_r32_adamw_partial_lr005_1k_2026-03-28_2035_s1024_gc/meta_001000.json
Peak memory usage: 6089.04MiB
Total training time: 8.72m
Minimum validation bpb: 0.5975
wandb: updating run metadata
wandb: uploading output.log; uploading wandb-summary.json; uploading config.yaml
wandb: uploading history steps 140-140, summary, console lines 1100-1109
wandb: 
wandb: Run history:
wandb:                 step ▁▁▁▁▂▂▂▂▃▃▃▃▃▃▄▄▄▄▄▄▅▅▅▅▅▅▅▆▆▆▆▆▆▆▇▇▇▇▇█
wandb: total_training_flops ▁▁▁▁▁▂▂▂▂▂▂▂▃▃▃▃▄▄▄▄▅▅▅▅▅▅▆▆▆▆▆▇▇▇▇▇▇▇▇█
wandb:  total_training_time ▁▁▁▁▁▂▂▂▂▂▃▃▃▃▃▃▃▄▄▄▅▅▅▅▅▅▆▆▆▇▇▇▇▇██████
wandb:             train/dt ▅▆▆▅▅▅▁▇▆▁▅██▁▇▇▅▅▆▅▅█▆▂▅▆▆█▆▅▅▅▅▆▁▅▂▁▆▅
wandb:          train/epoch ▁▁▁▁▁▁▁▁▁▁▁▁▁▁▁▁▁▁▁▁▁▁▁▁▁▁▁▁▁▁▁▁▁▁▁▁▁▁▁▁
wandb:           train/loss ▆▆▇██▇██▇▇▅▇▆▆▅▆▅▄▅▅▄▅▄▃▃▄▅▃▃▄▄▃▃▃▄▃▃▃▁▁
wandb:            train/lrm ▂▆▆▇▇████████████████████████▇▇▇▆▆▅▄▃▂▂▁
wandb:            train/mfu ▆▆▆▆▆▅▆▆▆▆▅▆█▆▆▅▆▆▅▆▆▆▆██▆▆▅▅▁▆▆▆▆▆▆██▅▆
wandb:    train/tok_per_sec ▄▄▄▃▃▃█▄█▄▁▃▇▄▄▂▃▄▄▃▂██▄▃▃▂▂▂▂▃▁▃▇▃█▃█▁▂
wandb:              val/bpb ▄▃▅▆▅▅█▆▇▅▅█▅▆█▄▅▄▄▄▄▄▃▄▄▄▄▄▃▃▃▃▃▃▂▂▂▁▁▁
wandb: 
wandb: Run summary:
wandb:                 step 1000
wandb: total_training_flops 26208060309504000
wandb:  total_training_time 523.45958
wandb:             train/dt 0.51117
wandb:          train/epoch 1
wandb:           train/loss 1.61966
wandb:            train/lrm 0
wandb:            train/mfu 5.18411
wandb:    train/tok_per_sec 16026
wandb:              val/bpb 0.59746
wandb: 
wandb: 🚀 View run d24_r32_adamw_partial_lr005_1k_2026-03-28_2035_s1024_gc at: https://wandb.ai/sunshines-gmail-com/nanochat-sft/runs/hofhsrs3
wandb: ⭐️ View project at: https://wandb.ai/sunshines-gmail-com/nanochat-sft
wandb: Synced 5 W&B file(s), 0 media file(s), 0 artifact file(s) and 0 other file(s)
wandb: Find logs at: ./wandb/run-20260328_203503-hofhsrs3/logs
